YEAR,MONTH,DAY,Cloud Cover(fraction)
2006,01,01,0.906960119
2006,01,02,0.970702381
2006,01,03,0.983135119
2006,01,04,0.9790625
2006,01,05,0.985032738
2006,01,06,0.862248214
2006,01,07,0.996288095
2006,01,08,0.655002976
2006,01,09,0.84488631
2006,01,10,0.794844643
2006,01,11,0.876072024
2006,01,12,0.221686309
2006,01,13,0.761563095
2006,01,14,0.871448809
2006,01,15,0.461647024
2006,01,16,0.354214286
2006,01,17,0.849023809
2006,01,18,0.967676786
2006,01,19,0.5180125
2006,01,20,0.942796428
2006,01,21,0.726404167
2006,01,22,0.348367857
2006,01,23,0.553525
2006,01,24,0.597039881
2006,01,25,0.960797024
2006,01,26,0.499463095
2006,01,27,0.221792262
2006,01,28,0.599122024
2006,01,29,0.92371131
2006,01,30,0.705107738
2006,01,31,0.964726786
2006,02,01,0.698318452
2006,02,02,0.552019643
2006,02,03,0.9342125
2006,02,04,0.90434881
2006,02,05,0.990835714
2006,02,06,0.885532143
2006,02,07,0.974851786
2006,02,08,0.925990476
2006,02,09,0.781841072
2006,02,10,0.861220238
2006,02,11,0.866983333
2006,02,12,0.792502381
2006,02,13,0.945265476
2006,02,14,0.644271428
2006,02,15,0.455044643
2006,02,16,0.956322024
2006,02,17,0.833999405
2006,02,18,0.798928571
2006,02,19,0.635400595
2006,02,20,0.638794643
2006,02,21,0.679202976
2006,02,22,0.337436309
2006,02,23,0.562402976
2006,02,24,0.590831547
2006,02,25,0.7191
2006,02,26,0.667570238
2006,02,27,0.860070238
2006,02,28,0.620275
2006,03,01,0.457873809
2006,03,02,0.943518452
2006,03,03,0.633098214
2006,03,04,0.405060119
2006,03,05,0.284917857
2006,03,06,0.639595238
2006,03,07,0.114827976
2006,03,08,0.804869048
2006,03,09,0.900098214
2006,03,10,0.887732143
2006,03,11,0.456925595
2006,03,12,0.895717857
2006,03,13,0.80124881
2006,03,14,0.949305357
2006,03,15,0.560103571
2006,03,16,0.423602976
2006,03,17,0.369913691
2006,03,18,0.505432738
2006,03,19,0.644525
2006,03,20,0.531145833
2006,03,21,0.62018631
2006,03,22,0.959025595
2006,03,23,0.922122024
2006,03,24,0.686992262
2006,03,25,0.938604762
2006,03,26,0.559771429
2006,03,27,0.186455952
2006,03,28,0.785507143
2006,03,29,0.267554762
2006,03,30,0.169826786
2006,03,31,0.421870238
2006,04,01,0.972830952
2006,04,02,0.666053572
2006,04,03,0.768271429
2006,04,04,0.510339286
2006,04,05,0.8129375
2006,04,06,0.295364881
2006,04,07,0.935157738
2006,04,08,0.478066667
2006,04,09,0.279322024
2006,04,10,0.224492857
2006,04,11,0.313572619
2006,04,12,0.643924405
2006,04,13,0.355699405
2006,04,14,0.713979762
2006,04,15,0.300201191
2006,04,16,0.25785
2006,04,17,0.075174405
2006,04,18,0.018182143
2006,04,19,0.104943452
2006,04,20,0.239901786
2006,04,21,0.679102381
2006,04,22,0.693356548
2006,04,23,0.864340476
2006,04,24,0.738050595
2006,04,25,0.492194048
2006,04,26,0.013614286
2006,04,27,0.204788691
2006,04,28,0.025285714
2006,04,29,0.288817262
2006,04,30,0.413310119
2006,05,01,0.362814881
2006,05,02,0.468173809
2006,05,03,0.434947024
2006,05,04,0.392134524
2006,05,05,0.342620238
2006,05,06,0.508089286
2006,05,07,0.159147619
2006,05,08,0.0619875
2006,05,09,0.176514286
2006,05,10,0.477280952
2006,05,11,0.851836905
2006,05,12,0.947458929
2006,05,13,0.775165476
2006,05,14,0.7348125
2006,05,15,0.927740476
2006,05,16,0.951675595
2006,05,17,0.677991071
2006,05,18,0.847502381
2006,05,19,0.940332738
2006,05,20,0.478602976
2006,05,21,0.772980357
2006,05,22,0.570139286
2006,05,23,0.103997619
2006,05,24,0.23518631
2006,05,25,0.6700875
2006,05,26,0.8915625
2006,05,27,0.433435119
2006,05,28,0.213592857
2006,05,29,0.163396429
2006,05,30,0.278142262
2006,05,31,0.355760714
2006,06,01,0.732635714
2006,06,02,0.705870833
2006,06,03,0.651477381
2006,06,04,0.600813691
2006,06,05,0.218876786
2006,06,06,0.204869643
2006,06,07,0.29123869
2006,06,08,0.294705357
2006,06,09,0.627926786
2006,06,10,0.321973214
2006,06,11,0.219135714
2006,06,12,0.494995833
2006,06,13,0.374119048
2006,06,14,0.184947024
2006,06,15,0.067291667
2006,06,16,0.181148214
2006,06,17,0.224828571
2006,06,18,0.357103571
2006,06,19,0.648253571
2006,06,20,0.415345833
2006,06,21,0.489714286
2006,06,22,0.559038095
2006,06,23,0.570577976
2006,06,24,0.084954762
2006,06,25,0.330184524
2006,06,26,0.68541131
2006,06,27,0.663313691
2006,06,28,0.4101125
2006,06,29,0.384908333
2006,06,30,0.169408333
2006,07,01,0.261752976
2006,07,02,0.553451786
2006,07,03,0.420530357
2006,07,04,0.611629167
2006,07,05,0.374100595
2006,07,06,0.249519643
2006,07,07,0.14220119
2006,07,08,0.166130357
2006,07,09,0.394377381
2006,07,10,0.616597619
2006,07,11,0.525414286
2006,07,12,0.924682738
2006,07,13,0.377204167
2006,07,14,0.405208929
2006,07,15,0.439532143
2006,07,16,0.182113691
2006,07,17,0.166679762
2006,07,18,0.333892857
2006,07,19,0.201503572
2006,07,20,0.39915
2006,07,21,0.564470238
2006,07,22,0.757202976
2006,07,23,0.328694643
2006,07,24,0.234622024
2006,07,25,0.419542262
2006,07,26,0.403417262
2006,07,27,0.796236905
2006,07,28,0.563245238
2006,07,29,0.243394643
2006,07,30,0.382554167
2006,07,31,0.326983928
2006,08,01,0.100360119
2006,08,02,0.160644643
2006,08,03,0.614154167
2006,08,04,0.256346429
2006,08,05,0.146731548
2006,08,06,0.309972024
2006,08,07,0.487272619
2006,08,08,0.350026191
2006,08,09,0.179194643
2006,08,10,0.453905357
2006,08,11,0.206346429
2006,08,12,0.047523214
2006,08,13,0.136189286
2006,08,14,0.451027381
2006,08,15,0.177566071
2006,08,16,0.091924405
2006,08,17,0.334097619
2006,08,18,0.699092857
2006,08,19,0.810733928
2006,08,20,0.679000595
2006,08,21,0.261629167
2006,08,22,0.227123214
2006,08,23,0.468358333
2006,08,24,0.634354762
2006,08,25,0.636044048
2006,08,26,0.454110714
2006,08,27,0.797053571
2006,08,28,0.867679167
2006,08,29,0.870433929
2006,08,30,0.587779167
2006,08,31,0.239117857
2006,09,01,0.397498214
2006,09,02,0.864435119
2006,09,03,0.775761905
2006,09,04,0.428859524
2006,09,05,0.305042857
2006,09,06,0.479126191
2006,09,07,0.332046428
2006,09,08,0.159057143
2006,09,09,0.507847619
2006,09,10,0.579410119
2006,09,11,0.498057143
2006,09,12,0.901516071
2006,09,13,0.905864881
2006,09,14,0.839542262
2006,09,15,0.867060714
2006,09,16,0.463686905
2006,09,17,0.246551191
2006,09,18,0.640998214
2006,09,19,0.672389881
2006,09,20,0.771527381
2006,09,21,0.410394643
2006,09,22,0.579080952
2006,09,23,0.798116667
2006,09,24,0.776757143
2006,09,25,0.516306548
2006,09,26,0.268566071
2006,09,27,0.447795833
2006,09,28,0.854167857
2006,09,29,0.536235714
2006,09,30,0.863120238
2006,10,01,0.403082738
2006,10,02,0.393002381
2006,10,03,0.524758929
2006,10,04,0.679095833
2006,10,05,0.473702381
2006,10,06,0.202348214
2006,10,07,0.040359524
2006,10,08,0.068539286
2006,10,09,0.235301786
2006,10,10,0.592630952
2006,10,11,0.830139286
2006,10,12,0.641921429
2006,10,13,0.443840476
2006,10,14,0.569996429
2006,10,15,0.445560119
2006,10,16,0.652758929
2006,10,17,0.964642857
2006,10,18,0.954529167
2006,10,19,0.926811905
2006,10,20,0.93613631
2006,10,21,0.737263691
2006,10,22,0.944605357
2006,10,23,0.953992857
2006,10,24,0.863178571
2006,10,25,0.910091667
2006,10,26,0.6945125
2006,10,27,0.978602976
2006,10,28,0.956119643
2006,10,29,0.438796429
2006,10,30,0.168314881
2006,10,31,0.536191667
2006,11,01,0.46382619
2006,11,02,0.652879762
2006,11,03,0.798720238
2006,11,04,0.63312381
2006,11,05,0.813026786
2006,11,06,0.47910119
2006,11,07,0.923853571
2006,11,08,0.919322024
2006,11,09,0.301849405
2006,11,10,0.446288095
2006,11,11,0.881475595
2006,11,12,0.984107738
2006,11,13,0.986968452
2006,11,14,0.901991667
2006,11,15,0.69384881
2006,11,16,0.909220833
2006,11,17,0.99289881
2006,11,18,0.935191667
2006,11,19,0.972072619
2006,11,20,0.922563095
2006,11,21,0.528527381
2006,11,22,0.037136905
2006,11,23,0.249345238
2006,11,24,0.432220834
2006,11,25,0.2283125
2006,11,26,0.352098214
2006,11,27,0.436007143
2006,11,28,0.522664881
2006,11,29,0.782208929
2006,11,30,0.896757738
2006,12,01,0.962032143
2006,12,02,0.733430952
2006,12,03,0.624893452
2006,12,04,0.907522619
2006,12,05,0.756136309
2006,12,06,0.738010714
2006,12,07,0.923652381
2006,12,08,0.735970833
2006,12,09,0.415845833
2006,12,10,0.191040476
2006,12,11,0.894936905
2006,12,12,0.597519643
2006,12,13,0.529376786
2006,12,14,0.338064881
2006,12,15,0.605569643
2006,12,16,0.529120238
2006,12,17,0.909475
2006,12,18,0.751301786
2006,12,19,0.516525595
2006,12,20,0.227860119
2006,12,21,0.936380357
2006,12,22,0.932297619
2006,12,23,0.846955952
2006,12,24,0.698980952
2006,12,25,0.613926786
2006,12,26,0.984242857
2006,12,27,0.885848809
2006,12,28,0.758792262
2006,12,29,0.414906548
2006,12,30,0.632396429
2006,12,31,0.768345963
2007,01,01,0.838105208
2007,01,02,0.451608333
2007,01,03,0.170109375
2007,01,04,0.614441667
2007,01,05,0.991115625
2007,01,06,0.926316146
2007,01,07,0.645083854
2007,01,08,0.839767187
2007,01,09,0.824536458
2007,01,10,0.702808334
2007,01,11,0.581477604
2007,01,12,0.986430729
2007,01,13,0.997469271
2007,01,14,1
2007,01,15,0.99718125
2007,01,16,0.834011458
2007,01,17,0.478265104
2007,01,18,0.692215104
2007,01,19,0.954167188
2007,01,20,0.795643229
2007,01,21,0.721532292
2007,01,22,0.982450521
2007,01,23,0.993960937
2007,01,24,0.970344792
2007,01,25,0.810758854
2007,01,26,0.774616146
2007,01,27,0.901217708
2007,01,28,0.873764063
2007,01,29,0.843760937
2007,01,30,0.908334375
2007,01,31,0.643089583
2007,02,01,0.91544375
2007,02,02,0.861748438
2007,02,03,0.495116667
2007,02,04,0.617271875
2007,02,05,0.739053646
2007,02,06,0.602464063
2007,02,07,0.587501563
2007,02,08,0.400095833
2007,02,09,0.612496875
2007,02,10,0.735890625
2007,02,11,0.752997396
2007,02,12,0.897799479
2007,02,13,0.862315104
2007,02,14,0.795157292
2007,02,15,0.506815625
2007,02,16,0.361415625
2007,02,17,0.743094792
2007,02,18,0.633819271
2007,02,19,0.528157813
2007,02,20,0.625446354
2007,02,21,0.578784375
2007,02,22,0.817229167
2007,02,23,0.448469792
2007,02,24,0.298519792
2007,02,25,0.826261458
2007,02,26,0.962752083
2007,02,27,0.958403125
2007,02,28,0.781033854
2007,03,01,0.943109896
2007,03,02,0.824092709
2007,03,03,0.686302083
2007,03,04,0.91903125
2007,03,05,0.741205208
2007,03,06,0.616044792
2007,03,07,0.539613542
2007,03,08,0.268278125
2007,03,09,0.144801563
2007,03,10,0.568908333
2007,03,11,0.122517709
2007,03,12,0.56991875
2007,03,13,0.398206771
2007,03,14,0.767485937
2007,03,15,0.629975521
2007,03,16,0.739194271
2007,03,17,0.653396875
2007,03,18,0.206632813
2007,03,19,0.737939583
2007,03,20,0.247453646
2007,03,21,0.485843229
2007,03,22,0.679619792
2007,03,23,0.731027604
2007,03,24,0.828196354
2007,03,25,0.474705208
2007,03,26,0.480802604
2007,03,27,0.537077083
2007,03,28,0.584979688
2007,03,29,0.106943229
2007,03,30,0.244255208
2007,03,31,0.784756771
2007,04,01,0.674777083
2007,04,02,0.314605208
2007,04,03,0.463550521
2007,04,04,0.97389375
2007,04,05,0.963676042
2007,04,06,0.969300521
2007,04,07,0.946409375
2007,04,08,0.988888021
2007,04,09,0.81629375
2007,04,10,0.511239063
2007,04,11,0.638828646
2007,04,12,0.958683333
2007,04,13,0.599059375
2007,04,14,0.542594792
2007,04,15,0.762189063
2007,04,16,0.772330729
2007,04,17,0.750661458
2007,04,18,0.871954687
2007,04,19,0.224460417
2007,04,20,0.07818125
2007,04,21,0.088747917
2007,04,22,0.062884896
2007,04,23,0.443759375
2007,04,24,0.327807292
2007,04,25,0.807681771
2007,04,26,0.825538021
2007,04,27,0.899627604
2007,04,28,0.784284375
2007,04,29,0.181477604
2007,04,30,0.328434375
2007,05,01,0.785748438
2007,05,02,0.375624479
2007,05,03,0.139036979
2007,05,04,0.104305208
2007,05,05,0.230380729
2007,05,06,0.084394792
2007,05,07,0.124398959
2007,05,08,0.224252604
2007,05,09,0.489325
2007,05,10,0.547055729
2007,05,11,0.301309375
2007,05,12,0.306272917
2007,05,13,0.063684896
2007,05,14,0.389789583
2007,05,15,0.356963542
2007,05,16,0.923889063
2007,05,17,0.713793229
2007,05,18,0.100589583
2007,05,19,0.5098625
2007,05,20,0.790460417
2007,05,21,0.369978125
2007,05,22,0.197995313
2007,05,23,0.126597396
2007,05,24,0.121004167
2007,05,25,0.30903125
2007,05,26,0.666008854
2007,05,27,0.560752604
2007,05,28,0.113911459
2007,05,29,0.043977083
2007,05,30,0.1713875
2007,05,31,0.366771875
2007,06,01,0.416013021
2007,06,02,0.25481875
2007,06,03,0.633046875
2007,06,04,0.727802604
2007,06,05,0.696953646
2007,06,06,0.448286979
2007,06,07,0.306681771
2007,06,08,0.37428125
2007,06,09,0.044648437
2007,06,10,0.069435937
2007,06,11,0.077810417
2007,06,12,0.102725
2007,06,13,0.202270834
2007,06,14,0.231446354
2007,06,15,0.286704687
2007,06,16,0.253257813
2007,06,17,0.302673958
2007,06,18,0.207054167
2007,06,19,0.4808375
2007,06,20,0.133260938
2007,06,21,0.276820833
2007,06,22,0.1195875
2007,06,23,0.158751563
2007,06,24,0.202113542
2007,06,25,0.167248959
2007,06,26,0.151095312
2007,06,27,0.353759896
2007,06,28,0.59125625
2007,06,29,0.253422396
2007,06,30,0.174602083
2007,07,01,0.336525
2007,07,02,0.228366667
2007,07,03,0.406516667
2007,07,04,0.68583125
2007,07,05,0.328132813
2007,07,06,0.109140104
2007,07,07,0.3522625
2007,07,08,0.269615104
2007,07,09,0.296476563
2007,07,10,0.290577604
2007,07,11,0.418944792
2007,07,12,0.270290104
2007,07,13,0.250918229
2007,07,14,0.517751563
2007,07,15,0.426252604
2007,07,16,0.389551563
2007,07,17,0.691682813
2007,07,18,0.5849625
2007,07,19,0.681403125
2007,07,20,0.368342188
2007,07,21,0.175292188
2007,07,22,0.206302604
2007,07,23,0.43013125
2007,07,24,0.710345312
2007,07,25,0.616021354
2007,07,26,0.487325521
2007,07,27,0.540692708
2007,07,28,0.408
2007,07,29,0.250135417
2007,07,30,0.132783854
2007,07,31,0.099110417
2007,08,01,0.060749479
2007,08,02,0.174501563
2007,08,03,0.129583854
2007,08,04,0.155477083
2007,08,05,0.515417708
2007,08,06,0.564310417
2007,08,07,0.554530729
2007,08,08,0.404845313
2007,08,09,0.656984896
2007,08,10,0.46526875
2007,08,11,0.203460417
2007,08,12,0.307245312
2007,08,13,0.240883854
2007,08,14,0.250910938
2007,08,15,0.585739062
2007,08,16,0.479942188
2007,08,17,0.300459896
2007,08,18,0.398085417
2007,08,19,0.931530729
2007,08,20,0.956016146
2007,08,21,0.8958125
2007,08,22,0.654723958
2007,08,23,0.438755208
2007,08,24,0.407892709
2007,08,25,0.537416667
2007,08,26,0.280470312
2007,08,27,0.14034375
2007,08,28,0.098072396
2007,08,29,0.135956771
2007,08,30,0.486079688
2007,08,31,0.117214063
2007,09,01,0.097756771
2007,09,02,0.062790625
2007,09,03,0.155540104
2007,09,04,0.244590104
2007,09,05,0.130588542
2007,09,06,0.175021875
2007,09,07,0.409178646
2007,09,08,0.611258854
2007,09,09,0.87615
2007,09,10,0.604191667
2007,09,11,0.690808854
2007,09,12,0.542873959
2007,09,13,0.075717708
2007,09,14,0.3688875
2007,09,15,0.663621354
2007,09,16,0.460297396
2007,09,17,0.079733334
2007,09,18,0.105393229
2007,09,19,0.103121875
2007,09,20,0.203146354
2007,09,21,0.241691146
2007,09,22,0.183236458
2007,09,23,0.038236459
2007,09,24,0.024184896
2007,09,25,0.434185417
2007,09,26,0.765281771
2007,09,27,0.795253125
2007,09,28,0.432803125
2007,09,29,0.21290625
2007,09,30,0.287177604
2007,10,01,0.475657813
2007,10,02,0.706291667
2007,10,03,0.436041667
2007,10,04,0.197236979
2007,10,05,0.224922917
2007,10,06,0.21944375
2007,10,07,0.279072917
2007,10,08,0.183613021
2007,10,09,0.317568229
2007,10,10,0.712896354
2007,10,11,0.772151042
2007,10,12,0.774121875
2007,10,13,0.599776563
2007,10,14,0.395963021
2007,10,15,0.547894271
2007,10,16,0.612752604
2007,10,17,0.598629687
2007,10,18,0.446773958
2007,10,19,0.6468625
2007,10,20,0.43660625
2007,10,21,0.10749375
2007,10,22,0.339663021
2007,10,23,0.929785938
2007,10,24,0.677729167
2007,10,25,0.353101562
2007,10,26,0.785048958
2007,10,27,0.90044375
2007,10,28,0.341043229
2007,10,29,0.254003125
2007,10,30,0.048009375
2007,10,31,0.343921354
2007,11,01,0.461844271
2007,11,02,0.052172396
2007,11,03,0.281486458
2007,11,04,0.6272625
2007,11,05,0.600451042
2007,11,06,0.783694271
2007,11,07,0.936464583
2007,11,08,0.856954688
2007,11,09,0.862685938
2007,11,10,0.759429167
2007,11,11,0.8166875
2007,11,12,0.970576042
2007,11,13,0.320386979
2007,11,14,0.712928125
2007,11,15,0.917332292
2007,11,16,0.938970833
2007,11,17,0.895655729
2007,11,18,0.611885938
2007,11,19,0.708873958
2007,11,20,0.955960417
2007,11,21,0.929313021
2007,11,22,0.932879167
2007,11,23,0.593135938
2007,11,24,0.578655729
2007,11,25,0.337616146
2007,11,26,0.978269792
2007,11,27,0.814547396
2007,11,28,0.541438021
2007,11,29,0.710116667
2007,11,30,0.580877083
2007,12,01,0.69920625
2007,12,02,0.977466667
2007,12,03,0.960998438
2007,12,04,0.92838125
2007,12,05,0.835503646
2007,12,06,0.589319792
2007,12,07,0.918252083
2007,12,08,0.780946875
2007,12,09,0.991699479
2007,12,10,0.964809896
2007,12,11,0.945476042
2007,12,12,0.614333854
2007,12,13,0.890391667
2007,12,14,0.942457292
2007,12,15,0.72809375
2007,12,16,0.960451563
2007,12,17,0.813393229
2007,12,18,0.395886458
2007,12,19,0.958284896
2007,12,20,0.694224479
2007,12,21,0.481798958
2007,12,22,0.736076042
2007,12,23,0.819382292
2007,12,24,0.985828646
2007,12,25,0.783255208
2007,12,26,0.426113021
2007,12,27,0.947423958
2007,12,28,0.7639625
2007,12,29,0.973435417
2007,12,30,0.908122396
2007,12,31,0.798982609
2008,01,01,0.970573438
2008,01,02,0.697089063
2008,01,03,0.598078646
2008,01,04,0.529844792
2008,01,05,0.846047917
2008,01,06,0.991614583
2008,01,07,0.869926563
2008,01,08,0.870975521
2008,01,09,0.563072917
2008,01,10,0.501935417
2008,01,11,0.941110417
2008,01,12,0.714564583
2008,01,13,0.662461458
2008,01,14,0.995190104
2008,01,15,0.960079167
2008,01,16,0.637407812
2008,01,17,0.874949479
2008,01,18,0.487210938
2008,01,19,0.859075521
2008,01,20,0.828930208
2008,01,21,0.625288542
2008,01,22,0.874483333
2008,01,23,0.735957292
2008,01,24,0.797900521
2008,01,25,0.322640104
2008,01,26,0.974864063
2008,01,27,0.977164063
2008,01,28,0.463957812
2008,01,29,0.938830208
2008,01,30,0.595608333
2008,01,31,0.549972917
2008,02,01,0.956939062
2008,02,02,0.949965625
2008,02,03,0.915729167
2008,02,04,0.955157292
2008,02,05,0.972626042
2008,02,06,0.999013542
2008,02,07,0.979690104
2008,02,08,0.969096354
2008,02,09,0.872280729
2008,02,10,0.796911979
2008,02,11,0.643669271
2008,02,12,0.886010938
2008,02,13,0.7295375
2008,02,14,0.444145833
2008,02,15,0.810010937
2008,02,16,0.303700521
2008,02,17,0.639916667
2008,02,18,0.916857813
2008,02,19,0.902868229
2008,02,20,0.660122396
2008,02,21,0.38538125
2008,02,22,0.822601563
2008,02,23,0.395665104
2008,02,24,0.109193229
2008,02,25,0.612465625
2008,02,26,0.995229688
2008,02,27,0.837023958
2008,02,28,0.591123958
2008,02,29,0.755874479
2008,03,01,0.6037375
2008,03,02,0.715147917
2008,03,03,0.682652084
2008,03,04,0.959677604
2008,03,05,0.861940625
2008,03,06,0.783121354
2008,03,07,0.931977604
2008,03,08,0.964753125
2008,03,09,0.472139583
2008,03,10,0.709841667
2008,03,11,0.523855729
2008,03,12,0.658557292
2008,03,13,0.461138021
2008,03,14,0.728726042
2008,03,15,0.662879688
2008,03,16,0.658932813
2008,03,17,0.322548959
2008,03,18,0.946276563
2008,03,19,0.962408854
2008,03,20,0.565241146
2008,03,21,0.653444792
2008,03,22,0.570335417
2008,03,23,0.389294792
2008,03,24,0.478923437
2008,03,25,0.539002083
2008,03,26,0.600791146
2008,03,27,0.80694375
2008,03,28,0.652320313
2008,03,29,0.116010417
2008,03,30,0.533099479
2008,03,31,0.883351562
2008,04,01,0.846
2008,04,02,0.368227604
2008,04,03,0.367403125
2008,04,04,0.980815625
2008,04,05,0.342580208
2008,04,06,0.128715625
2008,04,07,0.33245
2008,04,08,0.293976042
2008,04,09,0.414200521
2008,04,10,0.444738542
2008,04,11,0.689064063
2008,04,12,0.917819271
2008,04,13,0.779246875
2008,04,14,0.2704875
2008,04,15,0.053360938
2008,04,16,0.196197396
2008,04,17,0.232751042
2008,04,18,0.156175
2008,04,19,0.387748437
2008,04,20,0.622071875
2008,04,21,0.408048438
2008,04,22,0.290418229
2008,04,23,0.384716146
2008,04,24,0.251272396
2008,04,25,0.460079687
2008,04,26,0.400709375
2008,04,27,0.246534375
2008,04,28,0.909193229
2008,04,29,0.504543229
2008,04,30,0.297628646
2008,05,01,0.624154167
2008,05,02,0.869992187
2008,05,03,0.738474479
2008,05,04,0.380379688
2008,05,05,0.235166146
2008,05,06,0.154240625
2008,05,07,0.609698438
2008,05,08,0.807576042
2008,05,09,0.659695313
2008,05,10,0.382165625
2008,05,11,0.617807292
2008,05,12,0.802633334
2008,05,13,0.197983333
2008,05,14,0.638220313
2008,05,15,0.502634375
2008,05,16,0.491073958
2008,05,17,0.656866667
2008,05,18,0.734694792
2008,05,19,0.551045833
2008,05,20,0.481319792
2008,05,21,0.818340104
2008,05,22,0.744075
2008,05,23,0.294460417
2008,05,24,0.099564063
2008,05,25,0.221399479
2008,05,26,0.383905729
2008,05,27,0.570454167
2008,05,28,0.080329167
2008,05,29,0.185910937
2008,05,30,0.529075521
2008,05,31,0.585184375
2008,06,01,0.293240104
2008,06,02,0.174411458
2008,06,03,0.810471875
2008,06,04,0.804135937
2008,06,05,0.611634896
2008,06,06,0.282802083
2008,06,07,0.456478125
2008,06,08,0.419179167
2008,06,09,0.326986458
2008,06,10,0.428957292
2008,06,11,0.13304375
2008,06,12,0.269274479
2008,06,13,0.437552604
2008,06,14,0.444084375
2008,06,15,0.321872396
2008,06,16,0.406467188
2008,06,17,0.796251562
2008,06,18,0.822986979
2008,06,19,0.77268125
2008,06,20,0.315167708
2008,06,21,0.447207292
2008,06,22,0.431751042
2008,06,23,0.354361979
2008,06,24,0.292094792
2008,06,25,0.437331771
2008,06,26,0.598542187
2008,06,27,0.429838021
2008,06,28,0.597140104
2008,06,29,0.482794271
2008,06,30,0.726294271
2008,07,01,0.300146875
2008,07,02,0.354414583
2008,07,03,0.668636458
2008,07,04,0.243567708
2008,07,05,0.121666146
2008,07,06,0.089177604
2008,07,07,0.222521875
2008,07,08,0.455422917
2008,07,09,0.518085417
2008,07,10,0.253589583
2008,07,11,0.420215104
2008,07,12,0.453002084
2008,07,13,0.432185938
2008,07,14,0.192780729
2008,07,15,0.0720125
2008,07,16,0.225798437
2008,07,17,0.282273437
2008,07,18,0.305590625
2008,07,19,0.481416146
2008,07,20,0.580714584
2008,07,21,0.453538542
2008,07,22,0.424942708
2008,07,23,0.608866667
2008,07,24,0.234957813
2008,07,25,0.252191667
2008,07,26,0.406376563
2008,07,27,0.140247917
2008,07,28,0.216758854
2008,07,29,0.216817188
2008,07,30,0.442336458
2008,07,31,0.263396875
2008,08,01,0.308299479
2008,08,02,0.410025521
2008,08,03,0.190352083
2008,08,04,0.36156875
2008,08,05,0.499584896
2008,08,06,0.370253125
2008,08,07,0.507960417
2008,08,08,0.395267708
2008,08,09,0.394147917
2008,08,10,0.655417187
2008,08,11,0.435811979
2008,08,12,0.301491667
2008,08,13,0.429372917
2008,08,14,0.314391146
2008,08,15,0.222893229
2008,08,16,0.220940625
2008,08,17,0.307860937
2008,08,18,0.284645312
2008,08,19,0.377155729
2008,08,20,0.084004687
2008,08,21,0.253173958
2008,08,22,0.348825
2008,08,23,0.267846354
2008,08,24,0.386974479
2008,08,25,0.410567708
2008,08,26,0.076676563
2008,08,27,0.450381771
2008,08,28,0.95111875
2008,08,29,0.610428646
2008,08,30,0.270073958
2008,08,31,0.059759896
2008,09,01,0.105398438
2008,09,02,0.137796354
2008,09,03,0.165979167
2008,09,04,0.435605209
2008,09,05,0.710060417
2008,09,06,0.643285937
2008,09,07,0.413792708
2008,09,08,0.357247917
2008,09,09,0.674589063
2008,09,10,0.19175
2008,09,11,0.227845312
2008,09,12,0.853946354
2008,09,13,0.793825521
2008,09,14,0.600551563
2008,09,15,0.825515104
2008,09,16,0.452321875
2008,09,17,0.137566146
2008,09,18,0.204396875
2008,09,19,0.225273438
2008,09,20,0.296349479
2008,09,21,0.234177083
2008,09,22,0.101934375
2008,09,23,0.052307813
2008,09,24,0.026759375
2008,09,25,0.093747396
2008,09,26,0.392836979
2008,09,27,0.853821875
2008,09,28,0.725980208
2008,09,29,0.775390625
2008,09,30,0.872670833
2008,10,01,0.817003125
2008,10,02,0.853817708
2008,10,03,0.490841146
2008,10,04,0.256729688
2008,10,05,0.322640625
2008,10,06,0.422607813
2008,10,07,0.267207292
2008,10,08,0.773460417
2008,10,09,0.231545313
2008,10,10,0.002177604
2008,10,11,0.119998437
2008,10,12,0.117356771
2008,10,13,0.280930209
2008,10,14,0.551136458
2008,10,15,0.708939583
2008,10,16,0.880901563
2008,10,17,0.638917188
2008,10,18,0.456957812
2008,10,19,0.128796875
2008,10,20,0.457548438
2008,10,21,0.790861979
2008,10,22,0.460011979
2008,10,23,0.1428125
2008,10,24,0.492521875
2008,10,25,0.784142708
2008,10,26,0.461822396
2008,10,27,0.74764375
2008,10,28,0.855825
2008,10,29,0.872114063
2008,10,30,0.214872917
2008,10,31,0.056027083
2008,11,01,0.482073959
2008,11,02,0.358873959
2008,11,03,0.656647396
2008,11,04,0.166194792
2008,11,05,0.021966146
2008,11,06,0.083364583
2008,11,07,0.568984896
2008,11,08,0.784810417
2008,11,09,0.954142187
2008,11,10,0.948590104
2008,11,11,0.825374479
2008,11,12,0.78695625
2008,11,13,0.778188021
2008,11,14,0.615379688
2008,11,15,0.986375
2008,11,16,0.955391667
2008,11,17,0.875309375
2008,11,18,0.718501563
2008,11,19,0.877285938
2008,11,20,0.949923958
2008,11,21,0.806590625
2008,11,22,0.819867188
2008,11,23,0.396560417
2008,11,24,0.744133854
2008,11,25,0.994119271
2008,11,26,0.983901563
2008,11,27,0.664693229
2008,11,28,0.883339062
2008,11,29,0.388003125
2008,11,30,0.794773958
2008,12,01,0.988072396
2008,12,02,0.911129688
2008,12,03,0.65076875
2008,12,04,0.957273438
2008,12,05,0.718673437
2008,12,06,0.765659896
2008,12,07,0.837640625
2008,12,08,0.941672396
2008,12,09,0.972021875
2008,12,10,0.88136875
2008,12,11,0.481121355
2008,12,12,0.944802083
2008,12,13,0.677975
2008,12,14,0.886649479
2008,12,15,0.908946354
2008,12,16,0.927023958
2008,12,17,0.993458333
2008,12,18,0.957685938
2008,12,19,0.975032813
2008,12,20,0.861311458
2008,12,21,0.861973958
2008,12,22,0.840558854
2008,12,23,0.781414063
2008,12,24,0.952459896
2008,12,25,0.830876562
2008,12,26,0.768831771
2008,12,27,0.862975
2008,12,28,0.733626042
2008,12,29,0.443108333
2008,12,30,0.596327083
2008,12,31,0.868228261
2009,01,01,0.753781771
2009,01,02,0.681063542
2009,01,03,0.470435417
2009,01,04,0.790928125
2009,01,05,0.430834896
2009,01,06,0.547335417
2009,01,07,0.997708334
2009,01,08,0.860858854
2009,01,09,0.874007812
2009,01,10,0.948896354
2009,01,11,0.848210937
2009,01,12,0.86429375
2009,01,13,0.902780208
2009,01,14,0.810474479
2009,01,15,0.625175521
2009,01,16,0.314066146
2009,01,17,0.595746875
2009,01,18,0.966563021
2009,01,19,0.892707292
2009,01,20,0.729633854
2009,01,21,0.4921875
2009,01,22,0.710609375
2009,01,23,0.509222396
2009,01,24,0.717899479
2009,01,25,0.488840104
2009,01,26,0.677877604
2009,01,27,0.683477083
2009,01,28,0.865152083
2009,01,29,0.880522917
2009,01,30,0.911773437
2009,01,31,0.756707813
2009,02,01,0.423354688
2009,02,02,0.394389063
2009,02,03,0.870447396
2009,02,04,0.797465625
2009,02,05,0.47005625
2009,02,06,0.304605729
2009,02,07,0.727581771
2009,02,08,0.500128125
2009,02,09,0.2805875
2009,02,10,0.5513125
2009,02,11,0.850084896
2009,02,12,0.968938021
2009,02,13,0.921420833
2009,02,14,0.893078125
2009,02,15,0.784752083
2009,02,16,0.551139063
2009,02,17,0.393792708
2009,02,18,0.983941146
2009,02,19,0.946068229
2009,02,20,0.799660417
2009,02,21,0.659201563
2009,02,22,0.903797917
2009,02,23,0.540691667
2009,02,24,0.340607812
2009,02,25,0.573946354
2009,02,26,0.853585417
2009,02,27,0.927074479
2009,02,28,0.605153125
2009,03,01,0.546392188
2009,03,02,0.549676042
2009,03,03,0.295286459
2009,03,04,0.072986979
2009,03,05,0.446058333
2009,03,06,0.787772917
2009,03,07,0.825872917
2009,03,08,0.939358854
2009,03,09,0.794994271
2009,03,10,0.766854688
2009,03,11,0.622681771
2009,03,12,0.729152604
2009,03,13,0.149994271
2009,03,14,0.119241146
2009,03,15,0.049502083
2009,03,16,0.285078125
2009,03,17,0.195309896
2009,03,18,0.630647396
2009,03,19,0.468202604
2009,03,20,0.309004167
2009,03,21,0.419165625
2009,03,22,0.554580208
2009,03,23,0.161694792
2009,03,24,0.284409375
2009,03,25,0.705427604
2009,03,26,0.640044792
2009,03,27,0.221813021
2009,03,28,0.401642188
2009,03,29,0.859104167
2009,03,30,0.736577083
2009,03,31,0.353181771
2009,04,01,0.514844792
2009,04,02,0.38978125
2009,04,03,0.909626562
2009,04,04,0.466203646
2009,04,05,0.355614583
2009,04,06,0.996189063
2009,04,07,0.954117708
2009,04,08,0.495510937
2009,04,09,0.172868229
2009,04,10,0.536359896
2009,04,11,0.163544792
2009,04,12,0.069159896
2009,04,13,0.4829125
2009,04,14,0.912199479
2009,04,15,0.716502604
2009,04,16,0.00954375
2009,04,17,0.049061979
2009,04,18,0.226638021
2009,04,19,0.651648438
2009,04,20,0.919546354
2009,04,21,0.672168229
2009,04,22,0.778804167
2009,04,23,0.378217188
2009,04,24,0.328391667
2009,04,25,0.333525
2009,04,26,0.399783333
2009,04,27,0.243836979
2009,04,28,0.668372396
2009,04,29,0.376067187
2009,04,30,0.712214583
2009,05,01,0.741522917
2009,05,02,0.394863542
2009,05,03,0.286315625
2009,05,04,0.324217708
2009,05,05,0.531594271
2009,05,06,0.54823125
2009,05,07,0.672244271
2009,05,08,0.572682813
2009,05,09,0.691884896
2009,05,10,0.659340625
2009,05,11,0.401136979
2009,05,12,0.0388625
2009,05,13,0.561579167
2009,05,14,0.471856771
2009,05,15,0.251648958
2009,05,16,0.652741146
2009,05,17,0.241161458
2009,05,18,0.036738542
2009,05,19,0.272886459
2009,05,20,0.054558333
2009,05,21,0.055822917
2009,05,22,0.341117708
2009,05,23,0.256501563
2009,05,24,0.360972917
2009,05,25,0.312988021
2009,05,26,0.64131875
2009,05,27,0.615234896
2009,05,28,0.809394271
2009,05,29,0.612589063
2009,05,30,0.387283333
2009,05,31,0.325845833
2009,06,01,0.541510938
2009,06,02,0.692127083
2009,06,03,0.474917188
2009,06,04,0.250623959
2009,06,05,0.124700521
2009,06,06,0.27523125
2009,06,07,0.640698438
2009,06,08,0.510516146
2009,06,09,0.430779167
2009,06,10,0.431280729
2009,06,11,0.749185938
2009,06,12,0.436440625
2009,06,13,0.331214583
2009,06,14,0.1778125
2009,06,15,0.191229167
2009,06,16,0.285446354
2009,06,17,0.788343229
2009,06,18,0.854741667
2009,06,19,0.501194271
2009,06,20,0.7126375
2009,06,21,0.534632813
2009,06,22,0.358995833
2009,06,23,0.247282813
2009,06,24,0.18870625
2009,06,25,0.329581771
2009,06,26,0.275786458
2009,06,27,0.223174479
2009,06,28,0.514083333
2009,06,29,0.454867708
2009,06,30,0.849589063
2009,07,01,0.858453646
2009,07,02,0.900377083
2009,07,03,0.886655729
2009,07,04,0.3752625
2009,07,05,0.243496354
2009,07,06,0.302815625
2009,07,07,0.356111459
2009,07,08,0.364952604
2009,07,09,0.153647916
2009,07,10,0.337726042
2009,07,11,0.473719792
2009,07,12,0.193494792
2009,07,13,0.175277604
2009,07,14,0.189592708
2009,07,15,0.36014375
2009,07,16,0.281095313
2009,07,17,0.672363542
2009,07,18,0.693599479
2009,07,19,0.509177604
2009,07,20,0.284257813
2009,07,21,0.544229688
2009,07,22,0.575107292
2009,07,23,0.822038542
2009,07,24,0.417948438
2009,07,25,0.518702604
2009,07,26,0.502061458
2009,07,27,0.318672396
2009,07,28,0.372758854
2009,07,29,0.588326042
2009,07,30,0.519004688
2009,07,31,0.455007292
2009,08,01,0.366639063
2009,08,02,0.56320625
2009,08,03,0.278019271
2009,08,04,0.494986979
2009,08,05,0.315745833
2009,08,06,0.347579688
2009,08,07,0.404904687
2009,08,08,0.732408854
2009,08,09,0.570788542
2009,08,10,0.451980208
2009,08,11,0.4482375
2009,08,12,0.391935417
2009,08,13,0.212864062
2009,08,14,0.151534896
2009,08,15,0.148346875
2009,08,16,0.216053646
2009,08,17,0.277796875
2009,08,18,0.489139583
2009,08,19,0.479263021
2009,08,20,0.525038021
2009,08,21,0.441854167
2009,08,22,0.665511458
2009,08,23,0.764890104
2009,08,24,0.453638021
2009,08,25,0.189594271
2009,08,26,0.59285
2009,08,27,0.677279167
2009,08,28,0.721361979
2009,08,29,0.741520312
2009,08,30,0.726492708
2009,08,31,0.228460417
2009,09,01,0.152145833
2009,09,02,0.054971875
2009,09,03,0.130466146
2009,09,04,0.144188542
2009,09,05,0.132841146
2009,09,06,0.328525521
2009,09,07,0.607535938
2009,09,08,0.756203646
2009,09,09,0.485720833
2009,09,10,0.389171354
2009,09,11,0.389427083
2009,09,12,0.434557813
2009,09,13,0.287236458
2009,09,14,0.412196875
2009,09,15,0.456058333
2009,09,16,0.220954688
2009,09,17,0.216295833
2009,09,18,0.288248958
2009,09,19,0.109529167
2009,09,20,0.314415104
2009,09,21,0.765353646
2009,09,22,0.739617188
2009,09,23,0.581284896
2009,09,24,0.586979688
2009,09,25,0.283844792
2009,09,26,0.877592709
2009,09,27,0.629992187
2009,09,28,0.794554167
2009,09,29,0.979075
2009,09,30,0.846624479
2009,10,01,0.482359896
2009,10,02,0.789574479
2009,10,03,0.760038542
2009,10,04,0.885126563
2009,10,05,0.672055208
2009,10,06,0.569025
2009,10,07,0.824706771
2009,10,08,0.496332813
2009,10,09,0.992075
2009,10,10,0.661680729
2009,10,11,0.563360938
2009,10,12,0.761306771
2009,10,13,0.835468229
2009,10,14,0.679419271
2009,10,15,0.9567625
2009,10,16,0.912320313
2009,10,17,0.754150521
2009,10,18,0.344033854
2009,10,19,0.297132292
2009,10,20,0.439834375
2009,10,21,0.584822917
2009,10,22,0.516244271
2009,10,23,0.877235938
2009,10,24,0.911382813
2009,10,25,0.41515625
2009,10,26,0.249952083
2009,10,27,0.483929688
2009,10,28,0.907441667
2009,10,29,0.776559375
2009,10,30,0.505179167
2009,10,31,0.882794792
2009,11,01,0.735380729
2009,11,02,0.449131771
2009,11,03,0.663232812
2009,11,04,0.747386458
2009,11,05,0.788508854
2009,11,06,0.368440104
2009,11,07,0.228705729
2009,11,08,0.084105208
2009,11,09,0.403991667
2009,11,10,0.568310417
2009,11,11,0.08369375
2009,11,12,0.074343229
2009,11,13,0.213142708
2009,11,14,0.130908333
2009,11,15,0.692796354
2009,11,16,0.814985938
2009,11,17,0.331064063
2009,11,18,0.454036458
2009,11,19,0.952283854
2009,11,20,0.924957812
2009,11,21,0.887899479
2009,11,22,0.431164583
2009,11,23,0.501348437
2009,11,24,0.954095834
2009,11,25,0.929431771
2009,11,26,0.866694792
2009,11,27,0.90816875
2009,11,28,0.532183854
2009,11,29,0.489747917
2009,11,30,0.890021875
2009,12,01,0.551682812
2009,12,02,0.498623437
2009,12,03,0.958257813
2009,12,04,0.458697917
2009,12,05,0.623331771
2009,12,06,0.567976042
2009,12,07,0.725059375
2009,12,08,0.805739063
2009,12,09,0.947940104
2009,12,10,0.881894792
2009,12,11,0.682767188
2009,12,12,0.214822917
2009,12,13,0.929729688
2009,12,14,0.929505729
2009,12,15,0.961803646
2009,12,16,0.876246354
2009,12,17,0.764748959
2009,12,18,0.894680208
2009,12,19,0.978048437
2009,12,20,0.898005208
2009,12,21,0.988472917
2009,12,22,0.7943125
2009,12,23,0.78288125
2009,12,24,0.573231771
2009,12,25,0.734661979
2009,12,26,0.689548438
2009,12,27,0.887966667
2009,12,28,0.964333854
2009,12,29,0.854461979
2009,12,30,0.603783854
2009,12,31,0.999252174
2010,01,01,0.982739583
2010,01,02,0.814253646
2010,01,03,0.920329167
2010,01,04,0.970760417
2010,01,05,0.996452084
2010,01,06,0.992890625
2010,01,07,0.983400521
2010,01,08,0.948542708
2010,01,09,0.549796354
2010,01,10,0.497890104
2010,01,11,0.781948958
2010,01,12,0.858641146
2010,01,13,0.482358854
2010,01,14,0.354492708
2010,01,15,0.998358854
2010,01,16,0.96105625
2010,01,17,0.942783854
2010,01,18,0.978444271
2010,01,19,0.965664063
2010,01,20,0.656397396
2010,01,21,0.278814583
2010,01,22,0.833991146
2010,01,23,0.590786979
2010,01,24,0.726863021
2010,01,25,0.991936979
2010,01,26,0.97050625
2010,01,27,0.806496354
2010,01,28,0.830138542
2010,01,29,0.674899479
2010,01,30,0.477148958
2010,01,31,0.541872396
2010,02,01,0.472627604
2010,02,02,0.838922917
2010,02,03,0.891629167
2010,02,04,0.397517708
2010,02,05,0.584426042
2010,02,06,0.770413021
2010,02,07,0.516610937
2010,02,08,0.246698958
2010,02,09,0.871463021
2010,02,10,0.954613021
2010,02,11,0.8751
2010,02,12,0.886952083
2010,02,13,0.95334375
2010,02,14,0.96566875
2010,02,15,0.635932292
2010,02,16,0.964091146
2010,02,17,0.971469792
2010,02,18,0.849561979
2010,02,19,0.361903646
2010,02,20,0.29163125
2010,02,21,0.525925521
2010,02,22,0.957210417
2010,02,23,0.946730729
2010,02,24,0.744878125
2010,02,25,0.953627083
2010,02,26,0.984754688
2010,02,27,0.972177604
2010,02,28,0.941445313
2010,03,01,0.883839583
2010,03,02,0.825455729
2010,03,03,0.586923959
2010,03,04,0.110304688
2010,03,05,0.048304167
2010,03,06,0.108673958
2010,03,07,0.101544271
2010,03,08,0.006691667
2010,03,09,0.22385
2010,03,10,0.688368229
2010,03,11,0.374573437
2010,03,12,0.816007812
2010,03,13,0.942407292
2010,03,14,0.994751563
2010,03,15,0.847275
2010,03,16,0.132619271
2010,03,17,0.051939583
2010,03,18,0.184353125
2010,03,19,0.297592188
2010,03,20,0.537069792
2010,03,21,0.650439583
2010,03,22,0.943611979
2010,03,23,0.798729167
2010,03,24,0.219214062
2010,03,25,0.823853646
2010,03,26,0.143451042
2010,03,27,0.290960417
2010,03,28,0.752518229
2010,03,29,0.755061458
2010,03,30,0.411273438
2010,03,31,0.21655
2010,04,01,0.299538021
2010,04,02,0.355280729
2010,04,03,0.429274479
2010,04,04,0.276673438
2010,04,05,0.362526563
2010,04,06,0.557997396
2010,04,07,0.711984375
2010,04,08,0.909928646
2010,04,09,0.919652083
2010,04,10,0.244545313
2010,04,11,0.379586458
2010,04,12,0.322232292
2010,04,13,0.615905729
2010,04,14,0.264728646
2010,04,15,0.289052604
2010,04,16,0.679484375
2010,04,17,0.900722396
2010,04,18,0.789264062
2010,04,19,0.055770312
2010,04,20,0.297823438
2010,04,21,0.203647396
2010,04,22,0.2787625
2010,04,23,0.244601042
2010,04,24,0.684888021
2010,04,25,0.947833854
2010,04,26,0.716080729
2010,04,27,0.138915104
2010,04,28,0.246000521
2010,04,29,0.261769792
2010,04,30,0.261894271
2010,05,01,0.552551563
2010,05,02,0.556960417
2010,05,03,0.549559375
2010,05,04,0.285768229
2010,05,05,0.369061979
2010,05,06,0.3226
2010,05,07,0.559863542
2010,05,08,0.900565625
2010,05,09,0.543014584
2010,05,10,0.1493375
2010,05,11,0.763203646
2010,05,12,0.893197917
2010,05,13,0.616459896
2010,05,14,0.498453646
2010,05,15,0.280397396
2010,05,16,0.286298958
2010,05,17,0.611459896
2010,05,18,0.906632813
2010,05,19,0.271190625
2010,05,20,0.166110417
2010,05,21,0.494713021
2010,05,22,0.785657292
2010,05,23,0.340565625
2010,05,24,0.102400521
2010,05,25,0.193148958
2010,05,26,0.192272917
2010,05,27,0.212298437
2010,05,28,0.238461458
2010,05,29,0.184555729
2010,05,30,0.052578125
2010,05,31,0.407844792
2010,06,01,0.493560417
2010,06,02,0.421917708
2010,06,03,0.574229167
2010,06,04,0.577401042
2010,06,05,0.635186458
2010,06,06,0.863910417
2010,06,07,0.348713021
2010,06,08,0.365395833
2010,06,09,0.756579167
2010,06,10,0.3179625
2010,06,11,0.440161979
2010,06,12,0.513620833
2010,06,13,0.829296875
2010,06,14,0.792818229
2010,06,15,0.6963625
2010,06,16,0.614613542
2010,06,17,0.516555729
2010,06,18,0.130947396
2010,06,19,0.325996354
2010,06,20,0.258379687
2010,06,21,0.305833854
2010,06,22,0.386819792
2010,06,23,0.406480208
2010,06,24,0.500241667
2010,06,25,0.252923958
2010,06,26,0.435826042
2010,06,27,0.572709896
2010,06,28,0.529322396
2010,06,29,0.403145313
2010,06,30,0.224491146
2010,07,01,0.192857812
2010,07,02,0.109039063
2010,07,03,0.041348438
2010,07,04,0.072827604
2010,07,05,0.185467187
2010,07,06,0.181155208
2010,07,07,0.127626562
2010,07,08,0.233820833
2010,07,09,0.644409375
2010,07,10,0.125486458
2010,07,11,0.292979167
2010,07,12,0.498747917
2010,07,13,0.467161979
2010,07,14,0.306198438
2010,07,15,0.448876563
2010,07,16,0.324188542
2010,07,17,0.279542708
2010,07,18,0.350531771
2010,07,19,0.676700521
2010,07,20,0.605623438
2010,07,21,0.402517188
2010,07,22,0.3859
2010,07,23,0.587320833
2010,07,24,0.475425521
2010,07,25,0.522671354
2010,07,26,0.171406771
2010,07,27,0.149695833
2010,07,28,0.470104688
2010,07,29,0.402192708
2010,07,30,0.321528646
2010,07,31,0.610959375
2010,08,01,0.326827083
2010,08,02,0.27941875
2010,08,03,0.522673958
2010,08,04,0.4890625
2010,08,05,0.485258334
2010,08,06,0.530046354
2010,08,07,0.280067708
2010,08,08,0.303154688
2010,08,09,0.438869792
2010,08,10,0.363856771
2010,08,11,0.51495
2010,08,12,0.439398959
2010,08,13,0.318505729
2010,08,14,0.365034896
2010,08,15,0.534338542
2010,08,16,0.227077604
2010,08,17,0.342835417
2010,08,18,0.355564583
2010,08,19,0.229616667
2010,08,20,0.289133854
2010,08,21,0.601768229
2010,08,22,0.862622917
2010,08,23,0.859259896
2010,08,24,0.712090104
2010,08,25,0.551213542
2010,08,26,0.4246875
2010,08,27,0.135828646
2010,08,28,0.038544271
2010,08,29,0.04999375
2010,08,30,0.145941667
2010,08,31,0.158104167
2010,09,01,0.196748438
2010,09,02,0.428288021
2010,09,03,0.561888542
2010,09,04,0.829522396
2010,09,05,0.410574479
2010,09,06,0.457282292
2010,09,07,0.283025
2010,09,08,0.784603125
2010,09,09,0.771576042
2010,09,10,0.420745833
2010,09,11,0.522882292
2010,09,12,0.627986458
2010,09,13,0.204191146
2010,09,14,0.281514583
2010,09,15,0.308046354
2010,09,16,0.821065104
2010,09,17,0.729992188
2010,09,18,0.454155208
2010,09,19,0.668873958
2010,09,20,0.282855208
2010,09,21,0.366959896
2010,09,22,0.531035938
2010,09,23,0.47504375
2010,09,24,0.384925521
2010,09,25,0.840594792
2010,09,26,0.81968125
2010,09,27,0.949639063
2010,09,28,0.98405625
2010,09,29,0.537483333
2010,09,30,0.326183854
2010,10,01,0.503157292
2010,10,02,0.858291667
2010,10,03,0.894576042
2010,10,04,0.749917187
2010,10,05,0.915190625
2010,10,06,0.773517708
2010,10,07,0.233775521
2010,10,08,0.109227083
2010,10,09,0.076066667
2010,10,10,0.184911458
2010,10,11,0.419985417
2010,10,12,0.449311458
2010,10,13,0.38446875
2010,10,14,0.771660938
2010,10,15,0.533754167
2010,10,16,0.291981771
2010,10,17,0.234067188
2010,10,18,0.667266146
2010,10,19,0.485465625
2010,10,20,0.387145833
2010,10,21,0.745385938
2010,10,22,0.442880729
2010,10,23,0.694192188
2010,10,24,0.516951563
2010,10,25,0.63651875
2010,10,26,0.488657292
2010,10,27,0.205983854
2010,10,28,0.740488021
2010,10,29,0.756915625
2010,10,30,0.358543229
2010,10,31,0.787158333
2010,11,01,0.517673958
2010,11,02,0.205146354
2010,11,03,0.427757292
2010,11,04,0.849315625
2010,11,05,0.943058854
2010,11,06,0.806689063
2010,11,07,0.304022396
2010,11,08,0.063651563
2010,11,09,0.098674479
2010,11,10,0.239393229
2010,11,11,0.122501042
2010,11,12,0.151261458
2010,11,13,0.315119792
2010,11,14,0.703406771
2010,11,15,0.248313542
2010,11,16,0.652857292
2010,11,17,0.805592188
2010,11,18,0.876733333
2010,11,19,0.578673959
2010,11,20,0.665636458
2010,11,21,0.605713021
2010,11,22,0.912019792
2010,11,23,0.696934896
2010,11,24,0.770171875
2010,11,25,0.92784375
2010,11,26,0.794171354
2010,11,27,0.944732292
2010,11,28,0.462096875
2010,11,29,0.322824479
2010,11,30,0.90515
2010,12,01,0.997507292
2010,12,02,0.994985417
2010,12,03,0.88709375
2010,12,04,0.924972917
2010,12,05,0.950893229
2010,12,06,0.975601562
2010,12,07,0.937882812
2010,12,08,0.893277604
2010,12,09,0.639084375
2010,12,10,0.764589063
2010,12,11,0.433695313
2010,12,12,0.966234896
2010,12,13,0.891465625
2010,12,14,0.810005729
2010,12,15,0.827303646
2010,12,16,0.767541667
2010,12,17,0.894494271
2010,12,18,0.429234375
2010,12,19,0.860932292
2010,12,20,0.888893229
2010,12,21,0.898534375
2010,12,22,0.961309375
2010,12,23,0.977535417
2010,12,24,0.935871354
2010,12,25,0.951829167
2010,12,26,0.902665104
2010,12,27,0.84575
2010,12,28,0.67515
2010,12,29,0.559198437
2010,12,30,0.733577604
2010,12,31,0.737139674
2011,01,01,0.840790104
2011,01,02,0.781986979
2011,01,03,0.55195
2011,01,04,0.887333854
2011,01,05,0.817224479
2011,01,06,0.95343125
2011,01,07,0.91473125
2011,01,08,0.822531771
2011,01,09,0.546039583
2011,01,10,0.533850521
2011,01,11,0.857963542
2011,01,12,0.943988021
2011,01,13,0.947234896
2011,01,14,0.887560417
2011,01,15,0.894172917
2011,01,16,0.894473958
2011,01,17,0.556250521
2011,01,18,0.981222917
2011,01,19,0.976923438
2011,01,20,0.895119792
2011,01,21,0.818443229
2011,01,22,0.7661375
2011,01,23,0.391195833
2011,01,24,0.741656771
2011,01,25,0.994229167
2011,01,26,0.988294271
2011,01,27,0.987014583
2011,01,28,0.983299479
2011,01,29,0.971650521
2011,01,30,0.704320833
2011,01,31,0.339949479
2011,02,01,0.965499479
2011,02,02,0.94104375
2011,02,03,0.1405
2011,02,04,0.082844271
2011,02,05,0.607116667
2011,02,06,0.984996354
2011,02,07,0.988257292
2011,02,08,0.563469271
2011,02,09,0.355653125
2011,02,10,0.302861459
2011,02,11,0.546830729
2011,02,12,0.732022917
2011,02,13,0.643727083
2011,02,14,0.589445312
2011,02,15,0.182371354
2011,02,16,0.562392709
2011,02,17,0.743620833
2011,02,18,0.46040625
2011,02,19,0.413338542
2011,02,20,0.533801042
2011,02,21,0.925997396
2011,02,22,0.317876563
2011,02,23,0.252383854
2011,02,24,0.950809375
2011,02,25,0.806735417
2011,02,26,0.733313021
2011,02,27,0.8712375
2011,02,28,0.753758333
2011,03,01,0.248829688
2011,03,02,0.392941667
2011,03,03,0.374391146
2011,03,04,0.774004688
2011,03,05,0.995877604
2011,03,06,0.905045312
2011,03,07,0.185159375
2011,03,08,0.483192708
2011,03,09,0.931478646
2011,03,10,0.996596354
2011,03,11,0.944097396
2011,03,12,0.736452083
2011,03,13,0.992546354
2011,03,14,0.507507292
2011,03,15,0.593807292
2011,03,16,0.697144792
2011,03,17,0.432342188
2011,03,18,0.618203125
2011,03,19,0.65519375
2011,03,20,0.471596875
2011,03,21,0.897954167
2011,03,22,0.976960938
2011,03,23,0.998342188
2011,03,24,0.583478646
2011,03,25,0.422705208
2011,03,26,0.2675
2011,03,27,0.255529167
2011,03,28,0.167134375
2011,03,29,0.084625
2011,03,30,0.468307292
2011,03,31,0.919052083
2011,04,01,0.752136979
2011,04,02,0.563825521
2011,04,03,0.571752604
2011,04,04,0.872890104
2011,04,05,0.688734375
2011,04,06,0.799003125
2011,04,07,0.708746354
2011,04,08,0.785193229
2011,04,09,0.690145833
2011,04,10,0.331080208
2011,04,11,0.683979167
2011,04,12,0.568451563
2011,04,13,0.445815625
2011,04,14,0.329352083
2011,04,15,0.336167708
2011,04,16,0.852592708
2011,04,17,0.690723438
2011,04,18,0.775904167
2011,04,19,0.957538021
2011,04,20,0.935945833
2011,04,21,0.513758333
2011,04,22,0.86839375
2011,04,23,0.699217188
2011,04,24,0.876770313
2011,04,25,0.971048438
2011,04,26,0.547919792
2011,04,27,0.519391146
2011,04,28,0.820198438
2011,04,29,0.800059375
2011,04,30,0.303335938
2011,05,01,0.800294792
2011,05,02,0.86648125
2011,05,03,0.988396354
2011,05,04,0.604829167
2011,05,05,0.174645833
2011,05,06,0.633119271
2011,05,07,0.417606771
2011,05,08,0.232789062
2011,05,09,0.180077604
2011,05,10,0.5819
2011,05,11,0.326906771
2011,05,12,0.409353125
2011,05,13,0.460338542
2011,05,14,0.815120313
2011,05,15,0.999598958
2011,05,16,0.999388542
2011,05,17,0.998133334
2011,05,18,0.806429687
2011,05,19,0.638259375
2011,05,20,0.441184375
2011,05,21,0.334471354
2011,05,22,0.498679167
2011,05,23,0.535680208
2011,05,24,0.425400521
2011,05,25,0.554316667
2011,05,26,0.762572396
2011,05,27,0.92239375
2011,05,28,0.790798438
2011,05,29,0.635509375
2011,05,30,0.135425
2011,05,31,0.165961979
2011,06,01,0.155696875
2011,06,02,0.069451563
2011,06,03,0.222988542
2011,06,04,0.415786458
2011,06,05,0.219586458
2011,06,06,0.136324479
2011,06,07,0.352358333
2011,06,08,0.124701042
2011,06,09,0.439090104
2011,06,10,0.662365104
2011,06,11,0.555153646
2011,06,12,0.766290625
2011,06,13,0.27319375
2011,06,14,0.412898958
2011,06,15,0.302843229
2011,06,16,0.629329688
2011,06,17,0.335840104
2011,06,18,0.277718229
2011,06,19,0.437559375
2011,06,20,0.558668229
2011,06,21,0.544251563
2011,06,22,0.574802604
2011,06,23,0.730272917
2011,06,24,0.916145833
2011,06,25,0.874138021
2011,06,26,0.324220833
2011,06,27,0.341623958
2011,06,28,0.390411458
2011,06,29,0.461760417
2011,06,30,0.180654687
2011,07,01,0.15594375
2011,07,02,0.582032292
2011,07,03,0.455995834
2011,07,04,0.314828125
2011,07,05,0.131110417
2011,07,06,0.312452604
2011,07,07,0.377091146
2011,07,08,0.257768229
2011,07,09,0.158632812
2011,07,10,0.282317188
2011,07,11,0.370935938
2011,07,12,0.415645313
2011,07,13,0.409339583
2011,07,14,0.295713542
2011,07,15,0.226651563
2011,07,16,0.2187
2011,07,17,0.145252604
2011,07,18,0.481574479
2011,07,19,0.424147917
2011,07,20,0.237548958
2011,07,21,0.196844791
2011,07,22,0.326775521
2011,07,23,0.505138021
2011,07,24,0.532216667
2011,07,25,0.341842188
2011,07,26,0.197231771
2011,07,27,0.274354688
2011,07,28,0.689866667
2011,07,29,0.555335938
2011,07,30,0.16884375
2011,07,31,0.179867708
2011,08,01,0.303160938
2011,08,02,0.458109896
2011,08,03,0.908251563
2011,08,04,0.593771875
2011,08,05,0.307768229
2011,08,06,0.52109375
2011,08,07,0.621507292
2011,08,08,0.506354167
2011,08,09,0.649158854
2011,08,10,0.515403646
2011,08,11,0.242017708
2011,08,12,0.321836458
2011,08,13,0.346898438
2011,08,14,0.810182813
2011,08,15,0.578715104
2011,08,16,0.0815125
2011,08,17,0.248875521
2011,08,18,0.320609375
2011,08,19,0.228476563
2011,08,20,0.331067708
2011,08,21,0.612925
2011,08,22,0.301251042
2011,08,23,0.243177083
2011,08,24,0.398364583
2011,08,25,0.674965104
2011,08,26,0.575405729
2011,08,27,0.228001563
2011,08,28,0.479551563
2011,08,29,0.170223958
2011,08,30,0.240063021
2011,08,31,0.381603125
2011,09,01,0.504293229
2011,09,02,0.236278125
2011,09,03,0.161508854
2011,09,04,0.7335
2011,09,05,0.869525
2011,09,06,0.767048958
2011,09,07,0.944436979
2011,09,08,0.878688542
2011,09,09,0.779275
2011,09,10,0.716159896
2011,09,11,0.537372396
2011,09,12,0.211670833
2011,09,13,0.332793229
2011,09,14,0.603133334
2011,09,15,0.704657292
2011,09,16,0.595067188
2011,09,17,0.343972396
2011,09,18,0.225074479
2011,09,19,0.821076563
2011,09,20,0.579789063
2011,09,21,0.778860937
2011,09,22,0.594101042
2011,09,23,0.917821354
2011,09,24,0.471680729
2011,09,25,0.422161458
2011,09,26,0.572864062
2011,09,27,0.531850521
2011,09,28,0.694788021
2011,09,29,0.798058854
2011,09,30,0.87466875
2011,10,01,0.863453125
2011,10,02,0.791876562
2011,10,03,0.921595833
2011,10,04,0.363178125
2011,10,05,0.140879688
2011,10,06,0.026411458
2011,10,07,0.027547396
2011,10,08,0.050875521
2011,10,09,0.059347917
2011,10,10,0.267506771
2011,10,11,0.299970833
2011,10,12,0.861936459
2011,10,13,0.930180208
2011,10,14,0.897765625
2011,10,15,0.831322396
2011,10,16,0.750839583
2011,10,17,0.254508333
2011,10,18,0.730388542
2011,10,19,0.930810938
2011,10,20,0.991509375
2011,10,21,0.986813542
2011,10,22,0.648864583
2011,10,23,0.319289583
2011,10,24,0.494007292
2011,10,25,0.485136979
2011,10,26,0.960186979
2011,10,27,0.845623438
2011,10,28,0.417644271
2011,10,29,0.465254167
2011,10,30,0.317588021
2011,10,31,0.700772917
2011,11,01,0.188651042
2011,11,02,0.229244792
2011,11,03,0.516584375
2011,11,04,0.309739584
2011,11,05,0.078147396
2011,11,06,0.166984375
2011,11,07,0.917485938
2011,11,08,0.610623958
2011,11,09,0.639249479
2011,11,10,0.678804167
2011,11,11,0.762827604
2011,11,12,0.237121875
2011,11,13,0.660334375
2011,11,14,0.775344271
2011,11,15,0.482697917
2011,11,16,0.659874479
2011,11,17,0.713938542
2011,11,18,0.469070834
2011,11,19,0.678307292
2011,11,20,0.941173437
2011,11,21,0.50950625
2011,11,22,0.641211458
2011,11,23,0.592498958
2011,11,24,0.422708854
2011,11,25,0.229361979
2011,11,26,0.407248438
2011,11,27,0.917902604
2011,11,28,0.973734375
2011,11,29,0.989243229
2011,11,30,0.719907813
2011,12,01,0.255989063
2011,12,02,0.675686979
2011,12,03,0.353372917
2011,12,04,0.728111979
2011,12,05,0.998355208
2011,12,06,0.991555729
2011,12,07,0.890223958
2011,12,08,0.603352083
2011,12,09,0.934658333
2011,12,10,0.485953646
2011,12,11,0.038779167
2011,12,12,0.086838542
2011,12,13,0.626548438
2011,12,14,0.97331875
2011,12,15,0.965857813
2011,12,16,0.922896875
2011,12,17,0.958884896
2011,12,18,0.845281771
2011,12,19,0.740219271
2011,12,20,0.924735417
2011,12,21,0.971805729
2011,12,22,0.9882
2011,12,23,0.937124479
2011,12,24,0.679144792
2011,12,25,0.596542708
2011,12,26,0.563374479
2011,12,27,0.826234375
2011,12,28,0.838139583
2011,12,29,0.925740104
2011,12,30,0.858635417
2011,12,31,0.996716304
2012,01,01,0.823877083
2012,01,02,0.955699479
2012,01,03,0.81450625
2012,01,04,0.529685938
2012,01,05,0.698719271
2012,01,06,0.292394792
2012,01,07,0.485570833
2012,01,08,0.67493125
2012,01,09,0.408589583
2012,01,10,0.201477083
2012,01,11,0.474678125
2012,01,12,1
2012,01,13,0.999546875
2012,01,14,0.9251625
2012,01,15,0.473598437
2012,01,16,0.575082812
2012,01,17,0.961417708
2012,01,18,0.85706875
2012,01,19,0.66543125
2012,01,20,0.776079688
2012,01,21,0.829683333
2012,01,22,0.451766667
2012,01,23,0.864011459
2012,01,24,1
2012,01,25,0.999508333
2012,01,26,0.988019271
2012,01,27,0.850891667
2012,01,28,0.71858125
2012,01,29,0.709170833
2012,01,30,0.723420833
2012,01,31,0.495066146
2012,02,01,0.847657292
2012,02,02,0.964092708
2012,02,03,0.59144375
2012,02,04,0.564279688
2012,02,05,0.308029688
2012,02,06,0.033126563
2012,02,07,0.868875521
2012,02,08,0.683028125
2012,02,09,0.080470312
2012,02,10,0.883386979
2012,02,11,0.92245
2012,02,12,0.8302
2012,02,13,0.339589063
2012,02,14,0.976934896
2012,02,15,0.850007292
2012,02,16,0.9731625
2012,02,17,0.508469792
2012,02,18,0.812028125
2012,02,19,0.888385417
2012,02,20,0.360448438
2012,02,21,0.728566667
2012,02,22,0.8483625
2012,02,23,0.813361458
2012,02,24,0.960279167
2012,02,25,0.905213542
2012,02,26,0.575421354
2012,02,27,0.437279167
2012,02,28,0.512689583
2012,02,29,0.892069271
2012,03,01,0.985336979
2012,03,02,0.610996354
2012,03,03,0.956788542
2012,03,04,0.910644792
2012,03,05,0.685316667
2012,03,06,0.516257813
2012,03,07,0.270650521
2012,03,08,0.838111458
2012,03,09,0.653114583
2012,03,10,0.300856771
2012,03,11,0.14271875
2012,03,12,0.659548958
2012,03,13,0.339298438
2012,03,14,0.083423438
2012,03,15,0.468396354
2012,03,16,0.52204375
2012,03,17,0.302671875
2012,03,18,0.6292125
2012,03,19,0.437992708
2012,03,20,0.238891146
2012,03,21,0.099231771
2012,03,22,0.165185938
2012,03,23,0.409329688
2012,03,24,0.893629688
2012,03,25,0.69138125
2012,03,26,0.323379687
2012,03,27,0.210840104
2012,03,28,0.558609896
2012,03,29,0.988115104
2012,03,30,0.735688542
2012,03,31,0.940808854
2012,04,01,0.867191146
2012,04,02,0.30539375
2012,04,03,0.437692188
2012,04,04,0.194623958
2012,04,05,0.183891667
2012,04,06,0.003383333
2012,04,07,0.090882292
2012,04,08,0.407086979
2012,04,09,0.385360417
2012,04,10,0.807976563
2012,04,11,0.76481875
2012,04,12,0.276552604
2012,04,13,0.155783333
2012,04,14,0.802557292
2012,04,15,0.717891667
2012,04,16,0.439945833
2012,04,17,0.263521875
2012,04,18,0.138464583
2012,04,19,0.524445833
2012,04,20,0.539727604
2012,04,21,0.955211979
2012,04,22,0.86223125
2012,04,23,0.700686458
2012,04,24,0.607963542
2012,04,25,0.336970833
2012,04,26,0.836629167
2012,04,27,0.417842708
2012,04,28,0.486905729
2012,04,29,0.240786979
2012,04,30,0.758282292
2012,05,01,0.927064583
2012,05,02,0.760852604
2012,05,03,0.446943229
2012,05,04,0.597598958
2012,05,05,0.513636458
2012,05,06,0.279729167
2012,05,07,0.850369792
2012,05,08,0.759803125
2012,05,09,0.560522396
2012,05,10,0.390984896
2012,05,11,0.056117708
2012,05,12,0.357579687
2012,05,13,0.493205208
2012,05,14,0.163730729
2012,05,15,0.140469792
2012,05,16,0.346125521
2012,05,17,0.105898437
2012,05,18,0.124459375
2012,05,19,0.070918229
2012,05,20,0.240086979
2012,05,21,0.301357813
2012,05,22,0.592867708
2012,05,23,0.228732812
2012,05,24,0.149534375
2012,05,25,0.359832813
2012,05,26,0.399060938
2012,05,27,0.366308854
2012,05,28,0.225698958
2012,05,29,0.392769271
2012,05,30,0.303458854
2012,05,31,0.548305729
2012,06,01,0.960429167
2012,06,02,0.708275521
2012,06,03,0.748066667
2012,06,04,0.552043229
2012,06,05,0.586539062
2012,06,06,0.312813021
2012,06,07,0.208842708
2012,06,08,0.283652083
2012,06,09,0.348526042
2012,06,10,0.071298958
2012,06,11,0.5814
2012,06,12,0.510689063
2012,06,13,0.254468229
2012,06,14,0.171633333
2012,06,15,0.20815625
2012,06,16,0.340723437
2012,06,17,0.576547917
2012,06,18,0.499832813
2012,06,19,0.283891146
2012,06,20,0.095547396
2012,06,21,0.247182812
2012,06,22,0.386658854
2012,06,23,0.302378646
2012,06,24,0.504544271
2012,06,25,0.465920313
2012,06,26,0.139491146
2012,06,27,0.173720833
2012,06,28,0.257143229
2012,06,29,-2499.524739
2012,06,30,0.269721875
2012,07,01,0.197705208
2012,07,02,0.121041667
2012,07,03,0.518263021
2012,07,04,0.250334375
2012,07,05,0.416917188
2012,07,06,0.153955208
2012,07,07,0.300657292
2012,07,08,0.404127083
2012,07,09,0.174344271
2012,07,10,0.232786979
2012,07,11,0.076854167
2012,07,12,0.216061979
2012,07,13,0.185210417
2012,07,14,0.495453646
2012,07,15,0.568014062
2012,07,16,0.296155729
2012,07,17,0.366538542
2012,07,18,0.382035938
2012,07,19,0.758633333
2012,07,20,0.775216146
2012,07,21,0.328182292
2012,07,22,0.454876042
2012,07,23,0.274627604
2012,07,24,0.382475521
2012,07,25,0.201003125
2012,07,26,0.691961458
2012,07,27,0.668711458
2012,07,28,0.620339063
2012,07,29,0.200927604
2012,07,30,0.290268229
2012,07,31,0.304759896
2012,08,01,0.204801042
2012,08,02,0.257897396
2012,08,03,0.179596354
2012,08,04,0.351734375
2012,08,05,0.605457813
2012,08,06,0.105615104
2012,08,07,0.104653646
2012,08,08,0.330839583
2012,08,09,0.643523438
2012,08,10,0.804931771
2012,08,11,0.878969792
2012,08,12,0.738844792
2012,08,13,0.597952083
2012,08,14,0.815957813
2012,08,15,0.376325521
2012,08,16,0.378807292
2012,08,17,0.528494271
2012,08,18,0.265670313
2012,08,19,0.409752084
2012,08,20,0.295671875
2012,08,21,0.358495833
2012,08,22,0.099845833
2012,08,23,0.065635417
2012,08,24,0.168103125
2012,08,25,0.095445833
2012,08,26,0.26009375
2012,08,27,0.690594792
2012,08,28,0.390481771
2012,08,29,0.166176042
2012,08,30,0.048599479
2012,08,31,0.097045833
2012,09,01,0.475546875
2012,09,02,0.569440104
2012,09,03,0.263958333
2012,09,04,0.743426563
2012,09,05,0.455051042
2012,09,06,0.267128125
2012,09,07,0.408583333
2012,09,08,0.845358854
2012,09,09,0.575395313
2012,09,10,0.211925521
2012,09,11,0.197109375
2012,09,12,0.172443229
2012,09,13,0.347566667
2012,09,14,0.527947396
2012,09,15,0.217423437
2012,09,16,0.219591146
2012,09,17,0.329544792
2012,09,18,0.88206875
2012,09,19,0.326153125
2012,09,20,0.558510937
2012,09,21,0.645861979
2012,09,22,0.836905208
2012,09,23,0.738341146
2012,09,24,0.452845833
2012,09,25,0.551104167
2012,09,26,0.897502083
2012,09,27,0.510891146
2012,09,28,0.3947125
2012,09,29,0.463734896
2012,09,30,0.422673438
2012,10,01,0.332544271
2012,10,02,0.935554688
2012,10,03,0.784995313
2012,10,04,0.27365
2012,10,05,0.895319792
2012,10,06,0.844279167
2012,10,07,0.87856875
2012,10,08,0.46328125
2012,10,09,0.256511459
2012,10,10,0.761242708
2012,10,11,0.385960417
2012,10,12,0.500233333
2012,10,13,0.512459375
2012,10,14,0.745442708
2012,10,15,0.962971875
2012,10,16,0.570164063
2012,10,17,0.504948438
2012,10,18,0.5293375
2012,10,19,0.707176042
2012,10,20,0.894921875
2012,10,21,0.320851563
2012,10,22,0.316690625
2012,10,23,0.924107292
2012,10,24,0.638769271
2012,10,25,0.174869792
2012,10,26,0.702880208
2012,10,27,0.962556771
2012,10,28,0.926156771
2012,10,29,0.9974375
2012,10,30,0.994426562
2012,10,31,0.997204687
2012,11,01,0.964605208
2012,11,02,0.954553125
2012,11,03,0.861444792
2012,11,04,0.933500521
2012,11,05,0.949557292
2012,11,06,0.559239583
2012,11,07,0.200558333
2012,11,08,0.461502604
2012,11,09,0.585071354
2012,11,10,0.745103646
2012,11,11,0.324726042
2012,11,12,0.704725521
2012,11,13,0.970222396
2012,11,14,0.727217708
2012,11,15,0.313247396
2012,11,16,0.121615625
2012,11,17,0.233450521
2012,11,18,0.237532292
2012,11,19,0.304384896
2012,11,20,0.527816667
2012,11,21,0.288496354
2012,11,22,0.244242708
2012,11,23,0.805020313
2012,11,24,0.97304375
2012,11,25,0.932273438
2012,11,26,0.889420313
2012,11,27,0.751649479
2012,11,28,0.724157813
2012,11,29,0.295633854
2012,11,30,0.807313021
2012,12,01,0.73319375
2012,12,02,0.924367188
2012,12,03,0.826631771
2012,12,04,0.724403125
2012,12,05,0.632697917
2012,12,06,0.438108333
2012,12,07,0.905972917
2012,12,08,0.967523958
2012,12,09,0.929411979
2012,12,10,0.985824479
2012,12,11,0.763920833
2012,12,12,0.183215104
2012,12,13,0.142540625
2012,12,14,0.238601042
2012,12,15,0.595189583
2012,12,16,0.844561979
2012,12,17,0.980470833
2012,12,18,0.884830208
2012,12,19,0.893484375
2012,12,20,0.777753125
2012,12,21,0.995564063
2012,12,22,0.945907292
2012,12,23,0.551008333
2012,12,24,0.771317708
2012,12,25,0.933527083
2012,12,26,0.928810417
2012,12,27,0.915321354
2012,12,28,0.7715375
2012,12,29,0.965775521
2012,12,30,0.875016667
2012,12,31,0.631501087
2013,01,01,0.9052
2013,01,02,0.890468229
2013,01,03,0.916872917
2013,01,04,0.532464063
2013,01,05,0.747245313
2013,01,06,0.998055729
2013,01,07,0.59711875
2013,01,08,0.237102604
2013,01,09,0.234830729
2013,01,10,0.291516146
2013,01,11,0.84539375
2013,01,12,0.425317188
2013,01,13,0.939807292
2013,01,14,0.943364063
2013,01,15,0.652273438
2013,01,16,0.617992708
2013,01,17,0.871445313
2013,01,18,0.727228125
2013,01,19,0.42169375
2013,01,20,0.8505625
2013,01,21,0.890383854
2013,01,22,0.840135938
2013,01,23,0.889245834
2013,01,24,0.638072917
2013,01,25,0.913481771
2013,01,26,0.91213125
2013,01,27,0.625922396
2013,01,28,0.99961875
2013,01,29,0.961989583
2013,01,30,0.779979167
2013,01,31,0.9777625
2013,02,01,0.935374479
2013,02,02,0.963006771
2013,02,03,0.907124479
2013,02,04,0.947760937
2013,02,05,0.871355729
2013,02,06,0.459477083
2013,02,07,0.724775
2013,02,08,0.986515625
2013,02,09,0.471423959
2013,02,10,0.549328125
2013,02,11,0.919746875
2013,02,12,0.902935938
2013,02,13,0.670090104
2013,02,14,0.773221875
2013,02,15,0.850409375
2013,02,16,0.710515104
2013,02,17,0.701679687
2013,02,18,0.404575521
2013,02,19,0.966683333
2013,02,20,0.982308333
2013,02,21,0.881175521
2013,02,22,0.815205209
2013,02,23,0.953615104
2013,02,24,0.897144792
2013,02,25,0.35793125
2013,02,26,0.590169271
2013,02,27,0.992522396
2013,02,28,0.9896875
2013,03,01,0.993222396
2013,03,02,0.990866146
2013,03,03,0.940919792
2013,03,04,0.6033
2013,03,05,0.361131771
2013,03,06,0.616093229
2013,03,07,0.970833854
2013,03,08,0.647401042
2013,03,09,0.339770833
2013,03,10,0.520140104
2013,03,11,0.865056771
2013,03,12,0.968895313
2013,03,13,0.845946875
2013,03,14,0.487586979
2013,03,15,0.859469271
2013,03,16,0.968354688
2013,03,17,0.575370313
2013,03,18,0.770364062
2013,03,19,0.961742188
2013,03,20,0.807483333
2013,03,21,0.901573438
2013,03,22,0.886715625
2013,03,23,0.564755729
2013,03,24,0.51429375
2013,03,25,0.96189375
2013,03,26,0.958515104
2013,03,27,0.920598438
2013,03,28,0.952935417
2013,03,29,0.366186459
2013,03,30,0.178466146
2013,03,31,0.660055729
2013,04,01,0.710038542
2013,04,02,0.549858854
2013,04,03,0.280741667
2013,04,04,0.189163021
2013,04,05,0.347124479
2013,04,06,0.535178646
2013,04,07,0.451535417
2013,04,08,0.543296354
2013,04,09,0.784128125
2013,04,10,0.963782813
2013,04,11,0.971966146
2013,04,12,0.993279688
2013,04,13,0.973969271
2013,04,14,0.673328125
2013,04,15,0.508322396
2013,04,16,0.796703125
2013,04,17,0.545875
2013,04,18,0.604375521
2013,04,19,0.874991146
2013,04,20,0.768154688
2013,04,21,0.23418125
2013,04,22,0.062286979
2013,04,23,0.334992188
2013,04,24,0.92509375
2013,04,25,0.389480208
2013,04,26,0.163500521
2013,04,27,0.11019375
2013,04,28,0.72355625
2013,04,29,0.871405729
2013,04,30,0.382209375
2013,05,01,0.077468229
2013,05,02,0.186604687
2013,05,03,0.233897396
2013,05,04,0.1992375
2013,05,05,0.203910417
2013,05,06,0.232710417
2013,05,07,0.39095
2013,05,08,0.686816667
2013,05,09,0.503555209
2013,05,10,0.851736979
2013,05,11,0.940803125
2013,05,12,0.700041146
2013,05,13,0.491786979
2013,05,14,0.697894792
2013,05,15,0.335021354
2013,05,16,0.141660937
2013,05,17,0.289644271
2013,05,18,0.442593229
2013,05,19,0.335317708
2013,05,20,0.272189583
2013,05,21,0.4343875
2013,05,22,0.481960417
2013,05,23,0.873988542
2013,05,24,0.708530729
2013,05,25,0.154318229
2013,05,26,0.118258334
2013,05,27,0.481291146
2013,05,28,0.872561979
2013,05,29,0.583836979
2013,05,30,0.368742708
2013,05,31,0.452657813
2013,06,01,0.673121875
2013,06,02,0.670395833
2013,06,03,0.481792709
2013,06,04,0.167895313
2013,06,05,0.385023958
2013,06,06,0.928035938
2013,06,07,0.989314063
2013,06,08,0.753460417
2013,06,09,0.566798438
2013,06,10,0.877207813
2013,06,11,0.816913542
2013,06,12,0.564273958
2013,06,13,0.725347917
2013,06,14,0.342301042
2013,06,15,0.343676042
2013,06,16,0.666946875
2013,06,17,0.289434896
2013,06,18,0.355011979
2013,06,19,0.060057292
2013,06,20,0.120507812
2013,06,21,0.275626562
2013,06,22,0.362832292
2013,06,23,0.287715104
2013,06,24,0.2667875
2013,06,25,0.577782813
2013,06,26,0.598946354
2013,06,27,0.763924479
2013,06,28,0.725813542
2013,06,29,0.772503125
2013,06,30,0.568645313
2013,07,01,0.761466146
2013,07,02,0.735663542
2013,07,03,0.521264063
2013,07,04,0.711944271
2013,07,05,0.701352083
2013,07,06,0.535669792
2013,07,07,0.624304688
2013,07,08,0.619213542
2013,07,09,0.761515104
2013,07,10,0.678434896
2013,07,11,0.343092188
2013,07,12,0.259942708
2013,07,13,0.279179167
2013,07,14,0.251608854
2013,07,15,0.403635938
2013,07,16,0.267796875
2013,07,17,0.238097917
2013,07,18,0.214382812
2013,07,19,0.28148125
2013,07,20,0.609594792
2013,07,21,0.337696354
2013,07,22,0.574111458
2013,07,23,0.570315104
2013,07,24,0.574027604
2013,07,25,0.164592709
2013,07,26,0.238465625
2013,07,27,0.730685937
2013,07,28,0.660310417
2013,07,29,0.665664583
2013,07,30,0.335225521
2013,07,31,0.589221354
2013,08,01,0.566036979
2013,08,02,0.501164063
2013,08,03,0.445310417
2013,08,04,0.50160625
2013,08,05,0.420783333
2013,08,06,0.662853125
2013,08,07,0.457170833
2013,08,08,0.790918229
2013,08,09,0.608741146
2013,08,10,0.395341667
2013,08,11,0.437681771
2013,08,12,0.790085417
2013,08,13,0.743609375
2013,08,14,0.537668229
2013,08,15,0.320994792
2013,08,16,0.206461979
2013,08,17,0.250517188
2013,08,18,0.345096875
2013,08,19,0.353206771
2013,08,20,0.152979167
2013,08,21,0.159588021
2013,08,22,0.389361979
2013,08,23,0.189091667
2013,08,24,0.115725521
2013,08,25,0.194960417
2013,08,26,0.422057292
2013,08,27,0.649851042
2013,08,28,0.762810938
2013,08,29,0.318094271
2013,08,30,0.354988542
2013,08,31,0.628159896
2013,09,01,0.780679687
2013,09,02,0.759971354
2013,09,03,0.763514063
2013,09,04,0.193038021
2013,09,05,0.394618229
2013,09,06,0.215222396
2013,09,07,0.591977604
2013,09,08,0.5654375
2013,09,09,0.462886979
2013,09,10,0.195980729
2013,09,11,0.3357875
2013,09,12,0.654391146
2013,09,13,0.879755208
2013,09,14,0.34644375
2013,09,15,0.530015625
2013,09,16,0.724860417
2013,09,17,0.115145313
2013,09,18,0.181067709
2013,09,19,0.506831771
2013,09,20,0.634027083
2013,09,21,0.898254688
2013,09,22,0.895977604
2013,09,23,0.618478646
2013,09,24,0.107608333
2013,09,25,0.239782813
2013,09,26,0.085513542
2013,09,27,0.086809896
2013,09,28,0.142309375
2013,09,29,0.571930729
2013,09,30,0.818704167
2013,10,01,0.362309896
2013,10,02,0.313454687
2013,10,03,0.558902604
2013,10,04,0.646344271
2013,10,05,0.735843229
2013,10,06,0.775003125
2013,10,07,0.754174479
2013,10,08,0.172239062
2013,10,09,0.057315104
2013,10,10,0.201863542
2013,10,11,0.116539583
2013,10,12,0.306267187
2013,10,13,0.772674479
2013,10,14,0.292971875
2013,10,15,0.594447396
2013,10,16,0.779908854
2013,10,17,0.730941667
2013,10,18,0.495901042
2013,10,19,0.760238021
2013,10,20,0.568792708
2013,10,21,0.660460417
2013,10,22,0.723507812
2013,10,23,0.795380729
2013,10,24,0.737590625
2013,10,25,0.722583334
2013,10,26,0.801494271
2013,10,27,0.580288021
2013,10,28,0.519903125
2013,10,29,0.489815625
2013,10,30,0.336956771
2013,10,31,0.928032813
2013,11,01,0.904276042
2013,11,02,0.953301563
2013,11,03,0.483932813
2013,11,04,0.356966667
2013,11,05,0.529291667
2013,11,06,0.772799479
2013,11,07,0.935755208
2013,11,08,0.726066146
2013,11,09,0.715160417
2013,11,10,0.801381771
2013,11,11,0.904803125
2013,11,12,0.7708
2013,11,13,0.499392187
2013,11,14,0.185542708
2013,11,15,0.450916667
2013,11,16,0.499171875
2013,11,17,0.86304375
2013,11,18,0.929716146
2013,11,19,0.772570312
2013,11,20,0.260463021
2013,11,21,0.864665104
2013,11,22,0.942835417
2013,11,23,0.817411458
2013,11,24,0.813990625
2013,11,25,0.653230729
2013,11,26,0.996776042
2013,11,27,0.896442709
2013,11,28,0.904527083
2013,11,29,0.630955209
2013,11,30,0.420155729
2013,12,01,0.805467188
2013,12,02,0.877274479
2013,12,03,0.719692188
2013,12,04,0.756426562
2013,12,05,0.890420313
2013,12,06,0.975004167
2013,12,07,0.794540625
2013,12,08,0.836443229
2013,12,09,0.975966146
2013,12,10,0.819699479
2013,12,11,0.812980729
2013,12,12,0.824668229
2013,12,13,0.922615104
2013,12,14,0.997557813
2013,12,15,0.955535937
2013,12,16,0.62961875
2013,12,17,0.960640625
2013,12,18,0.826578125
2013,12,19,0.655578646
2013,12,20,0.998575521
2013,12,21,0.984261458
2013,12,22,0.950877604
2013,12,23,0.967824479
2013,12,24,0.856423958
2013,12,25,0.850053646
2013,12,26,0.924539063
2013,12,27,0.729695833
2013,12,28,0.292429688
2013,12,29,0.691817188
2013,12,30,0.944418229
2013,12,31,0.934390761
2014,01,01,0.976369792
2014,01,02,0.983330208
2014,01,03,0.565230208
2014,01,04,0.496655729
2014,01,05,0.99994375
2014,01,06,0.876451563
2014,01,07,0.380585417
2014,01,08,0.62511875
2014,01,09,0.52440625
2014,01,10,0.965322917
2014,01,11,0.965632813
2014,01,12,0.709950521
2014,01,13,0.5698875
2014,01,14,0.617635417
2014,01,15,0.953644271
2014,01,16,0.890199479
2014,01,17,0.815444271
2014,01,18,0.802275
2014,01,19,0.851098958
2014,01,20,0.992145313
2014,01,21,0.678460938
2014,01,22,0.706448958
2014,01,23,0.870744792
2014,01,24,0.574527604
2014,01,25,0.935239583
2014,01,26,0.804222396
2014,01,27,0.754505729
2014,01,28,0.200775521
2014,01,29,0.11775625
2014,01,30,0.396139583
2014,01,31,0.919269271
2014,02,01,0.959540625
2014,02,02,0.982944792
2014,02,03,0.626488021
2014,02,04,0.553718229
2014,02,05,0.935167708
2014,02,06,0.781030729
2014,02,07,0.37418125
2014,02,08,0.521378646
2014,02,09,0.892725521
2014,02,10,0.769619792
2014,02,11,0.720109375
2014,02,12,0.152478646
2014,02,13,0.347688021
2014,02,14,0.964696875
2014,02,15,0.62639375
2014,02,16,0.625586979
2014,02,17,0.476229688
2014,02,18,0.694435938
2014,02,19,0.349380208
2014,02,20,0.660429167
2014,02,21,0.708458333
2014,02,22,0.520903646
2014,02,23,0.491343229
2014,02,24,0.875848438
2014,02,25,0.8518875
2014,02,26,0.709840104
2014,02,27,0.71703125
2014,02,28,0.207436979
2014,03,01,0.807728646
2014,03,02,0.802394271
2014,03,03,0.164203125
2014,03,04,0.783599479
2014,03,05,0.6452875
2014,03,06,0.115911979
2014,03,07,0.104303646
2014,03,08,0.787807813
2014,03,09,0.535044792
2014,03,10,0.580132292
2014,03,11,0.651164063
2014,03,12,0.912556771
2014,03,13,0.511948958
2014,03,14,0.569997396
2014,03,15,0.776567708
2014,03,16,0.530439583
2014,03,17,0.180369792
2014,03,18,0.256594792
2014,03,19,0.841975521
2014,03,20,0.958063542
2014,03,21,0.364745313
2014,03,22,0.919442188
2014,03,23,0.807583854
2014,03,24,0.695827083
2014,03,25,0.585345313
2014,03,26,0.360409896
2014,03,27,0.800849479
2014,03,28,0.904835417
2014,03,29,0.963174479
2014,03,30,0.338926042
2014,03,31,0.164825521
2014,04,01,0.387707813
2014,04,02,0.301707292
2014,04,03,0.805253125
2014,04,04,0.981844792
2014,04,05,0.608497396
2014,04,06,0.164346354
2014,04,07,0.690991146
2014,04,08,0.687653646
2014,04,09,0.225446875
2014,04,10,0.507999479
2014,04,11,0.473073438
2014,04,12,0.413378646
2014,04,13,0.620021875
2014,04,14,0.757001042
2014,04,15,0.874754687
2014,04,16,0.159971354
2014,04,17,0.276964583
2014,04,18,0.443536458
2014,04,19,0.076684896
2014,04,20,0.259732813
2014,04,21,0.359465625
2014,04,22,0.944492709
2014,04,23,0.57295
2014,04,24,0.33328125
2014,04,25,0.687576042
2014,04,26,0.544815104
2014,04,27,0.378210417
2014,04,28,0.565222396
2014,04,29,0.753418229
2014,04,30,0.9384875
2014,05,01,0.869255208
2014,05,02,0.986902083
2014,05,03,0.770278646
2014,05,04,0.567470313
2014,05,05,0.480654688
2014,05,06,0.222602084
2014,05,07,0.562502083
2014,05,08,0.481367188
2014,05,09,0.524030208
2014,05,10,0.362391146
2014,05,11,0.288377083
2014,05,12,0.679350521
2014,05,13,0.539164063
2014,05,14,0.85535
2014,05,15,0.875934896
2014,05,16,0.724723438
2014,05,17,0.720482292
2014,05,18,0.171840625
2014,05,19,0.159859896
2014,05,20,0.696661979
2014,05,21,0.619304687
2014,05,22,0.430188542
2014,05,23,0.598998437
2014,05,24,0.150797917
2014,05,25,0.138320312
2014,05,26,0.259533854
2014,05,27,0.659189583
2014,05,28,0.679286979
2014,05,29,0.358128125
2014,05,30,0.293438542
2014,05,31,0.12056875
2014,06,01,0.216574479
2014,06,02,0.525675
2014,06,03,0.493428646
2014,06,04,0.530944271
2014,06,05,0.1168625
2014,06,06,0.162691667
2014,06,07,0.126829688
2014,06,08,0.620385417
2014,06,09,0.446453646
2014,06,10,0.510457292
2014,06,11,0.757101042
2014,06,12,0.667535938
2014,06,13,0.695722396
2014,06,14,0.366283854
2014,06,15,0.171864063
2014,06,16,0.444761458
2014,06,17,0.414811458
2014,06,18,0.599709896
2014,06,19,0.614990625
2014,06,20,0.519694792
2014,06,21,0.582703125
2014,06,22,0.249561979
2014,06,23,0.492901563
2014,06,24,0.681453646
2014,06,25,0.781224479
2014,06,26,0.558519792
2014,06,27,0.303454167
2014,06,28,0.210436979
2014,06,29,0.470675521
2014,06,30,0.409520833
2014,07,01,0.447429687
2014,07,02,0.619071875
2014,07,03,0.747613542
2014,07,04,0.241697917
2014,07,05,0.187550521
2014,07,06,0.360293229
2014,07,07,0.670286458
2014,07,08,0.529901562
2014,07,09,0.525315104
2014,07,10,0.293002604
2014,07,11,0.177365104
2014,07,12,0.370929167
2014,07,13,0.522032292
2014,07,14,0.461730208
2014,07,15,0.586004167
2014,07,16,0.698861979
2014,07,17,0.422702604
2014,07,18,0.270685937
2014,07,19,0.927482292
2014,07,20,0.604588542
2014,07,21,0.168273438
2014,07,22,0.125797396
2014,07,23,0.723591146
2014,07,24,0.378736458
2014,07,25,0.276029688
2014,07,26,0.634715104
2014,07,27,0.6413875
2014,07,28,0.836960417
2014,07,29,0.694313542
2014,07,30,0.541235417
2014,07,31,0.302730729
2014,08,01,0.227955208
2014,08,02,0.53813125
2014,08,03,0.459474479
2014,08,04,0.246875521
2014,08,05,0.513203646
2014,08,06,0.386994271
2014,08,07,0.119291667
2014,08,08,0.251364583
2014,08,09,0.105906771
2014,08,10,0.184474479
2014,08,11,0.623866146
2014,08,12,0.708745313
2014,08,13,0.594977604
2014,08,14,0.513388542
2014,08,15,0.229694792
2014,08,16,0.412053125
2014,08,17,0.435079688
2014,08,18,0.315017708
2014,08,19,0.357428646
2014,08,20,0.620300521
2014,08,21,0.486715104
2014,08,22,0.639722396
2014,08,23,0.633130208
2014,08,24,0.515934896
2014,08,25,0.154513021
2014,08,26,0.314542708
2014,08,27,0.522042187
2014,08,28,0.282263021
2014,08,29,0.250240625
2014,08,30,0.409928646
2014,08,31,0.600554687
2014,09,01,0.515084896
2014,09,02,0.543114583
2014,09,03,0.172744271
2014,09,04,0.201063021
2014,09,05,0.392569271
2014,09,06,0.627348438
2014,09,07,0.089680729
2014,09,08,0.128663021
2014,09,09,0.597426042
2014,09,10,0.584470833
2014,09,11,0.962659896
2014,09,12,0.912603646
2014,09,13,0.828864062
2014,09,14,0.489390625
2014,09,15,0.615435417
2014,09,16,0.51928125
2014,09,17,0.274647396
2014,09,18,0.321200521
2014,09,19,0.197208333
2014,09,20,0.297571354
2014,09,21,0.747618229
2014,09,22,0.727854687
2014,09,23,0.042877604
2014,09,24,0.024864063
2014,09,25,0.114788542
2014,09,26,0.1118375
2014,09,27,0.060230208
2014,09,28,0.276892708
2014,09,29,0.222063021
2014,09,30,0.770908333
2014,10,01,0.631636458
2014,10,02,0.468936979
2014,10,03,0.623538021
2014,10,04,0.772911979
2014,10,05,0.816314063
2014,10,06,0.753029167
2014,10,07,0.590361979
2014,10,08,0.579538021
2014,10,09,0.247890625
2014,10,10,0.325882813
2014,10,11,0.307132292
2014,10,12,0.227917708
2014,10,13,0.806531771
2014,10,14,0.665432292
2014,10,15,0.782066146
2014,10,16,0.844936458
2014,10,17,0.926927083
2014,10,18,0.978632292
2014,10,19,0.570197396
2014,10,20,0.882761979
2014,10,21,0.999253125
2014,10,22,0.701254687
2014,10,23,0.224164583
2014,10,24,0.392256771
2014,10,25,0.47871875
2014,10,26,0.132490625
2014,10,27,0.284804688
2014,10,28,0.542536458
2014,10,29,0.693457812
2014,10,30,0.710163021
2014,10,31,0.966479688
2014,11,01,0.854490625
2014,11,02,0.445066146
2014,11,03,0.665376042
2014,11,04,0.784892187
2014,11,05,0.261613021
2014,11,06,0.865017187
2014,11,07,0.803038542
2014,11,08,0.942169271
2014,11,09,0.872269271
2014,11,10,0.562327083
2014,11,11,0.410354688
2014,11,12,0.978902604
2014,11,13,0.88141875
2014,11,14,0.81943125
2014,11,15,0.660875521
2014,11,16,0.939851563
2014,11,17,0.934665625
2014,11,18,0.520558334
2014,11,19,0.711219271
2014,11,20,0.784628125
2014,11,21,0.466446354
2014,11,22,0.814407812
2014,11,23,0.851015625
2014,11,24,0.874682812
2014,11,25,0.981513021
2014,11,26,0.989409375
2014,11,27,0.958479688
2014,11,28,0.921203125
2014,11,29,0.833892708
2014,11,30,0.98696875
2014,12,01,0.824948958
2014,12,02,0.794563021
2014,12,03,0.716191146
2014,12,04,0.45129375
2014,12,05,0.942821354
2014,12,06,0.878710417
2014,12,07,0.281038021
2014,12,08,0.482504167
2014,12,09,0.996190625
2014,12,10,0.951744271
2014,12,11,0.740131771
2014,12,12,0.897247917
2014,12,13,0.999615104
2014,12,14,0.99961875
2014,12,15,0.898164583
2014,12,16,0.953534896
2014,12,17,0.999013021
2014,12,18,0.995630729
2014,12,19,0.897605729
2014,12,20,0.953553646
2014,12,21,0.869347396
2014,12,22,0.358127604
2014,12,23,0.912955208
2014,12,24,0.892985937
2014,12,25,0.961561458
2014,12,26,0.23759375
2014,12,27,0.850318229
2014,12,28,0.805326042
2014,12,29,0.6505375
2014,12,30,0.726835937
2014,12,31,0.636659239
2015,01,01,0.642825
2015,01,02,0.714228646
2015,01,03,0.807846875
2015,01,04,0.979498438
2015,01,05,0.896189583
2015,01,06,0.867934896
2015,01,07,0.754875521
2015,01,08,0.723190104
2015,01,09,0.818530729
2015,01,10,0.4222125
2015,01,11,0.989081771
2015,01,12,0.932982292
2015,01,13,0.302309896
2015,01,14,0.344200521
2015,01,15,0.701688021
2015,01,16,0.804026563
2015,01,17,0.337328646
2015,01,18,0.978740625
2015,01,19,0.991035938
2015,01,20,0.806391667
2015,01,21,0.817490104
2015,01,22,0.841965625
2015,01,23,0.73946875
2015,01,24,0.950079167
2015,01,25,0.869339583
2015,01,26,0.812463542
2015,01,27,0.703509375
2015,01,28,0.137892188
2015,01,29,0.935998959
2015,01,30,0.801352604
2015,01,31,0.766136458
2015,02,01,1
2015,02,02,0.732415104
2015,02,03,0.639746875
2015,02,04,0.994623438
2015,02,05,0.291351562
2015,02,06,0.721315625
2015,02,07,0.69573125
2015,02,08,0.888630208
2015,02,09,0.983017188
2015,02,10,0.851564583
2015,02,11,0.861647396
2015,02,12,0.685010417
2015,02,13,0.538489583
2015,02,14,0.854397396
2015,02,15,0.218875
2015,02,16,0.397579167
2015,02,17,0.589107813
2015,02,18,0.885352604
2015,02,19,0.519623958
2015,02,20,0.236119792
2015,02,21,0.949360938
2015,02,22,0.867508854
2015,02,23,0.187195313
2015,02,24,0.540003125
2015,02,25,0.447471875
2015,02,26,0.910153125
2015,02,27,0.158175
2015,02,28,0.102530729
2015,03,01,0.923054167
2015,03,02,0.397485417
2015,03,03,0.87868125
2015,03,04,0.901222396
2015,03,05,0.443938021
2015,03,06,0.203050521
2015,03,07,0.733863542
2015,03,08,0.489288542
2015,03,09,0.150029687
2015,03,10,0.693220833
2015,03,11,0.384253646
2015,03,12,0.071359375
2015,03,13,0.535308333
2015,03,14,0.985053646
2015,03,15,0.781303646
2015,03,16,0.480520833
2015,03,17,0.496144271
2015,03,18,0.103167188
2015,03,19,0.300547917
2015,03,20,0.886265104
2015,03,21,0.767472396
2015,03,22,0.277358854
2015,03,23,0.406690104
2015,03,24,0.170273959
2015,03,25,0.634009896
2015,03,26,0.945169271
2015,03,27,0.925174479
2015,03,28,0.325746354
2015,03,29,0.350123958
2015,03,30,0.618781771
2015,03,31,0.693328125
2015,04,01,0.453805208
2015,04,02,0.569789063
2015,04,03,0.819656771
2015,04,04,0.504975
2015,04,05,0.719239583
2015,04,06,0.669163542
2015,04,07,0.980975521
2015,04,08,0.996111979
2015,04,09,0.924326042
2015,04,10,0.676635417
2015,04,11,0.344277083
2015,04,12,0.15340625
2015,04,13,0.508529688
2015,04,14,0.232538542
2015,04,15,0.19786875
2015,04,16,0.671223959
2015,04,17,0.520105729
2015,04,18,0.106809375
2015,04,19,0.4866375
2015,04,20,0.834742188
2015,04,21,0.686104687
2015,04,22,0.875348437
2015,04,23,0.956376042
2015,04,24,0.138591667
2015,04,25,0.426644271
2015,04,26,0.206479688
2015,04,27,0.868638542
2015,04,28,0.149535417
2015,04,29,0.20571875
2015,04,30,0.824632813
2015,05,01,0.269489583
2015,05,02,0.182636979
2015,05,03,0.177735417
2015,05,04,0.509122396
2015,05,05,0.902775521
2015,05,06,0.576965625
2015,05,07,0.157878125
2015,05,08,0.211980208
2015,05,09,0.406009375
2015,05,10,0.579211459
2015,05,11,0.552497396
2015,05,12,0.749475
2015,05,13,0.734884896
2015,05,14,0.224352604
2015,05,15,0.685904167
2015,05,16,0.730058854
2015,05,17,0.631129688
2015,05,18,0.504255729
2015,05,19,0.663588542
2015,05,20,0.659905729
2015,05,21,0.725703646
2015,05,22,0.240684896
2015,05,23,0.0797
2015,05,24,0.344210938
2015,05,25,0.453280729
2015,05,26,0.502051042
2015,05,27,0.647521354
2015,05,28,0.209145833
2015,05,29,0.378717709
2015,05,30,0.534841667
2015,05,31,0.991798437
2015,06,01,0.819346354
2015,06,02,0.329545312
2015,06,03,0.120734896
2015,06,04,0.531140104
2015,06,05,0.502904167
2015,06,06,0.328669271
2015,06,07,0.359898958
2015,06,08,0.791056771
2015,06,09,0.649046875
2015,06,10,0.361027084
2015,06,11,0.490785938
2015,06,12,0.632423437
2015,06,13,0.790585938
2015,06,14,0.671682292
2015,06,15,0.717807813
2015,06,16,0.482229688
2015,06,17,0.412886458
2015,06,18,0.728263542
2015,06,19,0.606545313
2015,06,20,0.546182813
2015,06,21,0.555299479
2015,06,22,0.29809375
2015,06,23,0.462808854
2015,06,24,0.14056875
2015,06,25,0.561506771
2015,06,26,0.354329688
2015,06,27,0.965985417
2015,06,28,0.810069271
2015,06,29,0.550950521
2015,06,30,0.813483854
2015,07,01,0.677411979
2015,07,02,0.370660417
2015,07,03,0.191432292
2015,07,04,0.073516667
2015,07,05,0.141282812
2015,07,06,0.247358334
2015,07,07,0.617363542
2015,07,08,0.742374479
2015,07,09,0.877653125
2015,07,10,0.28093125
2015,07,11,0.110675521
2015,07,12,0.490549479
2015,07,13,0.4023875
2015,07,14,0.698308333
2015,07,15,0.522365104
2015,07,16,0.185311458
2015,07,17,0.573864583
2015,07,18,0.38106875
2015,07,19,0.437128646
2015,07,20,0.26881875
2015,07,21,0.369776563
2015,07,22,0.280020313
2015,07,23,0.141593229
2015,07,24,0.229914583
2015,07,25,0.352921354
2015,07,26,0.362591667
2015,07,27,0.100305208
2015,07,28,0.113254688
2015,07,29,0.318530208
2015,07,30,0.166272917
2015,07,31,0.212141667
2015,08,01,0.241377604
2015,08,02,0.216322396
2015,08,03,0.56195625
2015,08,04,0.307380729
2015,08,05,0.288033333
2015,08,06,0.204006771
2015,08,07,0.225852604
2015,08,08,0.610188021
2015,08,09,0.467796875
2015,08,10,0.713120313
2015,08,11,0.705217708
2015,08,12,0.497291146
2015,08,13,0.367735937
2015,08,14,0.497184375
2015,08,15,0.30785625
2015,08,16,0.113671354
2015,08,17,0.312195312
2015,08,18,0.538218229
2015,08,19,0.347460938
2015,08,20,0.658159375
2015,08,21,0.312832292
2015,08,22,0.119914063
2015,08,23,0.249983333
2015,08,24,0.507233854
2015,08,25,0.920878646
2015,08,26,0.968308854
2015,08,27,0.681382813
2015,08,28,0.217973958
2015,08,29,0.556526042
2015,08,30,0.624549479
2015,08,31,0.233470313
2015,09,01,0.166368229
2015,09,02,0.186574479
2015,09,03,0.382938542
2015,09,04,0.507626042
2015,09,05,0.225297917
2015,09,06,0.13171875
2015,09,07,0.210342708
2015,09,08,0.293134375
2015,09,09,0.603234375
2015,09,10,0.146972917
2015,09,11,0.58884375
2015,09,12,0.888960937
2015,09,13,0.691771875
2015,09,14,0.137155208
2015,09,15,0.186489062
2015,09,16,0.056586979
2015,09,17,0.022049479
2015,09,18,0.412138021
2015,09,19,0.702101563
2015,09,20,0.265827604
2015,09,21,0.130295833
2015,09,22,0.095208333
2015,09,23,0.084965104
2015,09,24,0.118620834
2015,09,25,0.225322396
2015,09,26,0.283051563
2015,09,27,0.5284875
2015,09,28,0.741353646
2015,09,29,0.88739375
2015,09,30,0.806726042
2015,10,01,0.493367188
2015,10,02,0.342856771
2015,10,03,0.939263021
2015,10,04,0.610370833
2015,10,05,0.339029687
2015,10,06,0.787341146
2015,10,07,0.521891667
2015,10,08,0.473351563
2015,10,09,0.853557813
2015,10,10,0.291482813
2015,10,11,0.087222396
2015,10,12,0.299104167
2015,10,13,0.819129167
2015,10,14,0.77076875
2015,10,15,0.553595312
2015,10,16,0.612865104
2015,10,17,0.747933854
2015,10,18,0.667827083
2015,10,19,0.214563542
2015,10,20,0.50401875
2015,10,21,0.718222396
2015,10,22,0.483409375
2015,10,23,0.281659375
2015,10,24,0.8279875
2015,10,25,0.514430729
2015,10,26,0.272654167
2015,10,27,0.474088542
2015,10,28,0.917633333
2015,10,29,0.744763021
2015,10,30,0.847940104
2015,10,31,0.869278646
2015,11,01,0.417685417
2015,11,02,0.077226042
2015,11,03,0.009520313
2015,11,04,0.134613542
2015,11,05,0.666907292
2015,11,06,0.747434375
2015,11,07,0.660354688
2015,11,08,0.181808854
2015,11,09,0.110017187
2015,11,10,0.978126563
2015,11,11,0.406679167
2015,11,12,0.892352083
2015,11,13,0.966777083
2015,11,14,0.664001042
2015,11,15,0.072483854
2015,11,16,0.100611458
2015,11,17,0.5106375
2015,11,18,0.572075
2015,11,19,0.557084375
2015,11,20,0.200267188
2015,11,21,0.899627084
2015,11,22,0.707361458
2015,11,23,0.859244271
2015,11,24,0.698041146
2015,11,25,0.129255729
2015,11,26,0.600658854
2015,11,27,0.943782812
2015,11,28,0.881576562
2015,11,29,0.404944792
2015,11,30,0.274775
2015,12,01,0.926944271
2015,12,02,0.582588021
2015,12,03,0.924602083
2015,12,04,0.892078646
2015,12,05,0.729096354
2015,12,06,0.401907812
2015,12,07,0.5909
2015,12,08,0.735644271
2015,12,09,0.499419792
2015,12,10,0.399257292
2015,12,11,0.347399479
2015,12,12,0.917917708
2015,12,13,0.669398958
2015,12,14,0.6717625
2015,12,15,0.848173438
2015,12,16,0.840163542
2015,12,17,0.841620313
2015,12,18,0.946552083
2015,12,19,0.791758854
2015,12,20,0.339459896
2015,12,21,0.861965104
2015,12,22,0.796507813
2015,12,23,0.550666667
2015,12,24,0.385135938
2015,12,25,0.611771354
2015,12,26,0.8204625
2015,12,27,0.968844792
2015,12,28,0.963165625
2015,12,29,0.984829167
2015,12,30,0.998761979
2015,12,31,1
2016,01,01,0.98599375
2016,01,02,0.78529375
2016,01,03,0.867365104
2016,01,04,0.734672917
2016,01,05,0.220759896
2016,01,06,0.1720625
2016,01,07,0.283711979
2016,01,08,0.60618125
2016,01,09,0.849060417
2016,01,10,0.935179167
2016,01,11,0.768504167
2016,01,12,0.954457292
2016,01,13,0.933375521
2016,01,14,0.839469792
2016,01,15,0.649971354
2016,01,16,0.980933333
2016,01,17,0.966131771
2016,01,18,0.889036979
2016,01,19,0.735117188
2016,01,20,0.851276042
2016,01,21,0.854467708
2016,01,22,0.600127083
2016,01,23,0.561120313
2016,01,24,0.623552083
2016,01,25,0.541033854
2016,01,26,0.984404688
2016,01,27,0.951509896
2016,01,28,0.812116667
2016,01,29,0.719413021
2016,01,30,0.39338125
2016,01,31,0.842297917
2016,02,01,0.495485417
2016,02,02,0.525852084
2016,02,03,0.677943229
2016,02,04,0.960972917
2016,02,05,0.583836979
2016,02,06,0.554111459
2016,02,07,0.456743229
2016,02,08,0.928490104
2016,02,09,0.986505729
2016,02,10,0.965780729
2016,02,11,0.698159896
2016,02,12,0.785826563
2016,02,13,0.697130729
2016,02,14,0.576879167
2016,02,15,0.985570834
2016,02,16,1
2016,02,17,0.889134896
2016,02,18,0.242609896
2016,02,19,0.791614063
2016,02,20,0.172852604
2016,02,21,0.476413542
2016,02,22,0.495411459
2016,02,23,0.246695833
2016,02,24,0.951791667
2016,02,25,0.931271354
2016,02,26,0.7376375
2016,02,27,0.551078125
2016,02,28,0.281666667
2016,02,29,0.939229167
2016,03,01,0.7286125
2016,03,02,0.888438021
2016,03,03,0.8048875
2016,03,04,0.643514063
2016,03,05,0.889789062
2016,03,06,0.517010417
2016,03,07,0.447710938
2016,03,08,0.564368229
2016,03,09,0.583716667
2016,03,10,1
2016,03,11,0.762818229
2016,03,12,0.379105729
2016,03,13,0.876084896
2016,03,14,0.898821875
2016,03,15,0.970079688
2016,03,16,0.592335417
2016,03,17,0.376442188
2016,03,18,0.451054688
2016,03,19,0.363172917
2016,03,20,0.584944271
2016,03,21,0.423001042
2016,03,22,0.578457292
2016,03,23,0.830779167
2016,03,24,0.974923438
2016,03,25,0.918828646
2016,03,26,0.358131771
2016,03,27,0.235493229
2016,03,28,0.940898438
2016,03,29,0.220643229
2016,03,30,0.417147396
2016,03,31,0.89383125
2016,04,01,0.705901042
2016,04,02,0.808426562
2016,04,03,0.710630729
2016,04,04,0.806060417
2016,04,05,0.284189063
2016,04,06,0.842847917
2016,04,07,0.993400521
2016,04,08,0.826367188
2016,04,09,0.777638542
2016,04,10,0.791235417
2016,04,11,0.909031771
2016,04,12,0.3004625
2016,04,13,0.273675521
2016,04,14,0.016152604
2016,04,15,0.042252604
2016,04,16,0.038455729
2016,04,17,0.043593229
2016,04,18,0.155296354
2016,04,19,0.371195833
2016,04,20,0.1611375
2016,04,21,0.894292187
2016,04,22,0.746121875
2016,04,23,0.396856771
2016,04,24,0.253041667
2016,04,25,0.575895313
2016,04,26,0.927941146
2016,04,27,0.280017188
2016,04,28,0.796984375
2016,04,29,0.930142187
2016,04,30,0.6292125
2016,05,01,0.998970313
2016,05,02,0.832617708
2016,05,03,0.527524479
2016,05,04,0.528188021
2016,05,05,0.547402083
2016,05,06,0.142108333
2016,05,07,0.510801563
2016,05,08,0.290052083
2016,05,09,0.222165104
2016,05,10,0.761242708
2016,05,11,0.614779688
2016,05,12,0.482634375
2016,05,13,0.616166146
2016,05,14,0.903933854
2016,05,15,0.859778646
2016,05,16,0.231676042
2016,05,17,0.653478646
2016,05,18,0.197935937
2016,05,19,0.073511458
2016,05,20,0.242798438
2016,05,21,0.780994792
2016,05,22,0.326857292
2016,05,23,0.028307292
2016,05,24,0.057775
2016,05,25,0.293921354
2016,05,26,0.463105208
2016,05,27,0.25314375
2016,05,28,0.368852084
2016,05,29,0.366255208
2016,05,30,0.177682813
2016,05,31,0.178221875
2016,06,01,0.262120833
2016,06,02,0.409405729
2016,06,03,0.206388021
2016,06,04,0.52011875
2016,06,05,0.690844271
2016,06,06,0.298935938
2016,06,07,0.559859375
2016,06,08,0.488177604
2016,06,09,0.223479167
2016,06,10,0.353961979
2016,06,11,0.296029167
2016,06,12,0.150583333
2016,06,13,0.394565104
2016,06,14,0.282736979
2016,06,15,0.591122396
2016,06,16,0.648397917
2016,06,17,0.113713542
2016,06,18,0.129051042
2016,06,19,0.177132813
2016,06,20,0.407214063
2016,06,21,0.270804688
2016,06,22,0.381523438
2016,06,23,0.640602083
2016,06,24,0.049273959
2016,06,25,0.067407812
2016,06,26,0.32591875
2016,06,27,0.323497917
2016,06,28,0.619759375
2016,06,29,0.251446354
2016,06,30,0.129808333
2016,07,01,0.547404687
2016,07,02,0.167592708
2016,07,03,0.187017188
2016,07,04,0.530164583
2016,07,05,0.578152083
2016,07,06,0.405169271
2016,07,07,0.328515104
2016,07,08,0.582757813
2016,07,09,0.595734896
2016,07,10,0.292870313
2016,07,11,0.382728125
2016,07,12,0.222770833
2016,07,13,0.414348438
2016,07,14,0.571057812
2016,07,15,0.381107292
2016,07,16,0.594808854
2016,07,17,0.247318229
2016,07,18,0.454658333
2016,07,19,0.208184896
2016,07,20,0.092375
2016,07,21,0.177643229
2016,07,22,0.392635417
2016,07,23,0.130704688
2016,07,24,0.3642
2016,07,25,0.419995312
2016,07,26,0.142735938
2016,07,27,0.117318229
2016,07,28,0.287283854
2016,07,29,0.456358334
2016,07,30,0.631013021
2016,07,31,0.549653125
2016,08,01,0.379777604
2016,08,02,0.148560417
2016,08,03,0.083748958
2016,08,04,0.144080729
2016,08,05,0.315425521
2016,08,06,0.287375
2016,08,07,0.269384896
2016,08,08,0.116820312
2016,08,09,0.332139583
2016,08,10,0.420953125
2016,08,11,0.477569271
2016,08,12,0.529671354
2016,08,13,0.744445313
2016,08,14,0.675160938
2016,08,15,0.6630125
2016,08,16,0.701197396
2016,08,17,0.342080208
2016,08,18,0.324153125
2016,08,19,0.319627083
2016,08,20,0.332699479
2016,08,21,0.608401563
2016,08,22,0.302975521
2016,08,23,0.090104688
2016,08,24,0.291638542
2016,08,25,0.610721875
2016,08,26,0.198644792
2016,08,27,0.307476042
2016,08,28,0.341804167
2016,08,29,0.195455729
2016,08,30,0.302558854
2016,08,31,0.709136458
2016,09,01,0.538784375
2016,09,02,0.222543229
2016,09,03,0.039266146
2016,09,04,0.05241875
2016,09,05,0.065103125
2016,09,06,0.222080208
2016,09,07,0.367335417
2016,09,08,0.513475
2016,09,09,0.488148438
2016,09,10,0.692358854
2016,09,11,0.298954688
2016,09,12,0.053302084
2016,09,13,0.125610417
2016,09,14,0.501217187
2016,09,15,0.193758854
2016,09,16,0.185148438
2016,09,17,0.746197917
2016,09,18,0.571096875
2016,09,19,0.176734375
2016,09,20,0.223879688
2016,09,21,0.153335417
2016,09,22,0.250002604
2016,09,23,0.563365625
2016,09,24,0.278284375
2016,09,25,0.107726562
2016,09,26,0.505988021
2016,09,27,0.292659375
2016,09,28,0.564971354
2016,09,29,0.934673958
2016,09,30,0.961864583
2016,10,01,0.891709896
2016,10,02,0.751179687
2016,10,03,0.530416146
2016,10,04,0.134145833
2016,10,05,0.188708854
2016,10,06,0.259440625
2016,10,07,0.075490104
2016,10,08,0.441681771
2016,10,09,0.529694271
2016,10,10,0.109644271
2016,10,11,0.287260417
2016,10,12,0.2966625
2016,10,13,0.666652083
2016,10,14,0.193915625
2016,10,15,0.194719271
2016,10,16,0.770596875
2016,10,17,0.515183854
2016,10,18,0.467456771
2016,10,19,0.373830729
2016,10,20,0.988547917
2016,10,21,0.969897917
2016,10,22,0.681952083
2016,10,23,0.673669792
2016,10,24,0.807261979
2016,10,25,0.616291146
2016,10,26,0.665929167
2016,10,27,0.963231771
2016,10,28,0.450708333
2016,10,29,0.713448438
2016,10,30,0.911444271
2016,10,31,0.254668229
2016,11,01,0.341181771
2016,11,02,0.710641146
2016,11,03,0.876351042
2016,11,04,0.376882292
2016,11,05,0.050548438
2016,11,06,0.105758333
2016,11,07,0.016152604
2016,11,08,0.529429167
2016,11,09,0.799285937
2016,11,10,0.085023438
2016,11,11,0.611470833
2016,11,12,0.400894792
2016,11,13,0.0204375
2016,11,14,0.224017708
2016,11,15,0.3645
2016,11,16,0.72919375
2016,11,17,0.224390104
2016,11,18,0.161047917
2016,11,19,0.861836458
2016,11,20,0.969790104
2016,11,21,0.658603646
2016,11,22,0.582224479
2016,11,23,0.716233854
2016,11,24,0.99429375
2016,11,25,0.999251042
2016,11,26,0.977065104
2016,11,27,0.530014063
2016,11,28,0.632305729
2016,11,29,0.581400521
2016,11,30,0.789640625
2016,12,01,0.980028646
2016,12,02,0.960608333
2016,12,03,0.98045625
2016,12,04,0.876236458
2016,12,05,0.823548958
2016,12,06,0.694357813
2016,12,07,0.655455729
2016,12,08,0.970566146
2016,12,09,0.914876042
2016,12,10,0.88773125
2016,12,11,0.985890104
2016,12,12,0.984627604
2016,12,13,0.730832292
2016,12,14,0.676865104
2016,12,15,0.715257813
2016,12,16,0.833773958
2016,12,17,0.999204688
2016,12,18,0.812527083
2016,12,19,0.436860937
2016,12,20,0.186255208
2016,12,21,0.518667188
2016,12,22,0.88443125
2016,12,23,0.460861458
2016,12,24,0.996686979
2016,12,25,0.895095833
2016,12,26,0.900845833
2016,12,27,0.799982292
2016,12,28,0.777079167
2016,12,29,0.970195834
2016,12,30,0.947629167
2016,12,31,0.706436413
2017,01,01,0.2263125
2017,01,02,0.740050521
2017,01,03,0.994880729
2017,01,04,0.948267708
2017,01,05,0.908516667
2017,01,06,0.636422396
2017,01,07,0.753825521
2017,01,08,0.775006771
2017,01,09,0.775727083
2017,01,10,0.988282292
2017,01,11,0.4981125
2017,01,12,0.977655208
2017,01,13,0.565483854
2017,01,14,0.70890625
2017,01,15,0.161145833
2017,01,16,0.630069271
2017,01,17,0.998828125
2017,01,18,1
2017,01,19,1
