Date Time, Water Level, I, L 
2008-10-01 00:00,176.222,0,0
2008-10-02 00:00,176.227,0,0
2008-10-03 00:00,176.214,0,0
2008-10-04 00:00,176.185,0,0
2008-10-05 00:00,176.149,0,0
2008-10-06 00:00,176.109,0,0
2008-10-07 00:00,176.070,0,0
2008-10-08 00:00,176.046,0,0
2008-10-09 00:00,176.147,0,0
2008-10-10 00:00,176.154,0,0
2008-10-11 00:00,176.087,0,0
2008-10-12 00:00,176.072,0,0
2008-10-13 00:00,176.091,0,0
2008-10-14 00:00,176.145,0,0
2008-10-15 00:00,176.129,0,0
2008-10-16 00:00,176.180,0,0
2008-10-17 00:00,176.128,0,0
2008-10-18 00:00,176.092,0,0
2008-10-19 00:00,176.060,0,0
2008-10-20 00:00,176.085,0,0
2008-10-21 00:00,176.194,0,0
2008-10-22 00:00,176.107,0,0
2008-10-23 00:00,176.025,0,0
2008-10-24 00:00,175.977,0,0
2008-10-25 00:00,175.996,0,0
2008-10-26 00:00,176.047,0,0
2008-10-27 00:00,176.133,0,0
2008-10-28 00:00,176.150,0,0
2008-10-29 00:00,176.156,0,0
2008-10-30 00:00,176.048,0,0
2008-10-31 00:00,176.081,0,0
2008-11-01 00:00,176.049,0,0
2008-11-02 00:00,175.980,0,0
2008-11-03 00:00,175.975,0,0
2008-11-04 00:00,175.997,0,0
2008-11-05 00:00,176.006,0,0
2008-11-06 00:00,175.979,0,0
2008-11-07 00:00,175.963,0,0
2008-11-08 00:00,175.992,0,0
2008-11-09 00:00,176.064,0,0
2008-11-10 00:00,176.105,0,0
2008-11-11 00:00,176.056,0,0
2008-11-12 00:00,175.960,0,0
2008-11-13 00:00,175.944,0,0
2008-11-14 00:00,175.999,0,0
2008-11-15 00:00,176.090,0,0
2008-11-16 00:00,176.080,0,0
2008-11-17 00:00,176.074,0,0
2008-11-18 00:00,176.040,0,0
2008-11-19 00:00,175.992,0,0
2008-11-20 00:00,176.082,0,0
2008-11-21 00:00,176.066,0,0
2008-11-22 00:00,176.047,0,0
2008-11-23 00:00,175.963,0,0
2008-11-24 00:00,175.990,0,0
2008-11-25 00:00,176.046,0,0
2008-11-26 00:00,176.056,0,0
2008-11-27 00:00,176.011,0,0
2008-11-28 00:00,176.011,0,0
2008-11-29 00:00,176.000,0,0
2008-11-30 00:00,175.981,0,0
2008-12-01 00:00,175.933,0,0
2008-12-02 00:00,175.956,0,0
2008-12-03 00:00,175.956,0,0
2008-12-04 00:00,176.013,0,0
2008-12-05 00:00,176.016,0,0
2008-12-06 00:00,175.981,0,0
2008-12-07 00:00,176.066,0,0
2008-12-08 00:00,175.927,0,0
2008-12-09 00:00,175.948,0,0
2008-12-10 00:00,175.985,0,0
2008-12-11 00:00,175.968,0,0
2008-12-12 00:00,176.024,0,0
2008-12-13 00:00,175.903,0,0
2008-12-14 00:00,175.889,0,0
2008-12-15 00:00,175.949,0,0
2008-12-16 00:00,176.065,0,0
2008-12-17 00:00,175.975,0,0
2008-12-18 00:00,175.996,0,0
2008-12-19 00:00,176.021,0,0
2008-12-20 00:00,175.949,0,0
2008-12-21 00:00,175.910,0,0
2008-12-22 00:00,176.043,0,0
2008-12-23 00:00,175.938,0,0
2008-12-24 00:00,175.932,0,0
2008-12-25 00:00,176.018,0,0
2008-12-26 00:00,175.924,0,0
2008-12-27 00:00,175.906,0,0
2008-12-28 00:00,175.927,0,0
2008-12-29 00:00,176.059,0,0
2008-12-30 00:00,176.142,0,0
2008-12-31 00:00,176.107,0,0
2009-01-01 00:00,175.976,0,0
2009-01-02 00:00,176.017,0,0
2009-01-03 00:00,176.069,0,0
2009-01-04 00:00,175.948,0,0
2009-01-05 00:00,176.013,0,0
2009-01-06 00:00,176.041,0,0
2009-01-07 00:00,176.002,0,0
2009-01-08 00:00,176.057,0,0
2009-01-09 00:00,176.047,0,0
2009-01-10 00:00,176.017,0,0
2009-01-11 00:00,176.010,0,0
2009-01-12 00:00,176.011,0,0
2009-01-13 00:00,176.056,0,0
2009-01-14 00:00,176.059,0,0
2009-01-15 00:00,176.036,0,0
2009-01-16 00:00,176.044,0,0
2009-01-17 00:00,175.963,0,0
2009-01-18 00:00,176.008,0,0
2009-01-19 00:00,176.075,0,0
2009-01-20 00:00,176.057,0,0
2009-01-21 00:00,176.017,0,0
2009-01-22 00:00,176.024,0,0
2009-01-23 00:00,176.036,0,0
2009-01-24 00:00,176.055,0,0
2009-01-25 00:00,176.048,0,0
2009-01-26 00:00,176.016,0,0
2009-01-27 00:00,176.019,0,0
2009-01-28 00:00,176.014,0,0
2009-01-29 00:00,175.994,0,0
2009-01-30 00:00,176.034,0,0
2009-01-31 00:00,175.987,0,0
2009-02-01 00:00,175.970,0,0
2009-02-02 00:00,176.033,0,0
2009-02-03 00:00,176.056,0,0
2009-02-04 00:00,176.045,0,0
2009-02-05 00:00,175.990,0,0
2009-02-06 00:00,175.955,0,0
2009-02-07 00:00,175.918,0,0
2009-02-08 00:00,176.030,0,0
2009-02-09 00:00,175.990,0,0
2009-02-10 00:00,175.901,0,0
2009-02-11 00:00,176.000,0,0
2009-02-12 00:00,176.056,0,0
2009-02-13 00:00,176.061,0,0
2009-02-14 00:00,176.027,0,0
2009-02-15 00:00,176.053,0,0
2009-02-16 00:00,176.056,0,0
2009-02-17 00:00,175.998,0,0
2009-02-18 00:00,175.998,0,0
2009-02-19 00:00,176.112,0,0
2009-02-20 00:00,176.155,0,0
2009-02-21 00:00,176.065,0,0
2009-02-22 00:00,176.062,0,0
2009-02-23 00:00,176.122,0,0
2009-02-24 00:00,176.033,0,0
2009-02-25 00:00,175.976,0,0
2009-02-26 00:00,176.040,0,0
2009-02-27 00:00,176.117,0,0
2009-02-28 00:00,176.089,0,0
2009-03-01 00:00,176.113,0,0
2009-03-02 00:00,176.120,0,0
2009-03-03 00:00,176.074,0,0
2009-03-04 00:00,176.052,0,0
2009-03-05 00:00,175.980,0,0
2009-03-06 00:00,176.031,0,0
2009-03-07 00:00,176.065,0,0
2009-03-08 00:00,176.095,0,0
2009-03-09 00:00,176.116,0,0
2009-03-10 00:00,176.076,0,0
2009-03-11 00:00,176.070,0,0
2009-03-12 00:00,176.182,0,0
2009-03-13 00:00,176.103,0,0
2009-03-14 00:00,176.112,0,0
2009-03-15 00:00,176.101,0,0
2009-03-16 00:00,176.090,0,0
2009-03-17 00:00,176.068,0,0
2009-03-18 00:00,176.121,0,0
2009-03-19 00:00,176.169,0,0
2009-03-20 00:00,176.124,0,0
2009-03-21 00:00,176.087,0,0
2009-03-22 00:00,176.127,0,0
2009-03-23 00:00,176.064,0,0
2009-03-24 00:00,175.986,0,0
2009-03-25 00:00,175.960,0,0
2009-03-26 00:00,176.101,0,0
2009-03-27 00:00,176.126,0,0
2009-03-28 00:00,176.170,0,0
2009-03-29 00:00,176.127,0,0
2009-03-30 00:00,176.207,0,0
2009-03-31 00:00,176.121,0,0
2009-04-01 00:00,176.058,0,0
2009-04-02 00:00,176.165,0,0
2009-04-03 00:00,176.236,0,0
2009-04-04 00:00,176.296,0,0
2009-04-05 00:00,176.235,0,0
2009-04-06 00:00,176.276,0,0
2009-04-07 00:00,176.258,0,0
2009-04-08 00:00,176.244,0,0
2009-04-09 00:00,176.216,0,0
2009-04-10 00:00,176.206,0,0
2009-04-11 00:00,176.195,0,0
2009-04-12 00:00,176.197,0,0
2009-04-13 00:00,176.159,0,0
2009-04-14 00:00,176.178,0,0
2009-04-15 00:00,176.211,0,0
2009-04-16 00:00,176.190,0,0
2009-04-17 00:00,176.187,0,0
2009-04-18 00:00,176.221,0,0
2009-04-19 00:00,176.175,0,0
2009-04-20 00:00,176.152,0,0
2009-04-21 00:00,176.139,0,0
2009-04-22 00:00,176.243,0,0
2009-04-23 00:00,176.263,0,0
2009-04-24 00:00,176.183,0,0
2009-04-25 00:00,176.230,0,0
2009-04-26 00:00,176.266,0,0
2009-04-27 00:00,176.186,0,0
2009-04-28 00:00,176.308,0,0
2009-04-29 00:00,176.265,0,0
2009-04-30 00:00,176.245,0,0
2009-05-01 00:00,176.313,0,0
2009-05-02 00:00,176.314,0,0
2009-05-03 00:00,176.308,0,0
2009-05-04 00:00,176.308,0,0
2009-05-05 00:00,176.283,0,0
2009-05-06 00:00,176.285,0,0
2009-05-07 00:00,176.289,0,0
2009-05-08 00:00,176.332,0,0
2009-05-09 00:00,176.331,0,0
2009-05-10 00:00,176.360,0,0
2009-05-11 00:00,176.339,0,0
2009-05-12 00:00,176.315,0,0
2009-05-13 00:00,176.250,0,0
2009-05-14 00:00,176.280,0,0
2009-05-15 00:00,176.332,0,0
2009-05-16 00:00,176.321,0,0
2009-05-17 00:00,176.418,0,0
2009-05-18 00:00,176.356,0,0
2009-05-19 00:00,176.347,0,0
2009-05-20 00:00,176.321,0,0
2009-05-21 00:00,176.367,0,0
2009-05-22 00:00,176.371,0,0
2009-05-23 00:00,176.353,0,0
2009-05-24 00:00,176.368,0,0
2009-05-25 00:00,176.366,0,0
2009-05-26 00:00,176.315,0,0
2009-05-27 00:00,176.352,0,0
2009-05-28 00:00,176.370,0,0
2009-05-29 00:00,176.409,0,0
2009-05-30 00:00,176.397,0,0
2009-05-31 00:00,176.418,0,0
2009-06-01 00:00,176.381,0,0
2009-06-02 00:00,176.395,0,0
2009-06-03 00:00,176.407,0,0
2009-06-04 00:00,176.392,0,0
2009-06-05 00:00,176.379,0,0
2009-06-06 00:00,176.397,0,0
2009-06-07 00:00,176.370,0,0
2009-06-08 00:00,176.364,0,0
2009-06-09 00:00,176.369,0,0
2009-06-10 00:00,176.421,0,0
2009-06-11 00:00,176.410,0,0
2009-06-12 00:00,176.420,0,0
2009-06-13 00:00,176.411,0,0
2009-06-14 00:00,176.419,0,0
2009-06-15 00:00,176.430,0,0
2009-06-16 00:00,176.404,0,0
2009-06-17 00:00,176.410,0,0
2009-06-18 00:00,176.425,0,0
2009-06-19 00:00,176.385,0,0
2009-06-20 00:00,176.438,0,0
2009-06-21 00:00,176.454,0,0
2009-06-22 00:00,176.439,0,0
2009-06-23 00:00,176.439,0,0
2009-06-24 00:00,176.446,0,0
2009-06-25 00:00,176.456,0,0
2009-06-26 00:00,176.458,0,0
2009-06-27 00:00,176.452,0,0
2009-06-28 00:00,176.440,0,0
2009-06-29 00:00,176.484,0,0
2009-06-30 00:00,176.502,0,0
2009-07-01 00:00,176.489,0,0
2009-07-02 00:00,176.486,0,0
2009-07-03 00:00,176.504,0,0
2009-07-04 00:00,176.485,0,0
2009-07-05 00:00,176.458,0,0
2009-07-06 00:00,176.481,0,0
2009-07-07 00:00,176.499,0,0
2009-07-08 00:00,176.487,0,0
2009-07-09 00:00,176.443,0,0
2009-07-10 00:00,176.421,0,0
2009-07-11 00:00,176.465,0,0
2009-07-12 00:00,176.480,0,0
2009-07-13 00:00,176.470,0,0
2009-07-14 00:00,176.468,0,0
2009-07-15 00:00,176.419,0,0
2009-07-16 00:00,176.464,0,0
2009-07-17 00:00,176.468,0,0
2009-07-18 00:00,176.467,0,0
2009-07-19 00:00,176.478,0,0
2009-07-20 00:00,176.440,0,0
2009-07-21 00:00,176.421,0,0
2009-07-22 00:00,176.411,0,0
2009-07-23 00:00,176.429,0,0
2009-07-24 00:00,176.437,0,0
2009-07-25 00:00,176.425,0,0
2009-07-26 00:00,176.452,0,0
2009-07-27 00:00,176.456,0,0
2009-07-28 00:00,176.441,0,0
2009-07-29 00:00,176.468,0,0
2009-07-30 00:00,176.452,0,0
2009-07-31 00:00,176.453,0,0
2009-08-01 00:00,176.434,0,0
2009-08-02 00:00,176.465,0,0
2009-08-03 00:00,176.442,0,0
2009-08-04 00:00,176.456,0,0
2009-08-05 00:00,176.482,0,0
2009-08-06 00:00,176.452,0,0
2009-08-07 00:00,176.450,0,0
2009-08-08 00:00,176.397,0,0
2009-08-09 00:00,176.422,0,0
2009-08-10 00:00,176.461,0,0
2009-08-11 00:00,176.468,0,0
2009-08-12 00:00,176.474,0,0
2009-08-13 00:00,176.451,0,0
2009-08-14 00:00,176.430,0,0
2009-08-15 00:00,176.450,0,0
2009-08-16 00:00,176.428,0,0
2009-08-17 00:00,176.440,0,0
2009-08-18 00:00,176.463,0,0
2009-08-19 00:00,176.481,0,0
2009-08-20 00:00,176.393,0,0
2009-08-21 00:00,176.437,0,0
2009-08-22 00:00,176.486,0,0
2009-08-23 00:00,176.472,0,0
2009-08-24 00:00,176.454,0,0
2009-08-25 00:00,176.422,0,0
2009-08-26 00:00,176.480,0,0
2009-08-27 00:00,176.443,0,0
2009-08-28 00:00,176.431,0,0
2009-08-29 00:00,176.389,0,0
2009-08-30 00:00,176.470,0,0
2009-08-31 00:00,176.452,0,0
2009-09-01 00:00,176.436,0,0
2009-09-02 00:00,176.429,0,0
2009-09-03 00:00,176.423,0,0
2009-09-04 00:00,176.425,0,0
2009-09-05 00:00,176.420,0,0
2009-09-06 00:00,176.407,0,0
2009-09-07 00:00,176.407,0,0
2009-09-08 00:00,176.413,0,0
2009-09-09 00:00,176.394,0,0
2009-09-10 00:00,176.382,0,0
2009-09-11 00:00,176.380,0,0
2009-09-12 00:00,176.381,0,0
2009-09-13 00:00,176.407,0,0
2009-09-14 00:00,176.395,0,0
2009-09-15 00:00,176.424,0,0
2009-09-16 00:00,176.355,0,0
2009-09-17 00:00,176.350,0,0
2009-09-18 00:00,176.394,0,0
2009-09-19 00:00,176.339,0,0
2009-09-20 00:00,176.337,0,0
2009-09-21 00:00,176.277,0,0
2009-09-22 00:00,176.337,0,0
2009-09-23 00:00,176.349,0,0
2009-09-24 00:00,176.380,0,0
2009-09-25 00:00,176.326,0,0
2009-09-26 00:00,176.289,0,0
2009-09-27 00:00,176.321,0,0
2009-09-28 00:00,176.344,0,0
2009-09-29 00:00,176.502,0,0
2009-09-30 00:00,176.400,0,0
2009-10-01 00:00,176.355,0,0
2009-10-02 00:00,176.272,0,0
2009-10-03 00:00,176.223,0,0
2009-10-04 00:00,176.322,0,0
2009-10-05 00:00,176.368,0,0
2009-10-06 00:00,176.309,0,0
2009-10-07 00:00,176.316,0,0
2009-10-08 00:00,176.334,0,0
2009-10-09 00:00,176.333,0,0
2009-10-10 00:00,176.322,0,0
2009-10-11 00:00,176.386,0,0
2009-10-12 00:00,176.321,0,0
2009-10-13 00:00,176.336,0,0
2009-10-14 00:00,176.305,0,0
2009-10-15 00:00,176.282,0,0
2009-10-16 00:00,176.279,0,0
2009-10-17 00:00,176.291,0,0
2009-10-18 00:00,176.279,0,0
2009-10-19 00:00,176.246,0,0
2009-10-20 00:00,176.264,0,0
2009-10-21 00:00,176.225,0,0
2009-10-22 00:00,176.245,0,0
2009-10-23 00:00,176.175,0,0
2009-10-24 00:00,176.131,0,0
2009-10-25 00:00,176.285,0,0
2009-10-26 00:00,176.210,0,0
2009-10-27 00:00,176.270,0,0
2009-10-28 00:00,176.282,0,0
2009-10-29 00:00,176.259,0,0
2009-10-30 00:00,176.186,0,0
2009-10-31 00:00,176.307,0,0
2009-11-01 00:00,176.368,0,0
2009-11-02 00:00,176.275,0,0
2009-11-03 00:00,176.347,0,0
2009-11-04 00:00,176.311,0,0
2009-11-05 00:00,176.348,0,0
2009-11-06 00:00,176.285,0,0
2009-11-07 00:00,176.240,0,0
2009-11-08 00:00,176.299,0,0
2009-11-09 00:00,176.277,0,0
2009-11-10 00:00,176.316,0,0
2009-11-11 00:00,176.288,0,0
2009-11-12 00:00,176.262,0,0
2009-11-13 00:00,176.233,0,0
2009-11-14 00:00,176.227,0,0
2009-11-15 00:00,176.302,0,0
2009-11-16 00:00,176.309,0,0
2009-11-17 00:00,176.251,0,0
2009-11-18 00:00,176.205,0,0
2009-11-19 00:00,176.212,0,0
2009-11-20 00:00,176.261,0,0
2009-11-21 00:00,176.275,0,0
2009-11-22 00:00,176.240,0,0
2009-11-23 00:00,176.231,0,0
2009-11-24 00:00,176.221,0,0
2009-11-25 00:00,176.204,0,0
2009-11-26 00:00,176.231,0,0
2009-11-27 00:00,176.332,0,0
2009-11-28 00:00,176.282,0,0
2009-11-29 00:00,176.274,0,0
2009-11-30 00:00,176.290,0,0
2009-12-01 00:00,176.304,0,0
2009-12-02 00:00,176.233,0,0
2009-12-03 00:00,176.268,0,0
2009-12-04 00:00,176.261,0,0
2009-12-05 00:00,176.272,0,0
2009-12-06 00:00,176.251,0,0
2009-12-07 00:00,176.237,0,0
2009-12-08 00:00,176.238,0,0
2009-12-09 00:00,176.095,0,0
2009-12-10 00:00,176.189,0,0
2009-12-11 00:00,176.318,0,0
2009-12-12 00:00,176.279,0,0
2009-12-13 00:00,176.216,0,0
2009-12-14 00:00,176.233,0,0
2009-12-15 00:00,176.240,0,0
2009-12-16 00:00,176.291,0,0
2009-12-17 00:00,176.238,0,0
2009-12-18 00:00,176.179,0,0
2009-12-19 00:00,176.182,0,0
2009-12-20 00:00,176.219,0,0
2009-12-21 00:00,176.215,0,0
2009-12-22 00:00,176.211,0,0
2009-12-23 00:00,176.217,0,0
2009-12-24 00:00,176.144,0,0
2009-12-25 00:00,176.027,0,0
2009-12-26 00:00,176.042,0,0
2009-12-27 00:00,176.155,0,0
2009-12-28 00:00,176.287,0,0
2009-12-29 00:00,176.275,0,0
2009-12-30 00:00,176.174,0,0
2009-12-31 00:00,176.182,0,0
2010-01-01 00:00,176.260,0,0
2010-01-02 00:00,176.274,0,0
2010-01-03 00:00,176.311,0,0
2010-01-04 00:00,176.270,0,0
2010-01-05 00:00,176.206,0,0
2010-01-06 00:00,176.203,0,0
2010-01-07 00:00,176.206,0,0
2010-01-08 00:00,176.200,0,0
2010-01-09 00:00,176.192,0,0
2010-01-10 00:00,176.166,0,0
2010-01-11 00:00,176.214,0,0
2010-01-12 00:00,176.164,0,0
2010-01-13 00:00,176.182,0,0
2010-01-14 00:00,176.155,0,0
2010-01-15 00:00,176.187,0,0
2010-01-16 00:00,176.176,0,0
2010-01-17 00:00,176.157,0,0
2010-01-18 00:00,176.152,0,0
2010-01-19 00:00,176.176,0,0
2010-01-20 00:00,176.167,0,0
2010-01-21 00:00,176.113,0,0
2010-01-22 00:00,176.097,0,0
2010-01-23 00:00,176.082,0,0
2010-01-24 00:00,176.000,0,0
2010-01-25 00:00,176.074,0,0
2010-01-26 00:00,176.167,0,0
2010-01-27 00:00,176.182,0,0
2010-01-28 00:00,176.273,0,0
2010-01-29 00:00,176.245,0,0
2010-01-30 00:00,176.143,0,0
2010-01-31 00:00,176.162,0,0
2010-02-01 00:00,176.185,0,0
2010-02-02 00:00,176.148,0,0
2010-02-03 00:00,176.132,0,0
2010-02-04 00:00,176.145,0,0
2010-02-05 00:00,176.155,0,0
2010-02-06 00:00,176.134,0,0
2010-02-07 00:00,176.128,0,0
2010-02-08 00:00,176.135,0,0
2010-02-09 00:00,176.137,0,0
2010-02-10 00:00,176.149,0,0
2010-02-11 00:00,176.154,0,0
2010-02-12 00:00,176.156,0,0
2010-02-13 00:00,176.138,0,0
2010-02-14 00:00,176.159,0,0
2010-02-15 00:00,176.140,0,0
2010-02-16 00:00,176.134,0,0
2010-02-17 00:00,176.157,0,0
2010-02-18 00:00,176.181,0,0
2010-02-19 00:00,176.161,0,0
2010-02-20 00:00,176.132,0,0
2010-02-21 00:00,176.115,0,0
2010-02-22 00:00,176.122,0,0
2010-02-23 00:00,176.115,0,0
2010-02-24 00:00,176.138,0,0
2010-02-25 00:00,176.165,0,0
2010-02-26 00:00,176.236,0,0
2010-02-27 00:00,176.156,0,0
2010-02-28 00:00,176.145,0,0
2010-03-01 00:00,176.144,0,0
2010-03-02 00:00,176.123,0,0
2010-03-03 00:00,176.137,0,0
2010-03-04 00:00,176.129,0,0
2010-03-05 00:00,176.113,0,0
2010-03-06 00:00,176.103,0,0
2010-03-07 00:00,176.107,0,0
2010-03-08 00:00,176.095,0,0
2010-03-09 00:00,176.086,0,0
2010-03-10 00:00,176.049,0,0
2010-03-11 00:00,176.037,0,0
2010-03-12 00:00,176.045,0,0
2010-03-13 00:00,176.077,0,0
2010-03-14 00:00,176.129,0,0
2010-03-15 00:00,176.129,0,0
2010-03-16 00:00,176.121,0,0
2010-03-17 00:00,176.101,0,0
2010-03-18 00:00,176.117,0,0
2010-03-19 00:00,176.118,0,0
2010-03-20 00:00,176.148,0,0
2010-03-21 00:00,176.105,0,0
2010-03-22 00:00,176.129,0,0
2010-03-23 00:00,176.121,0,0
2010-03-24 00:00,176.132,0,0
2010-03-25 00:00,176.185,0,0
2010-03-26 00:00,176.135,0,0
2010-03-27 00:00,176.069,0,0
2010-03-28 00:00,176.092,0,0
2010-03-29 00:00,176.116,0,0
2010-03-30 00:00,176.084,0,0
2010-03-31 00:00,176.043,0,0
2010-04-01 00:00,176.055,0,0
2010-04-02 00:00,176.040,0,0
2010-04-03 00:00,176.045,0,0
2010-04-04 00:00,176.076,0,0
2010-04-05 00:00,176.083,0,0
2010-04-06 00:00,176.120,0,0
2010-04-07 00:00,176.126,0,0
2010-04-08 00:00,176.105,0,0
2010-04-09 00:00,176.165,0,0
2010-04-10 00:00,176.152,0,0
2010-04-11 00:00,176.138,0,0
2010-04-12 00:00,176.135,0,0
2010-04-13 00:00,176.092,0,0
2010-04-14 00:00,176.106,0,0
2010-04-15 00:00,176.089,0,0
2010-04-16 00:00,176.165,0,0
2010-04-17 00:00,176.233,0,0
2010-04-18 00:00,176.161,0,0
2010-04-19 00:00,176.144,0,0
2010-04-20 00:00,176.118,0,0
2010-04-21 00:00,176.133,0,0
2010-04-22 00:00,176.116,0,0
2010-04-23 00:00,176.107,0,0
2010-04-24 00:00,176.085,0,0
2010-04-25 00:00,176.083,0,0
2010-04-26 00:00,176.146,0,0
2010-04-27 00:00,176.135,0,0
2010-04-28 00:00,176.124,0,0
2010-04-29 00:00,176.105,0,0
2010-04-30 00:00,176.039,0,0
2010-05-01 00:00,176.079,0,0
2010-05-02 00:00,176.116,0,0
2010-05-03 00:00,176.126,0,0
2010-05-04 00:00,176.122,0,0
2010-05-05 00:00,176.108,0,0
2010-05-06 00:00,176.165,0,0
2010-05-07 00:00,176.125,0,0
2010-05-08 00:00,176.132,0,0
2010-05-09 00:00,176.203,0,0
2010-05-10 00:00,176.159,0,0
2010-05-11 00:00,176.093,0,0
2010-05-12 00:00,176.093,0,0
2010-05-13 00:00,176.107,0,0
2010-05-14 00:00,176.111,0,0
2010-05-15 00:00,176.177,0,0
2010-05-16 00:00,176.154,0,0
2010-05-17 00:00,176.150,0,0
2010-05-18 00:00,176.143,0,0
2010-05-19 00:00,176.149,0,0
2010-05-20 00:00,176.152,0,0
2010-05-21 00:00,176.128,0,0
2010-05-22 00:00,176.122,0,0
2010-05-23 00:00,176.122,0,0
2010-05-24 00:00,176.106,0,0
2010-05-25 00:00,176.114,0,0
2010-05-26 00:00,176.126,0,0
2010-05-27 00:00,176.163,0,0
2010-05-28 00:00,176.163,0,0
2010-05-29 00:00,176.131,0,1
2010-05-30 00:00,176.126,0,0
2010-05-31 00:00,176.126,0,0
2010-06-01 00:00,176.148,0,0
2010-06-02 00:00,176.137,0,0
2010-06-03 00:00,176.157,0,0
2010-06-04 00:00,176.146,0,0
2010-06-05 00:00,176.139,0,0
2010-06-06 00:00,176.183,0,0
2010-06-07 00:00,176.187,0,0
2010-06-08 00:00,176.158,0,0
2010-06-09 00:00,176.103,0,0
2010-06-10 00:00,176.182,0,0
2010-06-11 00:00,176.139,0,0
2010-06-12 00:00,176.145,0,0
2010-06-13 00:00,176.200,0,0
2010-06-14 00:00,176.197,0,0
2010-06-15 00:00,176.177,0,0
2010-06-16 00:00,176.168,0,0
2010-06-17 00:00,176.220,0,0
2010-06-18 00:00,176.174,0,0
2010-06-19 00:00,176.222,0,0
2010-06-20 00:00,176.234,0,0
2010-06-21 00:00,176.215,0,0
2010-06-22 00:00,176.191,0,0
2010-06-23 00:00,176.227,0,0
2010-06-24 00:00,176.267,0,0
2010-06-25 00:00,176.263,0,0
2010-06-26 00:00,176.244,0,0
2010-06-27 00:00,176.242,0,0
2010-06-28 00:00,176.286,0,0
2010-06-29 00:00,176.332,0,0
2010-06-30 00:00,176.315,0,0
2010-07-01 00:00,176.287,0,0
2010-07-02 00:00,176.252,0,0
2010-07-03 00:00,176.255,0,0
2010-07-04 00:00,176.250,0,0
2010-07-05 00:00,176.256,0,0
2010-07-06 00:00,176.244,0,0
2010-07-07 00:00,176.261,0,0
2010-07-08 00:00,176.257,0,0
2010-07-09 00:00,176.276,0,0
2010-07-10 00:00,176.262,0,0
2010-07-11 00:00,176.242,0,0
2010-07-12 00:00,176.251,0,0
2010-07-13 00:00,176.261,0,0
2010-07-14 00:00,176.256,0,0
2010-07-15 00:00,176.221,0,0
2010-07-16 00:00,176.277,0,0
2010-07-17 00:00,176.299,0,0
2010-07-18 00:00,176.292,0,0
2010-07-19 00:00,176.284,0,0
2010-07-20 00:00,176.270,0,0
2010-07-21 00:00,176.268,0,0
2010-07-22 00:00,176.287,0,0
2010-07-23 00:00,176.256,0,0
2010-07-24 00:00,176.296,0,0
2010-07-25 00:00,176.319,0,0
2010-07-26 00:00,176.310,0,0
2010-07-27 00:00,176.290,0,0
2010-07-28 00:00,176.312,0,0
2010-07-29 00:00,176.342,0,0
2010-07-30 00:00,176.310,0,0
2010-07-31 00:00,176.273,0,0
2010-08-01 00:00,176.267,0,0
2010-08-02 00:00,176.277,0,0
2010-08-03 00:00,176.293,0,0
2010-08-04 00:00,176.298,0,0
2010-08-05 00:00,176.324,0,0
2010-08-06 00:00,176.335,0,0
2010-08-07 00:00,176.275,0,0
2010-08-08 00:00,176.282,0,0
2010-08-09 00:00,176.291,0,0
2010-08-10 00:00,176.288,0,0
2010-08-11 00:00,176.279,0,0
2010-08-12 00:00,176.270,0,0
2010-08-13 00:00,176.249,0,0
2010-08-14 00:00,176.218,0,0
2010-08-15 00:00,176.267,0,0
2010-08-16 00:00,176.319,0,0
2010-08-17 00:00,176.318,0,0
2010-08-18 00:00,176.285,0,0
2010-08-19 00:00,176.279,0,0
2010-08-20 00:00,176.217,0,0
2010-08-21 00:00,176.218,0,0
2010-08-22 00:00,176.299,0,0
2010-08-23 00:00,176.273,0,0
2010-08-24 00:00,176.232,0,0
2010-08-25 00:00,176.266,0,0
2010-08-26 00:00,176.294,0,0
2010-08-27 00:00,176.226,0,0
2010-08-28 00:00,176.219,0,0
2010-08-29 00:00,176.209,0,0
2010-08-30 00:00,176.199,0,0
2010-08-31 00:00,176.201,0,0
2010-09-01 00:00,176.201,0,0
2010-09-02 00:00,176.208,0,0
2010-09-03 00:00,176.189,0,0
2010-09-04 00:00,176.353,0,0
2010-09-05 00:00,176.300,0,0
2010-09-06 00:00,176.193,0,0
2010-09-07 00:00,176.174,0,0
2010-09-08 00:00,176.299,0,0
2010-09-09 00:00,176.289,0,0
2010-09-10 00:00,176.205,0,0
2010-09-11 00:00,176.145,0,0
2010-09-12 00:00,176.172,0,0
2010-09-13 00:00,176.214,0,0
2010-09-14 00:00,176.208,0,0
2010-09-15 00:00,176.188,0,0
2010-09-16 00:00,176.160,0,0
2010-09-17 00:00,176.159,0,0
2010-09-18 00:00,176.166,0,0
2010-09-19 00:00,176.154,0,0
2010-09-20 00:00,176.125,0,0
2010-09-21 00:00,176.072,0,0
2010-09-22 00:00,176.189,0,0
2010-09-23 00:00,176.108,0,0
2010-09-24 00:00,176.102,0,0
2010-09-25 00:00,176.274,0,0
2010-09-26 00:00,176.207,0,0
2010-09-27 00:00,176.176,0,0
2010-09-28 00:00,176.211,0,0
2010-09-29 00:00,176.163,0,0
2010-09-30 00:00,176.183,0,0
2010-10-01 00:00,176.210,0,0
2010-10-02 00:00,176.177,0,0
2010-10-03 00:00,176.170,0,0
2010-10-04 00:00,176.161,0,0
2010-10-05 00:00,176.169,0,0
2010-10-06 00:00,176.151,0,0
2010-10-07 00:00,176.173,0,0
2010-10-08 00:00,176.134,0,0
2010-10-09 00:00,176.116,0,0
2010-10-10 00:00,176.085,0,0
2010-10-11 00:00,176.118,0,0
2010-10-12 00:00,176.080,0,0
2010-10-13 00:00,176.085,0,0
2010-10-14 00:00,176.132,0,0
2010-10-15 00:00,176.117,0,0
2010-10-16 00:00,176.105,0,0
2010-10-17 00:00,176.131,0,0
2010-10-18 00:00,176.101,0,0
2010-10-19 00:00,176.071,0,0
2010-10-20 00:00,176.071,0,0
2010-10-21 00:00,176.119,0,0
2010-10-22 00:00,176.058,0,0
2010-10-23 00:00,176.044,0,0
2010-10-24 00:00,175.992,0,0
2010-10-25 00:00,176.016,0,0
2010-10-26 00:00,175.965,0,0
2010-10-27 00:00,176.018,0,0
2010-10-28 00:00,176.163,0,0
2010-10-29 00:00,176.135,0,0
2010-10-30 00:00,176.087,0,0
2010-10-31 00:00,176.071,0,0
2010-11-01 00:00,176.024,0,0
2010-11-02 00:00,176.006,0,0
2010-11-03 00:00,175.990,0,0
2010-11-04 00:00,176.067,0,0
2010-11-05 00:00,176.051,0,0
2010-11-06 00:00,176.014,0,0
2010-11-07 00:00,175.994,0,0
2010-11-08 00:00,175.973,0,0
2010-11-09 00:00,175.937,0,0
2010-11-10 00:00,175.926,0,0
2010-11-11 00:00,175.912,0,0
2010-11-12 00:00,175.970,0,0
2010-11-13 00:00,175.936,0,0
2010-11-14 00:00,175.872,0,0
2010-11-15 00:00,175.965,0,0
2010-11-16 00:00,175.966,0,0
2010-11-17 00:00,176.008,0,0
2010-11-18 00:00,176.015,0,0
2010-11-19 00:00,175.927,0,0
2010-11-20 00:00,176.024,0,0
2010-11-21 00:00,175.882,0,0
2010-11-22 00:00,175.850,0,0
2010-11-23 00:00,175.967,0,0
2010-11-24 00:00,176.011,0,0
2010-11-25 00:00,175.805,0,0
2010-11-26 00:00,175.909,0,0
2010-11-27 00:00,176.064,0,0
2010-11-28 00:00,175.942,0,0
2010-11-29 00:00,175.849,0,0
2010-11-30 00:00,175.811,0,0
2010-12-01 00:00,175.910,0,0
2010-12-02 00:00,175.973,0,0
2010-12-03 00:00,175.963,0,0
2010-12-04 00:00,175.942,0,0
2010-12-05 00:00,175.986,0,0
2010-12-06 00:00,176.065,0,0
2010-12-07 00:00,176.029,0,0
2010-12-08 00:00,175.986,0,0
2010-12-09 00:00,175.890,0,0
2010-12-10 00:00,175.820,0,0
2010-12-11 00:00,175.900,0,0
2010-12-12 00:00,175.932,0,0
2010-12-13 00:00,176.058,0,0
2010-12-14 00:00,176.014,0,0
2010-12-15 00:00,175.988,0,0
2010-12-16 00:00,175.941,0,0
2010-12-17 00:00,175.864,0,0
2010-12-18 00:00,175.880,0,0
2010-12-19 00:00,175.864,0,0
2010-12-20 00:00,175.883,0,0
2010-12-21 00:00,175.859,0,0
2010-12-22 00:00,175.868,0,0
2010-12-23 00:00,175.929,0,0
2010-12-24 00:00,175.876,0,0
2010-12-25 00:00,175.885,0,0
2010-12-26 00:00,175.908,0,0
2010-12-27 00:00,175.866,0,0
2010-12-28 00:00,175.896,0,0
2010-12-29 00:00,175.839,0,0
2010-12-30 00:00,175.766,0,0
2010-12-31 00:00,175.788,0,0
2011-01-01 00:00,175.819,0,0
2011-01-02 00:00,175.906,0,0
2011-01-03 00:00,175.873,0,0
2011-01-04 00:00,175.830,0,0
2011-01-05 00:00,175.854,0,0
2011-01-06 00:00,175.832,0,0
2011-01-07 00:00,175.858,0,0
2011-01-08 00:00,175.843,0,0
2011-01-09 00:00,175.863,0,0
2011-01-10 00:00,175.851,0,0
2011-01-11 00:00,175.843,0,0
2011-01-12 00:00,175.878,0,0
2011-01-13 00:00,175.836,0,0
2011-01-14 00:00,175.798,0,0
2011-01-15 00:00,175.821,0,0
2011-01-16 00:00,175.878,0,0
2011-01-17 00:00,175.736,0,0
2011-01-18 00:00,175.813,0,0
2011-01-19 00:00,175.842,0,0
2011-01-20 00:00,175.809,0,0
2011-01-21 00:00,175.877,0,0
2011-01-22 00:00,175.852,0,0
2011-01-23 00:00,175.834,0,0
2011-01-24 00:00,175.751,0,0
2011-01-25 00:00,175.794,0,0
2011-01-26 00:00,175.825,0,0
2011-01-27 00:00,175.807,0,0
2011-01-28 00:00,175.820,0,0
2011-01-29 00:00,175.819,0,0
2011-01-30 00:00,175.824,0,0
2011-01-31 00:00,175.821,0,0
2011-02-01 00:00,175.821,0,0
2011-02-02 00:00,175.861,0,0
2011-02-03 00:00,175.755,0,0
2011-02-04 00:00,175.812,0,0
2011-02-05 00:00,175.798,0,0
2011-02-06 00:00,175.791,0,0
2011-02-07 00:00,175.826,0,0
2011-02-08 00:00,175.815,0,0
2011-02-09 00:00,175.842,0,0
2011-02-10 00:00,175.818,0,0
2011-02-11 00:00,175.757,0,0
2011-02-12 00:00,175.810,0,0
2011-02-13 00:00,175.771,0,0
2011-02-14 00:00,175.853,0,0
2011-02-15 00:00,175.774,0,0
2011-02-16 00:00,175.731,0,0
2011-02-17 00:00,175.733,0,0
2011-02-18 00:00,175.758,0,0
2011-02-19 00:00,175.950,0,0
2011-02-20 00:00,175.839,0,0
2011-02-21 00:00,175.776,0,0
2011-02-22 00:00,175.729,0,0
2011-02-23 00:00,175.743,0,0
2011-02-24 00:00,175.774,0,0
2011-02-25 00:00,175.853,0,0
2011-02-26 00:00,175.799,0,0
2011-02-27 00:00,175.767,0,0
2011-02-28 00:00,175.847,0,0
2011-03-01 00:00,175.784,0,0
2011-03-02 00:00,175.890,0,0
2011-03-03 00:00,175.774,0,0
2011-03-04 00:00,175.725,0,0
2011-03-05 00:00,175.859,0,0
2011-03-06 00:00,175.839,0,0
2011-03-07 00:00,175.796,0,0
2011-03-08 00:00,175.760,0,0
2011-03-09 00:00,175.736,0,0
2011-03-10 00:00,175.788,0,0
2011-03-11 00:00,175.925,0,0
2011-03-12 00:00,175.835,0,0
2011-03-13 00:00,175.847,0,0
2011-03-14 00:00,175.819,0,0
2011-03-15 00:00,175.797,0,0
2011-03-16 00:00,175.802,0,0
2011-03-17 00:00,175.792,0,0
2011-03-18 00:00,175.859,0,0
2011-03-19 00:00,175.859,0,0
2011-03-20 00:00,175.796,0,0
2011-03-21 00:00,175.798,0,0
2011-03-22 00:00,175.867,0,0
2011-03-23 00:00,175.833,0,0
2011-03-24 00:00,175.829,0,0
2011-03-25 00:00,175.885,0,0
2011-03-26 00:00,175.874,0,0
2011-03-27 00:00,175.875,0,0
2011-03-28 00:00,175.885,0,0
2011-03-29 00:00,175.875,0,0
2011-03-30 00:00,175.854,0,0
2011-03-31 00:00,175.849,0,0
2011-04-01 00:00,175.848,0,0
2011-04-02 00:00,175.861,0,0
2011-04-03 00:00,175.852,0,0
2011-04-04 00:00,175.795,0,0
2011-04-05 00:00,175.915,0,0
2011-04-06 00:00,175.880,0,0
2011-04-07 00:00,175.850,0,0
2011-04-08 00:00,175.856,0,0
2011-04-09 00:00,175.857,0,0
2011-04-10 00:00,175.835,0,0
2011-04-11 00:00,175.887,0,0
2011-04-12 00:00,175.932,0,0
2011-04-13 00:00,175.896,0,0
2011-04-14 00:00,175.930,0,0
2011-04-15 00:00,175.867,0,0
2011-04-16 00:00,175.726,0,0
2011-04-17 00:00,175.860,0,0
2011-04-18 00:00,175.988,0,0
2011-04-19 00:00,175.930,0,0
2011-04-20 00:00,175.900,0,0
2011-04-21 00:00,175.973,0,0
2011-04-22 00:00,175.933,0,0
2011-04-23 00:00,175.904,0,0
2011-04-24 00:00,175.971,0,0
2011-04-25 00:00,175.955,0,0
2011-04-26 00:00,175.937,0,0
2011-04-27 00:00,175.958,0,0
2011-04-28 00:00,176.060,0,0
2011-04-29 00:00,176.078,0,0
2011-04-30 00:00,176.025,0,0
2011-05-01 00:00,175.964,0,0
2011-05-02 00:00,176.081,0,0
2011-05-03 00:00,176.072,0,0
2011-05-04 00:00,176.087,0,0
2011-05-05 00:00,176.077,0,0
2011-05-06 00:00,176.055,0,0
2011-05-07 00:00,176.076,0,0
2011-05-08 00:00,176.057,0,0
2011-05-09 00:00,176.050,0,0
2011-05-10 00:00,176.025,0,0
2011-05-11 00:00,176.023,0,0
2011-05-12 00:00,176.069,0,0
2011-05-13 00:00,176.077,0,0
2011-05-14 00:00,176.147,0,0
2011-05-15 00:00,176.139,0,0
2011-05-16 00:00,176.134,0,0
2011-05-17 00:00,176.127,0,0
2011-05-18 00:00,176.113,0,0
2011-05-19 00:00,176.119,0,0
2011-05-20 00:00,176.115,0,0
2011-05-21 00:00,176.101,0,0
2011-05-22 00:00,176.084,0,0
2011-05-23 00:00,176.113,0,0
2011-05-24 00:00,176.174,0,0
2011-05-25 00:00,176.144,0,0
2011-05-26 00:00,176.180,0,0
2011-05-27 00:00,176.188,0,0
2011-05-28 00:00,176.138,0,0
2011-05-29 00:00,176.171,0,0
2011-05-30 00:00,176.136,0,0
2011-05-31 00:00,176.134,0,0
2011-06-01 00:00,176.205,0,0
2011-06-02 00:00,176.221,0,0
2011-06-03 00:00,176.164,0,0
2011-06-04 00:00,176.159,0,0
2011-06-05 00:00,176.193,0,0
2011-06-06 00:00,176.164,0,0
2011-06-07 00:00,176.168,0,0
2011-06-08 00:00,176.182,0,0
2011-06-09 00:00,176.228,0,0
2011-06-10 00:00,176.205,0,0
2011-06-11 00:00,176.187,0,0
2011-06-12 00:00,176.230,0,0
2011-06-13 00:00,176.241,0,0
2011-06-14 00:00,176.216,0,0
2011-06-15 00:00,176.183,0,0
2011-06-16 00:00,176.179,0,0
2011-06-17 00:00,176.209,0,0
2011-06-18 00:00,176.201,0,0
2011-06-19 00:00,176.186,0,0
2011-06-20 00:00,176.176,0,0
2011-06-21 00:00,176.186,0,0
2011-06-22 00:00,176.141,0,0
2011-06-23 00:00,176.211,0,0
2011-06-24 00:00,176.261,0,0
2011-06-25 00:00,176.299,0,0
2011-06-26 00:00,176.259,0,0
2011-06-27 00:00,176.236,0,0
2011-06-28 00:00,176.240,0,0
2011-06-29 00:00,176.327,0,0
2011-06-30 00:00,176.265,0,0
2011-07-01 00:00,176.243,0,0
2011-07-02 00:00,176.256,0,0
2011-07-03 00:00,176.280,0,0
2011-07-04 00:00,176.279,0,0
2011-07-05 00:00,176.276,0,0
2011-07-06 00:00,176.295,0,0
2011-07-07 00:00,176.294,0,0
2011-07-08 00:00,176.275,0,0
2011-07-09 00:00,176.272,0,0
2011-07-10 00:00,176.247,0,0
2011-07-11 00:00,176.266,0,0
2011-07-12 00:00,176.311,0,0
2011-07-13 00:00,176.324,0,0
2011-07-14 00:00,176.271,0,0
2011-07-15 00:00,176.257,0,0
2011-07-16 00:00,176.247,0,0
2011-07-17 00:00,176.253,0,0
2011-07-18 00:00,176.294,0,0
2011-07-19 00:00,176.271,0,0
2011-07-20 00:00,176.261,0,0
2011-07-21 00:00,176.293,0,0
2011-07-22 00:00,176.278,0,0
2011-07-23 00:00,176.283,0,0
2011-07-24 00:00,176.266,0,0
2011-07-25 00:00,176.274,0,0
2011-07-26 00:00,176.319,0,0
2011-07-27 00:00,176.278,0,0
2011-07-28 00:00,176.249,0,0
2011-07-29 00:00,176.293,0,0
2011-07-30 00:00,176.297,0,0
2011-07-31 00:00,176.285,0,0
2011-08-01 00:00,176.304,0,0
2011-08-02 00:00,176.279,0,0
2011-08-03 00:00,176.308,0,0
2011-08-04 00:00,176.304,0,0
2011-08-05 00:00,176.270,0,0
2011-08-06 00:00,176.263,0,0
2011-08-07 00:00,176.286,0,0
2011-08-08 00:00,176.295,0,0
2011-08-09 00:00,176.269,0,0
2011-08-10 00:00,176.337,0,0
2011-08-11 00:00,176.326,0,0
2011-08-12 00:00,176.274,0,0
2011-08-13 00:00,176.269,0,0
2011-08-14 00:00,176.278,0,0
2011-08-15 00:00,176.301,0,0
2011-08-16 00:00,176.281,0,0
2011-08-17 00:00,176.250,0,0
2011-08-18 00:00,176.267,0,0
2011-08-19 00:00,176.260,0,0
2011-08-20 00:00,176.251,0,0
2011-08-21 00:00,176.273,0,0
2011-08-22 00:00,176.285,0,0
2011-08-23 00:00,176.242,0,0
2011-08-24 00:00,176.225,0,0
2011-08-25 00:00,176.296,0,0
2011-08-26 00:00,176.247,0,0
2011-08-27 00:00,176.255,0,0
2011-08-28 00:00,176.271,0,0
2011-08-29 00:00,176.249,0,0
2011-08-30 00:00,176.239,0,0
2011-08-31 00:00,176.220,0,0
2011-09-01 00:00,176.191,0,0
2011-09-02 00:00,176.173,0,0
2011-09-03 00:00,176.227,0,0
2011-09-04 00:00,176.237,0,0
2011-09-05 00:00,176.271,0,0
2011-09-06 00:00,176.227,0,0
2011-09-07 00:00,176.227,0,0
2011-09-08 00:00,176.219,0,0
2011-09-09 00:00,176.178,0,0
2011-09-10 00:00,176.178,0,0
2011-09-11 00:00,176.150,0,0
2011-09-12 00:00,176.154,0,0
2011-09-13 00:00,176.190,0,0
2011-09-14 00:00,176.203,0,0
2011-09-15 00:00,176.220,0,0
2011-09-16 00:00,176.159,0,0
2011-09-17 00:00,176.117,0,0
2011-09-18 00:00,176.076,0,0
2011-09-19 00:00,176.028,0,0
2011-09-20 00:00,176.114,0,0
2011-09-21 00:00,176.067,0,0
2011-09-22 00:00,176.122,0,0
2011-09-23 00:00,176.124,0,0
2011-09-24 00:00,176.103,0,0
2011-09-25 00:00,176.096,0,0
2011-09-26 00:00,176.069,0,0
2011-09-27 00:00,176.075,0,0
2011-09-28 00:00,176.098,0,0
2011-09-29 00:00,176.091,0,0
2011-09-30 00:00,176.228,0,0
2011-10-01 00:00,176.233,0,0
2011-10-02 00:00,176.187,0,0
2011-10-03 00:00,176.160,0,0
2011-10-04 00:00,176.127,0,0
2011-10-05 00:00,176.119,0,0
2011-10-06 00:00,176.058,0,0
2011-10-07 00:00,176.065,0,0
2011-10-08 00:00,176.061,0,0
2011-10-09 00:00,176.077,0,0
2011-10-10 00:00,176.069,0,0
2011-10-11 00:00,176.049,0,0
2011-10-12 00:00,176.053,0,0
2011-10-13 00:00,176.047,0,0
2011-10-14 00:00,176.057,0,0
2011-10-15 00:00,176.190,0,0
2011-10-16 00:00,176.209,0,0
2011-10-17 00:00,176.186,0,0
2011-10-18 00:00,176.147,0,0
2011-10-19 00:00,176.204,0,0
2011-10-20 00:00,176.136,0,0
2011-10-21 00:00,176.127,0,0
2011-10-22 00:00,176.118,0,0
2011-10-23 00:00,176.079,0,0
2011-10-24 00:00,176.116,0,1
2011-10-25 00:00,176.148,0,0
2011-10-26 00:00,176.112,0,0
2011-10-27 00:00,176.110,0,0
2011-10-28 00:00,176.094,0,0
2011-10-29 00:00,176.075,0,0
2011-10-30 00:00,176.069,0,0
2011-10-31 00:00,176.026,0,0
2011-11-01 00:00,176.061,0,0
2011-11-02 00:00,176.045,0,0
2011-11-03 00:00,176.115,0,0
2011-11-04 00:00,176.105,0,0
2011-11-05 00:00,176.041,0,0
2011-11-06 00:00,176.005,0,0
2011-11-07 00:00,176.092,0,0
2011-11-08 00:00,176.106,0,0
2011-11-09 00:00,175.979,0,0
2011-11-10 00:00,176.049,0,0
2011-11-11 00:00,176.135,0,0
2011-11-12 00:00,176.101,0,0
2011-11-13 00:00,176.012,0,0
2011-11-14 00:00,176.076,0,0
2011-11-15 00:00,176.084,0,0
2011-11-16 00:00,176.096,0,0
2011-11-17 00:00,176.140,0,0
2011-11-18 00:00,176.059,0,0
2011-11-19 00:00,176.026,0,0
2011-11-20 00:00,176.077,0,0
2011-11-21 00:00,176.067,0,0
2011-11-22 00:00,176.046,0,0
2011-11-23 00:00,176.042,0,0
2011-11-24 00:00,176.060,0,0
2011-11-25 00:00,176.074,0,0
2011-11-26 00:00,176.015,0,0
2011-11-27 00:00,176.064,0,0
2011-11-28 00:00,176.099,0,0
2011-11-29 00:00,176.172,0,0
2011-11-30 00:00,176.119,0,1
2011-12-01 00:00,176.076,0,0
2011-12-02 00:00,176.074,0,0
2011-12-03 00:00,175.993,0,0
2011-12-04 00:00,175.994,0,0
2011-12-05 00:00,176.103,0,0
2011-12-06 00:00,176.088,0,0
2011-12-07 00:00,176.093,0,0
2011-12-08 00:00,176.119,0,0
2011-12-09 00:00,176.140,0,0
2011-12-10 00:00,176.089,0,0
2011-12-11 00:00,176.025,0,0
2011-12-12 00:00,176.058,0,0
2011-12-13 00:00,176.030,0,0
2011-12-14 00:00,175.998,0,0
2011-12-15 00:00,176.013,0,0
2011-12-16 00:00,176.155,0,0
2011-12-17 00:00,176.065,0,0
2011-12-18 00:00,176.014,0,0
2011-12-19 00:00,176.086,0,0
2011-12-20 00:00,176.051,0,0
2011-12-21 00:00,176.051,0,0
2011-12-22 00:00,176.078,0,0
2011-12-23 00:00,176.062,0,0
2011-12-24 00:00,175.971,0,0
2011-12-25 00:00,176.037,0,0
2011-12-26 00:00,176.044,0,0
2011-12-27 00:00,176.102,0,0
2011-12-28 00:00,176.090,0,0
2011-12-29 00:00,175.987,0,0
2011-12-30 00:00,175.965,0,0
2011-12-31 00:00,176.026,0,0
2012-01-01 00:00,175.965,0,0
2012-01-02 00:00,176.165,0,0
2012-01-03 00:00,176.110,0,0
2012-01-04 00:00,176.018,0,0
2012-01-05 00:00,176.039,0,0
2012-01-06 00:00,176.004,0,0
2012-01-07 00:00,176.056,0,0
2012-01-08 00:00,176.037,0,0
2012-01-09 00:00,175.988,0,0
2012-01-10 00:00,176.038,0,0
2012-01-11 00:00,175.966,0,0
2012-01-12 00:00,175.988,0,0
2012-01-13 00:00,176.025,0,0
2012-01-14 00:00,176.032,0,0
2012-01-15 00:00,175.950,0,0
2012-01-16 00:00,175.933,0,0
2012-01-17 00:00,176.042,0,0
2012-01-18 00:00,176.028,0,0
2012-01-19 00:00,176.004,0,0
2012-01-20 00:00,176.077,0,0
2012-01-21 00:00,176.010,0,0
2012-01-22 00:00,175.920,0,0
2012-01-23 00:00,175.842,0,0
2012-01-24 00:00,176.013,0,0
2012-01-25 00:00,176.041,0,0
2012-01-26 00:00,175.975,0,0
2012-01-27 00:00,176.014,0,0
2012-01-28 00:00,175.993,0,0
2012-01-29 00:00,176.078,0,0
2012-01-30 00:00,176.015,0,0
2012-01-31 00:00,175.951,0,0
2012-02-01 00:00,176.025,0,0
2012-02-02 00:00,176.008,0,0
2012-02-03 00:00,175.990,0,0
2012-02-04 00:00,175.997,0,0
2012-02-05 00:00,175.989,0,0
2012-02-06 00:00,176.023,0,0
2012-02-07 00:00,176.037,0,0
2012-02-08 00:00,175.993,0,0
2012-02-09 00:00,176.009,0,0
2012-02-10 00:00,176.056,0,0
2012-02-11 00:00,176.028,0,0
2012-02-12 00:00,176.052,0,0
2012-02-13 00:00,176.029,0,0
2012-02-14 00:00,175.970,0,0
2012-02-15 00:00,175.936,0,0
2012-02-16 00:00,175.946,0,0
2012-02-17 00:00,175.982,0,0
2012-02-18 00:00,176.015,0,0
2012-02-19 00:00,175.991,0,0
2012-02-20 00:00,175.941,0,0
2012-02-21 00:00,175.886,0,0
2012-02-22 00:00,175.950,0,0
2012-02-23 00:00,175.975,0,0
2012-02-24 00:00,175.980,0,0
2012-02-25 00:00,176.037,0,0
2012-02-26 00:00,175.968,0,0
2012-02-27 00:00,175.914,0,0
2012-02-28 00:00,175.998,0,0
2012-02-29 00:00,175.876,0,0
2012-03-01 00:00,175.863,0,0
2012-03-02 00:00,175.971,0,0
2012-03-03 00:00,175.924,0,0
2012-03-04 00:00,176.024,0,0
2012-03-05 00:00,175.995,0,0
2012-03-06 00:00,175.926,0,0
2012-03-07 00:00,175.908,0,0
2012-03-08 00:00,176.024,0,0
2012-03-09 00:00,176.090,0,0
2012-03-10 00:00,175.991,0,0
2012-03-11 00:00,175.972,0,0
2012-03-12 00:00,175.963,0,0
2012-03-13 00:00,175.985,0,0
2012-03-14 00:00,176.000,0,0
2012-03-15 00:00,175.981,0,0
2012-03-16 00:00,176.011,0,0
2012-03-17 00:00,175.966,0,0
2012-03-18 00:00,175.997,0,0
2012-03-19 00:00,175.986,0,0
2012-03-20 00:00,175.975,0,0
2012-03-21 00:00,175.992,0,0
2012-03-22 00:00,176.022,0,0
2012-03-23 00:00,176.019,0,0
2012-03-24 00:00,176.011,0,0
2012-03-25 00:00,176.076,0,0
2012-03-26 00:00,176.102,0,0
2012-03-27 00:00,175.968,0,0
2012-03-28 00:00,176.025,0,0
2012-03-29 00:00,176.081,0,0
2012-03-30 00:00,176.013,0,0
2012-03-31 00:00,176.009,0,0
2012-04-01 00:00,176.035,0,0
2012-04-02 00:00,176.027,0,0
2012-04-03 00:00,176.008,0,0
2012-04-04 00:00,176.068,0,0
2012-04-05 00:00,176.060,0,0
2012-04-06 00:00,176.039,0,0
2012-04-07 00:00,176.029,0,0
2012-04-08 00:00,176.038,0,0
2012-04-09 00:00,176.061,0,0
2012-04-10 00:00,176.108,0,0
2012-04-11 00:00,176.091,0,0
2012-04-12 00:00,176.035,0,0
2012-04-13 00:00,176.012,0,0
2012-04-14 00:00,175.986,0,0
2012-04-15 00:00,176.010,0,0
2012-04-16 00:00,175.988,0,0
2012-04-17 00:00,176.110,0,0
2012-04-18 00:00,176.009,0,0
2012-04-19 00:00,176.030,0,0
2012-04-20 00:00,176.080,0,0
2012-04-21 00:00,176.087,0,0
2012-04-22 00:00,176.081,0,0
2012-04-23 00:00,176.115,0,0
2012-04-24 00:00,176.137,0,0
2012-04-25 00:00,176.067,0,0
2012-04-26 00:00,176.066,0,0
2012-04-27 00:00,176.100,0,0
2012-04-28 00:00,176.023,0,0
2012-04-29 00:00,176.027,0,0
2012-04-30 00:00,176.012,0,0
2012-05-01 00:00,176.012,0,0
2012-05-02 00:00,176.002,0,0
2012-05-03 00:00,176.032,0,0
2012-05-04 00:00,176.072,0,0
2012-05-05 00:00,176.053,0,0
2012-05-06 00:00,176.042,0,0
2012-05-07 00:00,176.052,0,0
2012-05-08 00:00,176.071,0,0
2012-05-09 00:00,176.089,0,0
2012-05-10 00:00,176.099,0,0
2012-05-11 00:00,176.079,0,0
2012-05-12 00:00,176.067,0,0
2012-05-13 00:00,176.083,0,0
2012-05-14 00:00,176.065,0,0
2012-05-15 00:00,176.059,0,0
2012-05-16 00:00,176.100,0,0
2012-05-17 00:00,176.073,0,0
2012-05-18 00:00,176.024,0,0
2012-05-19 00:00,176.033,0,0
2012-05-20 00:00,176.026,0,0
2012-05-21 00:00,176.066,0,0
2012-05-22 00:00,176.092,0,0
2012-05-23 00:00,176.045,0,0
2012-05-24 00:00,176.011,0,0
2012-05-25 00:00,176.032,0,0
2012-05-26 00:00,176.058,0,0
2012-05-27 00:00,176.006,0,0
2012-05-28 00:00,176.027,0,0
2012-05-29 00:00,176.055,0,0
2012-05-30 00:00,176.092,0,0
2012-05-31 00:00,176.087,0,0
2012-06-01 00:00,176.099,0,0
2012-06-02 00:00,176.074,0,0
2012-06-03 00:00,176.120,0,0
2012-06-04 00:00,176.101,0,0
2012-06-05 00:00,176.082,0,0
2012-06-06 00:00,176.088,0,0
2012-06-07 00:00,176.097,0,0
2012-06-08 00:00,176.086,0,0
2012-06-09 00:00,176.089,0,0
2012-06-10 00:00,176.073,0,0
2012-06-11 00:00,176.042,0,0
2012-06-12 00:00,176.094,0,0
2012-06-13 00:00,176.110,0,0
2012-06-14 00:00,176.047,0,0
2012-06-15 00:00,176.020,0,0
2012-06-16 00:00,176.016,0,0
2012-06-17 00:00,176.027,0,0
2012-06-18 00:00,176.052,0,0
2012-06-19 00:00,176.057,0,0
2012-06-20 00:00,176.065,0,0
2012-06-21 00:00,176.093,0,0
2012-06-22 00:00,176.109,0,0
2012-06-23 00:00,176.095,0,0
2012-06-24 00:00,176.097,0,0
2012-06-25 00:00,176.123,0,0
2012-06-26 00:00,176.125,0,0
2012-06-27 00:00,176.108,0,0
2012-06-28 00:00,176.068,0,0
2012-06-29 00:00,176.111,0,0
2012-06-30 00:00,176.107,0,0
2012-07-01 00:00,176.095,0,0
2012-07-02 00:00,176.074,0,0
2012-07-03 00:00,176.062,0,0
2012-07-04 00:00,176.085,0,0
2012-07-05 00:00,176.078,0,0
2012-07-06 00:00,176.075,0,0
2012-07-07 00:00,176.072,0,0
2012-07-08 00:00,176.098,0,0
2012-07-09 00:00,176.077,0,0
2012-07-10 00:00,176.082,0,0
2012-07-11 00:00,176.065,0,0
2012-07-12 00:00,176.056,0,0
2012-07-13 00:00,176.044,0,0
2012-07-14 00:00,176.018,0,0
2012-07-15 00:00,176.030,0,0
2012-07-16 00:00,176.034,0,0
2012-07-17 00:00,176.062,0,0
2012-07-18 00:00,176.057,0,0
2012-07-19 00:00,176.017,0,0
2012-07-20 00:00,176.031,0,0
2012-07-21 00:00,176.022,0,0
2012-07-22 00:00,176.037,0,0
2012-07-23 00:00,176.024,0,0
2012-07-24 00:00,176.075,0,0
2012-07-25 00:00,176.000,0,0
2012-07-26 00:00,176.038,0,0
2012-07-27 00:00,176.047,0,0
2012-07-28 00:00,176.041,0,0
2012-07-29 00:00,176.034,0,0
2012-07-30 00:00,176.015,0,0
2012-07-31 00:00,176.046,0,0
2012-08-01 00:00,176.058,0,0
2012-08-02 00:00,176.026,0,0
2012-08-03 00:00,176.036,0,0
2012-08-04 00:00,175.973,0,0
2012-08-05 00:00,176.035,0,0
2012-08-06 00:00,176.053,0,0
2012-08-07 00:00,176.031,0,0
2012-08-08 00:00,176.028,0,0
2012-08-09 00:00,176.026,0,0
2012-08-10 00:00,176.067,0,0
2012-08-11 00:00,176.027,0,0
2012-08-12 00:00,176.041,0,0
2012-08-13 00:00,176.019,0,0
2012-08-14 00:00,176.001,0,0
2012-08-15 00:00,175.998,0,0
2012-08-16 00:00,175.972,0,0
2012-08-17 00:00,176.042,0,0
2012-08-18 00:00,176.028,0,0
2012-08-19 00:00,175.994,0,0
2012-08-20 00:00,175.988,0,0
2012-08-21 00:00,175.980,0,0
2012-08-22 00:00,175.972,0,0
2012-08-23 00:00,175.971,0,0
2012-08-24 00:00,175.940,0,0
2012-08-25 00:00,175.936,0,0
2012-08-26 00:00,175.911,0,0
2012-08-27 00:00,175.949,0,0
2012-08-28 00:00,176.001,0,0
2012-08-29 00:00,175.950,0,0
2012-08-30 00:00,175.938,0,0
2012-08-31 00:00,175.984,0,0
2012-09-01 00:00,175.973,0,0
2012-09-02 00:00,175.927,0,0
2012-09-03 00:00,175.899,0,0
2012-09-04 00:00,175.928,0,0
2012-09-05 00:00,175.915,0,0
2012-09-06 00:00,175.939,0,0
2012-09-07 00:00,175.951,0,0
2012-09-08 00:00,175.993,0,0
2012-09-09 00:00,175.978,0,0
2012-09-10 00:00,175.936,0,0
2012-09-11 00:00,175.911,0,0
2012-09-12 00:00,175.909,0,0
2012-09-13 00:00,175.919,0,0
2012-09-14 00:00,175.936,0,0
2012-09-15 00:00,175.928,0,0
2012-09-16 00:00,175.874,0,0
2012-09-17 00:00,175.872,0,0
2012-09-18 00:00,175.912,0,0
2012-09-19 00:00,175.861,0,0
2012-09-20 00:00,175.814,0,0
2012-09-21 00:00,175.861,0,0
2012-09-22 00:00,175.871,0,0
2012-09-23 00:00,175.900,0,0
2012-09-24 00:00,175.825,0,0
2012-09-25 00:00,175.858,0,0
2012-09-26 00:00,175.831,0,0
2012-09-27 00:00,175.822,0,0
2012-09-28 00:00,175.806,0,0
2012-09-29 00:00,175.822,0,0
2012-09-30 00:00,175.791,0,0
2012-10-01 00:00,175.794,0,0
2012-10-02 00:00,175.779,0,0
2012-10-03 00:00,175.762,0,0
2012-10-04 00:00,175.747,0,0
2012-10-05 00:00,175.805,0,0
2012-10-06 00:00,175.843,0,0
2012-10-07 00:00,175.789,0,0
2012-10-08 00:00,175.746,0,0
2012-10-09 00:00,175.689,0,0
2012-10-10 00:00,175.763,0,0
2012-10-11 00:00,175.782,0,0
2012-10-12 00:00,175.774,0,0
2012-10-13 00:00,175.658,0,0
2012-10-14 00:00,175.665,0,0
2012-10-15 00:00,175.752,0,0
2012-10-16 00:00,175.772,0,0
2012-10-17 00:00,175.661,0,0
2012-10-18 00:00,175.671,0,0
2012-10-19 00:00,175.706,0,0
2012-10-20 00:00,175.729,0,0
2012-10-21 00:00,175.768,0,0
2012-10-22 00:00,175.742,0,0
2012-10-23 00:00,175.727,0,0
2012-10-24 00:00,175.687,0,0
2012-10-25 00:00,175.683,0,0
2012-10-26 00:00,175.806,0,0
2012-10-27 00:00,175.820,0,0
2012-10-28 00:00,175.836,0,0
2012-10-29 00:00,175.939,0,0
2012-10-30 00:00,175.931,0,0
2012-10-31 00:00,175.774,0,0
2012-11-01 00:00,175.819,0,0
2012-11-02 00:00,175.821,0,0
2012-11-03 00:00,175.766,0,0
2012-11-04 00:00,175.731,0,0
2012-11-05 00:00,175.714,0,0
2012-11-06 00:00,175.695,0,0
2012-11-07 00:00,175.688,0,0
2012-11-08 00:00,175.693,0,0
2012-11-09 00:00,175.705,0,0
2012-11-10 00:00,175.633,0,0
2012-11-11 00:00,175.571,0,0
2012-11-12 00:00,175.681,0,0
2012-11-13 00:00,175.772,0,0
2012-11-14 00:00,175.698,0,0
2012-11-15 00:00,175.681,0,0
2012-11-16 00:00,175.690,0,0
2012-11-17 00:00,175.658,0,0
2012-11-18 00:00,175.657,0,0
2012-11-19 00:00,175.641,0,0
2012-11-20 00:00,175.656,0,0
2012-11-21 00:00,175.665,0,0
2012-11-22 00:00,175.635,0,0
2012-11-23 00:00,175.710,0,0
2012-11-24 00:00,175.810,0,0
2012-11-25 00:00,175.679,0,0
2012-11-26 00:00,175.721,0,0
2012-11-27 00:00,175.680,0,0
2012-11-28 00:00,175.693,0,0
2012-11-29 00:00,175.691,0,0
2012-11-30 00:00,175.617,0,0
2012-12-01 00:00,175.532,0,0
2012-12-02 00:00,175.610,0,0
2012-12-03 00:00,175.600,0,0
2012-12-04 00:00,175.636,0,0
2012-12-05 00:00,175.723,0,0
2012-12-06 00:00,175.587,0,0
2012-12-07 00:00,175.634,0,0
2012-12-08 00:00,175.648,0,0
2012-12-09 00:00,175.632,0,0
2012-12-10 00:00,175.573,0,0
2012-12-11 00:00,175.620,0,0
2012-12-12 00:00,175.622,0,0
2012-12-13 00:00,175.575,0,0
2012-12-14 00:00,175.626,0,0
2012-12-15 00:00,175.552,0,0
2012-12-16 00:00,175.501,0,0
2012-12-17 00:00,175.608,0,0
2012-12-18 00:00,175.632,0,0
2012-12-19 00:00,175.620,0,0
2012-12-20 00:00,175.560,0,0
2012-12-21 00:00,175.606,0,0
2012-12-22 00:00,175.709,0,0
2012-12-23 00:00,175.692,0,0
2012-12-24 00:00,175.662,0,0
2012-12-25 00:00,175.657,0,0
2012-12-26 00:00,175.693,0,0
2012-12-27 00:00,175.641,0,0
2012-12-28 00:00,175.624,0,0
2012-12-29 00:00,175.628,0,0
2012-12-30 00:00,175.629,0,0
2012-12-31 00:00,175.645,0,0
2013-01-01 00:00,175.657,0,0
2013-01-02 00:00,175.626,0,0
2013-01-03 00:00,175.566,0,0
2013-01-04 00:00,175.634,0,0
2013-01-05 00:00,175.631,0,0
2013-01-06 00:00,175.586,0,0
2013-01-07 00:00,175.532,0,0
2013-01-08 00:00,175.601,0,0
2013-01-09 00:00,175.541,0,0
2013-01-10 00:00,175.619,0,0
2013-01-11 00:00,175.487,0,0
2013-01-12 00:00,175.569,0,0
2013-01-13 00:00,175.630,0,0
2013-01-14 00:00,175.605,0,0
2013-01-15 00:00,175.625,0,0
2013-01-16 00:00,175.601,0,0
2013-01-17 00:00,175.677,0,0
2013-01-18 00:00,175.594,0,0
2013-01-19 00:00,175.526,0,0
2013-01-20 00:00,175.665,0,0
2013-01-21 00:00,175.652,0,0
2013-01-22 00:00,175.655,0,0
2013-01-23 00:00,175.604,0,0
2013-01-24 00:00,175.603,0,0
2013-01-25 00:00,175.549,0,0
2013-01-26 00:00,175.558,0,0
2013-01-27 00:00,175.518,0,0
2013-01-28 00:00,175.510,0,0
2013-01-29 00:00,175.517,0,0
2013-01-30 00:00,175.570,0,0
2013-01-31 00:00,175.632,0,0
2013-02-01 00:00,175.668,0,0
2013-02-02 00:00,175.635,0,0
2013-02-03 00:00,175.615,0,0
2013-02-04 00:00,175.640,0,0
2013-02-05 00:00,175.590,0,0
2013-02-06 00:00,175.637,0,0
2013-02-07 00:00,175.576,0,0
2013-02-08 00:00,175.649,0,0
2013-02-09 00:00,175.617,0,0
2013-02-10 00:00,175.556,0,0
2013-02-11 00:00,175.507,0,0
2013-02-12 00:00,175.661,0,0
2013-02-13 00:00,175.629,0,0
2013-02-14 00:00,175.594,0,0
2013-02-15 00:00,175.666,0,0
2013-02-16 00:00,175.671,0,0
2013-02-17 00:00,175.651,0,0
2013-02-18 00:00,175.540,0,0
2013-02-19 00:00,175.515,0,0
2013-02-20 00:00,175.713,0,0
2013-02-21 00:00,175.691,0,0
2013-02-22 00:00,175.585,0,0
2013-02-23 00:00,175.558,0,0
2013-02-24 00:00,175.635,0,0
2013-02-25 00:00,175.641,0,0
2013-02-26 00:00,175.638,0,0
2013-02-27 00:00,175.595,0,0
2013-02-28 00:00,175.679,0,0
2013-03-01 00:00,175.692,0,0
2013-03-02 00:00,175.677,0,0
2013-03-03 00:00,175.675,0,0
2013-03-04 00:00,175.663,0,0
2013-03-05 00:00,175.646,0,0
2013-03-06 00:00,175.617,0,0
2013-03-07 00:00,175.658,0,0
2013-03-08 00:00,175.646,0,0
2013-03-09 00:00,175.597,0,0
2013-03-10 00:00,175.582,0,0
2013-03-11 00:00,175.593,0,0
2013-03-12 00:00,175.634,0,0
2013-03-13 00:00,175.723,0,0
2013-03-14 00:00,175.723,0,0
2013-03-15 00:00,175.712,0,0
2013-03-16 00:00,175.689,0,0
2013-03-17 00:00,175.680,0,0
2013-03-18 00:00,175.611,0,0
2013-03-19 00:00,175.566,0,0
2013-03-20 00:00,175.717,0,0
2013-03-21 00:00,175.736,0,0
2013-03-22 00:00,175.714,0,0
2013-03-23 00:00,175.691,0,0
2013-03-24 00:00,175.683,0,0
2013-03-25 00:00,175.668,0,0
2013-03-26 00:00,175.677,0,0
2013-03-27 00:00,175.698,0,0
2013-03-28 00:00,175.679,0,0
2013-03-29 00:00,175.664,0,0
2013-03-30 00:00,175.646,0,0
2013-03-31 00:00,175.638,0,0
2013-04-01 00:00,175.732,0,0
2013-04-02 00:00,175.726,0,0
2013-04-03 00:00,175.706,0,0
2013-04-04 00:00,175.651,0,0
2013-04-05 00:00,175.696,0,0
2013-04-06 00:00,175.615,0,0
2013-04-07 00:00,175.579,0,0
2013-04-08 00:00,175.657,0,0
2013-04-09 00:00,175.658,0,0
2013-04-10 00:00,175.693,0,0
2013-04-11 00:00,175.703,0,0
2013-04-12 00:00,175.601,0,0
2013-04-13 00:00,175.681,0,0
2013-04-14 00:00,175.760,0,0
2013-04-15 00:00,175.661,0,0
2013-04-16 00:00,175.744,0,0
2013-04-17 00:00,175.774,0,0
2013-04-18 00:00,175.725,0,0
2013-04-19 00:00,175.779,0,0
2013-04-20 00:00,175.916,0,0
2013-04-21 00:00,175.847,0,0
2013-04-22 00:00,175.779,0,0
2013-04-23 00:00,175.796,0,0
2013-04-24 00:00,175.900,0,0
2013-04-25 00:00,175.872,0,0
2013-04-26 00:00,175.858,0,0
2013-04-27 00:00,175.829,0,0
2013-04-28 00:00,175.855,0,0
2013-04-29 00:00,175.859,0,0
2013-04-30 00:00,175.834,0,0
2013-05-01 00:00,175.842,0,0
2013-05-02 00:00,175.869,0,0
2013-05-03 00:00,175.865,0,0
2013-05-04 00:00,175.866,0,0
2013-05-05 00:00,175.886,0,0
2013-05-06 00:00,175.894,0,0
2013-05-07 00:00,175.903,0,0
2013-05-08 00:00,175.903,0,0
2013-05-09 00:00,175.919,0,0
2013-05-10 00:00,175.956,0,0
2013-05-11 00:00,175.937,0,0
2013-05-12 00:00,176.013,0,0
2013-05-13 00:00,176.009,0,0
2013-05-14 00:00,175.895,0,0
2013-05-15 00:00,175.884,0,0
2013-05-16 00:00,175.960,0,0
2013-05-17 00:00,175.932,0,0
2013-05-18 00:00,175.917,0,0
2013-05-19 00:00,175.915,0,0
2013-05-20 00:00,175.908,0,0
2013-05-21 00:00,175.924,0,0
2013-05-22 00:00,175.965,0,0
2013-05-23 00:00,176.017,0,0
2013-05-24 00:00,176.014,0,0
2013-05-25 00:00,176.002,0,0
2013-05-26 00:00,175.985,0,0
2013-05-27 00:00,175.973,0,0
2013-05-28 00:00,175.946,0,0
2013-05-29 00:00,175.989,0,0
2013-05-30 00:00,175.991,0,0
2013-05-31 00:00,175.985,0,0
2013-06-01 00:00,175.994,0,0
2013-06-02 00:00,176.047,0,0
2013-06-03 00:00,176.078,0,0
2013-06-04 00:00,176.048,0,0
2013-06-05 00:00,176.033,0,0
2013-06-06 00:00,176.043,0,0
2013-06-07 00:00,176.048,0,0
2013-06-08 00:00,176.042,0,0
2013-06-09 00:00,176.024,0,0
2013-06-10 00:00,176.014,0,0
2013-06-11 00:00,176.048,0,0
2013-06-12 00:00,176.044,0,0
2013-06-13 00:00,176.063,0,0
2013-06-14 00:00,176.082,0,0
2013-06-15 00:00,176.053,0,0
2013-06-16 00:00,176.078,0,0
2013-06-17 00:00,176.091,0,0
2013-06-18 00:00,176.080,0,0
2013-06-19 00:00,176.072,0,0
2013-06-20 00:00,176.060,0,0
2013-06-21 00:00,176.036,0,0
2013-06-22 00:00,176.052,0,0
2013-06-23 00:00,176.056,0,0
2013-06-24 00:00,176.070,0,0
2013-06-25 00:00,176.088,0,0
2013-06-26 00:00,176.086,0,0
2013-06-27 00:00,176.091,0,0
2013-06-28 00:00,176.118,0,0
2013-06-29 00:00,176.107,0,0
2013-06-30 00:00,176.113,0,0
2013-07-01 00:00,176.121,0,0
2013-07-02 00:00,176.099,0,0
2013-07-03 00:00,176.103,0,0
2013-07-04 00:00,176.099,0,0
2013-07-05 00:00,176.092,0,0
2013-07-06 00:00,176.085,0,0
2013-07-07 00:00,176.089,0,0
2013-07-08 00:00,176.091,0,0
2013-07-09 00:00,176.093,0,0
2013-07-10 00:00,176.124,0,0
2013-07-11 00:00,176.165,0,0
2013-07-12 00:00,176.118,0,0
2013-07-13 00:00,176.108,0,0
2013-07-14 00:00,176.093,0,0
2013-07-15 00:00,176.094,0,0
2013-07-16 00:00,176.094,0,0
2013-07-17 00:00,176.109,0,0
2013-07-18 00:00,176.113,0,0
2013-07-19 00:00,176.127,0,0
2013-07-20 00:00,176.169,0,0
2013-07-21 00:00,176.136,0,0
2013-07-22 00:00,176.083,0,0
2013-07-23 00:00,176.148,0,0
2013-07-24 00:00,176.161,0,0
2013-07-25 00:00,176.107,0,0
2013-07-26 00:00,176.083,0,0
2013-07-27 00:00,176.101,0,0
2013-07-28 00:00,176.123,0,0
2013-07-29 00:00,176.120,0,0
2013-07-30 00:00,176.128,0,0
2013-07-31 00:00,176.097,0,0
2013-08-01 00:00,176.125,0,0
2013-08-02 00:00,176.121,0,0
2013-08-03 00:00,176.152,0,0
2013-08-04 00:00,176.163,0,0
2013-08-05 00:00,176.111,0,0
2013-08-06 00:00,176.083,0,0
2013-08-07 00:00,176.095,0,0
2013-08-08 00:00,176.148,0,0
2013-08-09 00:00,176.126,0,0
2013-08-10 00:00,176.137,0,0
2013-08-11 00:00,176.108,0,0
2013-08-12 00:00,176.126,0,0
2013-08-13 00:00,176.183,0,0
2013-08-14 00:00,176.161,0,0
2013-08-15 00:00,176.128,0,0
2013-08-16 00:00,176.112,0,0
2013-08-17 00:00,176.093,0,0
2013-08-18 00:00,176.087,0,0
2013-08-19 00:00,176.087,0,0
2013-08-20 00:00,176.089,0,0
2013-08-21 00:00,176.071,0,0
2013-08-22 00:00,176.108,0,0
2013-08-23 00:00,176.109,0,0
2013-08-24 00:00,176.074,0,0
2013-08-25 00:00,176.060,0,0
2013-08-26 00:00,176.127,0,0
2013-08-27 00:00,176.101,0,0
2013-08-28 00:00,176.114,0,0
2013-08-29 00:00,176.102,0,0
2013-08-30 00:00,176.098,0,0
2013-08-31 00:00,176.123,0,0
2013-09-01 00:00,176.094,0,0
2013-09-02 00:00,176.148,0,0
2013-09-03 00:00,176.173,0,0
2013-09-04 00:00,176.140,0,0
2013-09-05 00:00,176.125,0,0
2013-09-06 00:00,176.072,0,0
2013-09-07 00:00,176.099,0,0
2013-09-08 00:00,176.092,0,0
2013-09-09 00:00,176.030,0,0
2013-09-10 00:00,176.048,0,0
2013-09-11 00:00,176.108,0,0
2013-09-12 00:00,176.147,0,0
2013-09-13 00:00,176.150,0,0
2013-09-14 00:00,176.086,0,0
2013-09-15 00:00,176.086,0,0
2013-09-16 00:00,176.100,0,0
2013-09-17 00:00,176.050,0,0
2013-09-18 00:00,176.021,0,0
2013-09-19 00:00,176.011,0,0
2013-09-20 00:00,176.005,0,0
2013-09-21 00:00,176.108,0,0
2013-09-22 00:00,176.105,0,0
2013-09-23 00:00,176.055,0,0
2013-09-24 00:00,176.039,0,0
2013-09-25 00:00,176.033,0,0
2013-09-26 00:00,176.037,0,0
2013-09-27 00:00,176.023,0,0
2013-09-28 00:00,175.982,0,0
2013-09-29 00:00,175.999,0,0
2013-09-30 00:00,176.028,0,0
2013-10-01 00:00,175.996,0,0
2013-10-02 00:00,176.044,0,0
2013-10-03 00:00,176.001,0,0
2013-10-04 00:00,175.986,0,0
2013-10-05 00:00,175.980,0,0
2013-10-06 00:00,175.920,0,0
2013-10-07 00:00,176.049,0,0
2013-10-08 00:00,176.062,0,0
2013-10-09 00:00,176.010,0,0
2013-10-10 00:00,176.029,0,0
2013-10-11 00:00,176.011,0,0
2013-10-12 00:00,175.994,0,0
2013-10-13 00:00,176.044,0,0
2013-10-14 00:00,176.072,0,0
2013-10-15 00:00,175.980,0,0
2013-10-16 00:00,175.985,0,0
2013-10-17 00:00,176.064,0,0
2013-10-18 00:00,176.022,0,0
2013-10-19 00:00,176.031,0,0
2013-10-20 00:00,176.042,0,0
2013-10-21 00:00,175.994,0,0
2013-10-22 00:00,176.077,0,0
2013-10-23 00:00,176.073,0,0
2013-10-24 00:00,176.083,0,0
2013-10-25 00:00,176.028,0,0
2013-10-26 00:00,176.042,0,0
2013-10-27 00:00,176.035,0,0
2013-10-28 00:00,176.030,0,0
2013-10-29 00:00,175.975,0,0
2013-10-30 00:00,175.971,0,0
2013-10-31 00:00,175.935,0,0
2013-11-01 00:00,175.988,0,0
2013-11-02 00:00,176.068,0,0
2013-11-03 00:00,176.006,0,0
2013-11-04 00:00,175.917,0,0
2013-11-05 00:00,175.955,0,0
2013-11-06 00:00,175.973,0,0
2013-11-07 00:00,176.085,0,0
2013-11-08 00:00,176.083,0,0
2013-11-09 00:00,175.977,0,0
2013-11-10 00:00,176.114,0,0
2013-11-11 00:00,176.117,0,0
2013-11-12 00:00,176.127,0,0
2013-11-13 00:00,176.014,0,0
2013-11-14 00:00,176.078,0,0
2013-11-15 00:00,176.018,0,0
2013-11-16 00:00,175.948,0,0
2013-11-17 00:00,175.913,0,0
2013-11-18 00:00,176.074,0,0
2013-11-19 00:00,176.165,0,0
2013-11-20 00:00,176.004,0,0
2013-11-21 00:00,175.966,0,0
2013-11-22 00:00,176.072,0,0
2013-11-23 00:00,176.164,0,0
2013-11-24 00:00,176.111,0,0
2013-11-25 00:00,176.001,0,0
2013-11-26 00:00,176.072,0,0
2013-11-27 00:00,176.099,0,0
2013-11-28 00:00,176.031,0,0
2013-11-29 00:00,175.986,0,0
2013-11-30 00:00,175.940,0,0
2013-12-01 00:00,176.012,0,0
2013-12-02 00:00,176.002,0,0
2013-12-03 00:00,175.981,0,0
2013-12-04 00:00,175.902,0,0
2013-12-05 00:00,175.908,0,0
2013-12-06 00:00,176.078,0,0
2013-12-07 00:00,176.061,0,0
2013-12-08 00:00,176.038,0,0
2013-12-09 00:00,175.920,0,0
2013-12-10 00:00,176.029,0,0
2013-12-11 00:00,176.076,0,0
2013-12-12 00:00,176.041,0,0
2013-12-13 00:00,176.091,0,0
2013-12-14 00:00,175.961,0,0
2013-12-15 00:00,175.915,0,0
2013-12-16 00:00,175.986,0,0
2013-12-17 00:00,175.950,0,0
2013-12-18 00:00,175.975,0,0
2013-12-19 00:00,175.964,0,0
2013-12-20 00:00,175.982,0,0
2013-12-21 00:00,175.984,0,0
2013-12-22 00:00,175.995,0,0
2013-12-23 00:00,175.967,0,0
2013-12-24 00:00,176.005,0,0
2013-12-25 00:00,175.905,0,0
2013-12-26 00:00,175.955,0,0
2013-12-27 00:00,175.952,0,0
2013-12-28 00:00,175.977,0,0
2013-12-29 00:00,175.978,0,0
2013-12-30 00:00,175.992,0,0
2013-12-31 00:00,175.976,0,0
2014-01-01 00:00,176.040,0,0
2014-01-02 00:00,176.016,0,0
2014-01-03 00:00,175.922,0,0
2014-01-04 00:00,175.865,0,0
2014-01-05 00:00,176.024,0,0
2014-01-06 00:00,176.004,0,0
2014-01-07 00:00,175.974,0,0
2014-01-08 00:00,176.000,0,0
2014-01-09 00:00,175.944,0,0
2014-01-10 00:00,175.900,0,0
2014-01-11 00:00,175.917,0,0
2014-01-12 00:00,175.956,0,0
2014-01-13 00:00,175.933,0,0
2014-01-14 00:00,175.967,0,0
2014-01-15 00:00,175.922,0,0
2014-01-16 00:00,175.919,0,0
2014-01-17 00:00,175.933,0,0
2014-01-18 00:00,175.977,0,0
2014-01-19 00:00,175.955,0,0
2014-01-20 00:00,176.051,0,0
2014-01-21 00:00,176.018,0,0
2014-01-22 00:00,175.979,0,0
2014-01-23 00:00,175.984,0,0
2014-01-24 00:00,175.879,0,0
2014-01-25 00:00,176.046,0,0
2014-01-26 00:00,175.986,0,0
2014-01-27 00:00,176.003,0,0
2014-01-28 00:00,175.989,0,0
2014-01-29 00:00,175.984,0,0
2014-01-30 00:00,175.867,0,0
2014-01-31 00:00,175.974,0,0
2014-02-01 00:00,175.989,0,0
2014-02-02 00:00,175.988,0,0
2014-02-03 00:00,175.979,0,0
2014-02-04 00:00,175.960,0,0
2014-02-05 00:00,176.000,0,0
2014-02-06 00:00,175.965,0,0
2014-02-07 00:00,175.967,0,0
2014-02-08 00:00,175.986,0,0
2014-02-09 00:00,175.963,0,0
2014-02-10 00:00,175.985,0,0
2014-02-11 00:00,175.974,0,0
2014-02-12 00:00,175.919,0,0
2014-02-13 00:00,175.942,0,0
2014-02-14 00:00,175.956,0,0
2014-02-15 00:00,175.997,0,0
2014-02-16 00:00,175.970,0,0
2014-02-17 00:00,175.947,0,0
2014-02-18 00:00,175.927,0,0
2014-02-19 00:00,175.966,0,0
2014-02-20 00:00,175.967,0,0
2014-02-21 00:00,175.857,0,0
2014-02-22 00:00,175.968,0,0
2014-02-23 00:00,176.033,0,0
2014-02-24 00:00,176.037,0,0
2014-02-25 00:00,176.014,0,0
2014-02-26 00:00,175.989,0,0
2014-02-27 00:00,176.034,0,0
2014-02-28 00:00,175.989,0,0
2014-03-01 00:00,175.966,0,0
2014-03-02 00:00,176.004,0,0
2014-03-03 00:00,175.980,0,0
2014-03-04 00:00,175.965,0,0
2014-03-05 00:00,175.981,0,0
2014-03-06 00:00,175.950,0,0
2014-03-07 00:00,175.930,0,0
2014-03-08 00:00,175.997,0,0
2014-03-09 00:00,175.947,0,0
2014-03-10 00:00,175.953,0,0
2014-03-11 00:00,175.980,0,0
2014-03-12 00:00,176.044,0,0
2014-03-13 00:00,175.946,0,0
2014-03-14 00:00,175.912,0,0
2014-03-15 00:00,176.042,0,0
2014-03-16 00:00,176.014,0,0
2014-03-17 00:00,175.945,0,0
2014-03-18 00:00,175.920,0,0
2014-03-19 00:00,175.919,0,0
2014-03-20 00:00,175.986,0,0
2014-03-21 00:00,175.988,0,0
2014-03-22 00:00,175.983,0,0
2014-03-23 00:00,176.018,0,0
2014-03-24 00:00,175.970,0,0
2014-03-25 00:00,175.988,0,0
2014-03-26 00:00,175.982,0,0
2014-03-27 00:00,175.892,0,0
2014-03-28 00:00,175.961,0,0
2014-03-29 00:00,176.024,0,0
2014-03-30 00:00,175.992,0,0
2014-03-31 00:00,175.957,0,0
2014-04-01 00:00,175.900,0,0
2014-04-02 00:00,176.004,0,0
2014-04-03 00:00,176.007,0,0
2014-04-04 00:00,175.955,0,0
2014-04-05 00:00,176.036,0,0
2014-04-06 00:00,176.014,0,0
2014-04-07 00:00,175.999,0,0
2014-04-08 00:00,176.028,0,0
2014-04-09 00:00,176.031,0,0
2014-04-10 00:00,175.989,0,0
2014-04-11 00:00,176.031,0,0
2014-04-12 00:00,176.021,0,0
2014-04-13 00:00,176.002,0,0
2014-04-14 00:00,176.071,0,0
2014-04-15 00:00,176.158,0,0
2014-04-16 00:00,176.116,0,0
2014-04-17 00:00,176.036,0,0
2014-04-18 00:00,176.082,0,0
2014-04-19 00:00,176.113,0,0
2014-04-20 00:00,176.077,0,0
2014-04-21 00:00,176.118,0,0
2014-04-22 00:00,176.163,0,0
2014-04-23 00:00,176.194,0,0
2014-04-24 00:00,176.133,0,0
2014-04-25 00:00,176.108,0,0
2014-04-26 00:00,176.161,0,0
2014-04-27 00:00,176.149,0,0
2014-04-28 00:00,176.105,0,0
2014-04-29 00:00,176.091,0,0
2014-04-30 00:00,176.093,0,0
2014-05-01 00:00,176.156,0,0
2014-05-02 00:00,176.203,0,0
2014-05-03 00:00,176.202,0,0
2014-05-04 00:00,176.242,0,0
2014-05-05 00:00,176.230,0,0
2014-05-06 00:00,176.216,0,0
2014-05-07 00:00,176.181,0,0
2014-05-08 00:00,176.159,0,0
2014-05-09 00:00,176.186,0,0
2014-05-10 00:00,176.271,0,0
2014-05-11 00:00,176.252,0,0
2014-05-12 00:00,176.216,0,0
2014-05-13 00:00,176.223,0,0
2014-05-14 00:00,176.305,0,0
2014-05-15 00:00,176.308,0,0
2014-05-16 00:00,176.331,0,0
2014-05-17 00:00,176.306,0,0
2014-05-18 00:00,176.292,0,0
2014-05-19 00:00,176.310,0,0
2014-05-20 00:00,176.285,0,0
2014-05-21 00:00,176.308,0,0
2014-05-22 00:00,176.361,0,0
2014-05-23 00:00,176.370,0,0
2014-05-24 00:00,176.347,0,0
2014-05-25 00:00,176.332,0,0
2014-05-26 00:00,176.336,0,0
2014-05-27 00:00,176.352,0,0
2014-05-28 00:00,176.360,0,0
2014-05-29 00:00,176.335,0,0
2014-05-30 00:00,176.341,0,0
2014-05-31 00:00,176.332,0,0
2014-06-01 00:00,176.308,0,0
2014-06-02 00:00,176.318,0,0
2014-06-03 00:00,176.360,0,0
2014-06-04 00:00,176.376,0,0
2014-06-05 00:00,176.382,0,0
2014-06-06 00:00,176.364,0,0
2014-06-07 00:00,176.356,0,0
2014-06-08 00:00,176.371,0,0
2014-06-09 00:00,176.384,0,0
2014-06-10 00:00,176.366,0,0
2014-06-11 00:00,176.366,0,0
2014-06-12 00:00,176.375,0,0
2014-06-13 00:00,176.406,0,0
2014-06-14 00:00,176.406,0,0
2014-06-15 00:00,176.341,0,0
2014-06-16 00:00,176.330,0,0
2014-06-17 00:00,176.385,0,0
2014-06-18 00:00,176.414,0,0
2014-06-19 00:00,176.417,0,0
2014-06-20 00:00,176.395,0,0
2014-06-21 00:00,176.412,0,0
2014-06-22 00:00,176.404,0,0
2014-06-23 00:00,176.394,0,0
2014-06-24 00:00,176.411,0,0
2014-06-25 00:00,176.428,0,0
2014-06-26 00:00,176.431,0,0
2014-06-27 00:00,176.413,0,0
2014-06-28 00:00,176.396,0,0
2014-06-29 00:00,176.387,0,0
2014-06-30 00:00,176.416,0,0
2014-07-01 00:00,176.436,0,0
2014-07-02 00:00,176.466,0,0
2014-07-03 00:00,176.487,0,0
2014-07-04 00:00,176.464,0,0
2014-07-05 00:00,176.461,0,0
2014-07-06 00:00,176.451,0,0
2014-07-07 00:00,176.459,0,0
2014-07-08 00:00,176.466,0,0
2014-07-09 00:00,176.515,0,0
2014-07-10 00:00,176.491,0,0
2014-07-11 00:00,176.462,0,0
2014-07-12 00:00,176.451,0,0
2014-07-13 00:00,176.488,0,0
2014-07-14 00:00,176.494,0,0
2014-07-15 00:00,176.504,0,0
2014-07-16 00:00,176.546,0,0
2014-07-17 00:00,176.517,0,0
2014-07-18 00:00,176.504,0,0
2014-07-19 00:00,176.490,0,0
2014-07-20 00:00,176.485,0,0
2014-07-21 00:00,176.478,0,0
2014-07-22 00:00,176.474,0,0
2014-07-23 00:00,176.554,0,0
2014-07-24 00:00,176.517,0,0
2014-07-25 00:00,176.499,0,0
2014-07-26 00:00,176.492,0,0
2014-07-27 00:00,176.519,0,0
2014-07-28 00:00,176.542,0,0
2014-07-29 00:00,176.530,0,0
2014-07-30 00:00,176.522,0,0
2014-07-31 00:00,176.504,0,0
2014-08-01 00:00,176.505,0,0
2014-08-02 00:00,176.495,0,0
2014-08-03 00:00,176.492,0,0
2014-08-04 00:00,176.496,0,0
2014-08-05 00:00,176.500,0,0
2014-08-06 00:00,176.497,0,0
2014-08-07 00:00,176.509,0,0
2014-08-08 00:00,176.479,0,0
2014-08-09 00:00,176.480,0,0
2014-08-10 00:00,176.476,0,0
2014-08-11 00:00,176.468,0,0
2014-08-12 00:00,176.482,0,0
2014-08-13 00:00,176.592,0,0
2014-08-14 00:00,176.572,0,0
2014-08-15 00:00,176.546,0,0
2014-08-16 00:00,176.534,0,0
2014-08-17 00:00,176.516,0,0
2014-08-18 00:00,176.497,0,0
2014-08-19 00:00,176.464,0,0
2014-08-20 00:00,176.499,0,0
2014-08-21 00:00,176.520,0,0
2014-08-22 00:00,176.506,0,0
2014-08-23 00:00,176.508,0,0
2014-08-24 00:00,176.486,0,0
2014-08-25 00:00,176.464,0,0
2014-08-26 00:00,176.511,0,0
2014-08-27 00:00,176.538,0,0
2014-08-28 00:00,176.528,0,0
2014-08-29 00:00,176.473,0,0
2014-08-30 00:00,176.461,0,0
2014-08-31 00:00,176.528,0,0
2014-09-01 00:00,176.490,0,0
2014-09-02 00:00,176.518,0,0
2014-09-03 00:00,176.523,0,0
2014-09-04 00:00,176.492,0,0
2014-09-05 00:00,176.556,0,0
2014-09-06 00:00,176.600,0,0
2014-09-07 00:00,176.569,0,0
2014-09-08 00:00,176.530,0,0
2014-09-09 00:00,176.518,0,0
2014-09-10 00:00,176.475,0,0
2014-09-11 00:00,176.565,0,0
2014-09-12 00:00,176.575,0,0
2014-09-13 00:00,176.570,0,0
2014-09-14 00:00,176.558,0,0
2014-09-15 00:00,176.558,0,0
2014-09-16 00:00,176.550,0,0
2014-09-17 00:00,176.560,0,0
2014-09-18 00:00,176.542,0,0
2014-09-19 00:00,176.476,0,0
2014-09-20 00:00,176.508,0,0
2014-09-21 00:00,176.592,0,0
2014-09-22 00:00,176.577,0,0
2014-09-23 00:00,176.566,0,0
2014-09-24 00:00,176.525,0,0
2014-09-25 00:00,176.518,0,0
2014-09-26 00:00,176.527,0,0
2014-09-27 00:00,176.521,0,0
2014-09-28 00:00,176.521,0,0
2014-09-29 00:00,176.546,0,0
2014-09-30 00:00,176.581,0,0
2014-10-01 00:00,176.531,0,0
2014-10-02 00:00,176.487,0,0
2014-10-03 00:00,176.463,0,0
2014-10-04 00:00,176.552,0,0
2014-10-05 00:00,176.562,0,0
2014-10-06 00:00,176.535,0,0
2014-10-07 00:00,176.514,0,0
2014-10-08 00:00,176.572,0,0
2014-10-09 00:00,176.615,0,0
2014-10-10 00:00,176.580,0,0
2014-10-11 00:00,176.546,0,0
2014-10-12 00:00,176.521,0,0
2014-10-13 00:00,176.486,0,0
2014-10-14 00:00,176.467,0,0
2014-10-15 00:00,176.504,0,0
2014-10-16 00:00,176.567,0,0
2014-10-17 00:00,176.574,0,0
2014-10-18 00:00,176.664,0,0
2014-10-19 00:00,176.597,0,0
2014-10-20 00:00,176.588,0,0
2014-10-21 00:00,176.649,0,0
2014-10-22 00:00,176.585,0,0
2014-10-23 00:00,176.580,0,0
2014-10-24 00:00,176.568,0,0
2014-10-25 00:00,176.602,0,0
2014-10-26 00:00,176.666,0,0
2014-10-27 00:00,176.569,0,0
2014-10-28 00:00,176.515,0,0
2014-10-29 00:00,176.622,0,0
2014-10-30 00:00,176.594,0,0
2014-10-31 00:00,176.672,0,0
2014-11-01 00:00,176.609,0,0
2014-11-02 00:00,176.585,0,0
2014-11-03 00:00,176.583,0,0
2014-11-04 00:00,176.535,0,0
2014-11-05 00:00,176.611,0,0
2014-11-06 00:00,176.593,0,0
2014-11-07 00:00,176.588,0,0
2014-11-08 00:00,176.563,0,0
2014-11-09 00:00,176.580,0,0
2014-11-10 00:00,176.564,0,0
2014-11-11 00:00,176.447,0,0
2014-11-12 00:00,176.553,0,0
2014-11-13 00:00,176.632,0,0
2014-11-14 00:00,176.600,0,0
2014-11-15 00:00,176.568,0,0
2014-11-16 00:00,176.562,0,0
2014-11-17 00:00,176.537,0,0
2014-11-18 00:00,176.578,0,0
2014-11-19 00:00,176.565,0,0
2014-11-20 00:00,176.584,0,0
2014-11-21 00:00,176.592,0,0
2014-11-22 00:00,176.530,0,0
2014-11-23 00:00,176.516,0,0
2014-11-24 00:00,176.431,0,0
2014-11-25 00:00,176.545,0,0
2014-11-26 00:00,176.596,0,0
2014-11-27 00:00,176.605,0,0
2014-11-28 00:00,176.609,0,0
2014-11-29 00:00,176.487,0,0
2014-11-30 00:00,176.570,0,0
2014-12-01 00:00,176.658,0,0
2014-12-02 00:00,176.570,0,0
2014-12-03 00:00,176.559,0,0
2014-12-04 00:00,176.639,0,0
2014-12-05 00:00,176.539,0,0
2014-12-06 00:00,176.597,0,0
2014-12-07 00:00,176.555,0,0
2014-12-08 00:00,176.447,0,0
2014-12-09 00:00,176.578,0,0
2014-12-10 00:00,176.606,0,0
2014-12-11 00:00,176.641,0,0
2014-12-12 00:00,176.598,0,0
2014-12-13 00:00,176.564,0,0
2014-12-14 00:00,176.556,0,0
2014-12-15 00:00,176.499,0,0
2014-12-16 00:00,176.514,0,0
2014-12-17 00:00,176.554,0,0
2014-12-18 00:00,176.578,0,0
2014-12-19 00:00,176.545,0,0
2014-12-20 00:00,176.536,0,0
2014-12-21 00:00,176.508,0,0
2014-12-22 00:00,176.491,0,0
2014-12-23 00:00,176.437,0,0
2014-12-24 00:00,176.539,0,0
2014-12-25 00:00,176.566,0,0
2014-12-26 00:00,176.569,0,0
2014-12-27 00:00,176.509,0,0
2014-12-28 00:00,176.605,0,0
2014-12-29 00:00,176.627,0,0
2014-12-30 00:00,176.604,0,0
2014-12-31 00:00,176.611,0,0
2015-01-01 00:00,176.668,0,0
2015-01-02 00:00,176.642,0,0
2015-01-03 00:00,176.530,0,0
2015-01-04 00:00,176.555,0,0
2015-01-05 00:00,176.629,0,0
2015-01-06 00:00,176.587,0,0
2015-01-07 00:00,176.680,0,0
2015-01-08 00:00,176.559,0,0
2015-01-09 00:00,176.591,0,0
2015-01-10 00:00,176.569,0,0
2015-01-11 00:00,176.544,0,0
2015-01-12 00:00,176.583,0,0
2015-01-13 00:00,176.532,0,0
2015-01-14 00:00,176.503,0,0
2015-01-15 00:00,176.492,0,0
2015-01-16 00:00,176.602,0,0
2015-01-17 00:00,176.410,0,0
2015-01-18 00:00,176.510,0,0
2015-01-19 00:00,176.562,0,0
2015-01-20 00:00,176.514,0,0
2015-01-21 00:00,176.510,0,0
2015-01-22 00:00,176.514,0,0
2015-01-23 00:00,176.494,0,0
2015-01-24 00:00,176.562,0,0
2015-01-25 00:00,176.562,0,0
2015-01-26 00:00,176.515,0,0
2015-01-27 00:00,176.530,0,0
2015-01-28 00:00,176.504,0,0
2015-01-29 00:00,176.482,0,0
2015-01-30 00:00,176.601,0,0
2015-01-31 00:00,176.523,0,0
2015-02-01 00:00,176.586,0,0
2015-02-02 00:00,176.543,0,0
2015-02-03 00:00,176.507,0,0
2015-02-04 00:00,176.549,0,0
2015-02-05 00:00,176.540,0,0
2015-02-06 00:00,176.545,0,0
2015-02-07 00:00,176.549,0,0
2015-02-08 00:00,176.525,0,0
2015-02-09 00:00,176.524,0,0
2015-02-10 00:00,176.525,0,0
2015-02-11 00:00,176.467,0,0
2015-02-12 00:00,176.619,0,0
2015-02-13 00:00,176.506,0,0
2015-02-14 00:00,176.636,0,0
2015-02-15 00:00,176.614,0,0
2015-02-16 00:00,176.501,0,0
2015-02-17 00:00,176.481,0,0
2015-02-18 00:00,176.541,0,0
2015-02-19 00:00,176.562,0,0
2015-02-20 00:00,176.489,0,0
2015-02-21 00:00,176.474,0,0
2015-02-22 00:00,176.541,0,0
2015-02-23 00:00,176.522,0,0
2015-02-24 00:00,176.463,0,0
2015-02-25 00:00,176.556,0,0
2015-02-26 00:00,176.534,0,0
2015-02-27 00:00,176.503,0,0
2015-02-28 00:00,176.486,0,0
2015-03-01 00:00,176.475,0,0
2015-03-02 00:00,176.523,0,0
2015-03-03 00:00,176.478,0,0
2015-03-04 00:00,176.532,0,0
2015-03-05 00:00,176.543,0,0
2015-03-06 00:00,176.472,0,0
2015-03-07 00:00,176.493,0,0
2015-03-08 00:00,176.502,0,0
2015-03-09 00:00,176.485,0,0
2015-03-10 00:00,176.466,0,0
2015-03-11 00:00,176.510,0,0
2015-03-12 00:00,176.506,0,0
2015-03-13 00:00,176.443,0,0
2015-03-14 00:00,176.489,0,0
2015-03-15 00:00,176.536,0,0
2015-03-16 00:00,176.484,0,0
2015-03-17 00:00,176.578,0,0
2015-03-18 00:00,176.551,0,0
2015-03-19 00:00,176.501,0,0
2015-03-20 00:00,176.460,0,0
2015-03-21 00:00,176.551,0,0
2015-03-22 00:00,176.559,0,0
2015-03-23 00:00,176.513,0,0
2015-03-24 00:00,176.473,0,0
2015-03-25 00:00,176.427,0,0
2015-03-26 00:00,176.512,0,0
2015-03-27 00:00,176.573,0,0
2015-03-28 00:00,176.511,0,0
2015-03-29 00:00,176.445,0,0
2015-03-30 00:00,176.525,0,0
2015-03-31 00:00,176.510,0,0
2015-04-01 00:00,176.469,0,0
2015-04-02 00:00,176.428,0,0
2015-04-03 00:00,176.531,0,0
2015-04-04 00:00,176.544,0,0
2015-04-05 00:00,176.487,0,0
2015-04-06 00:00,176.477,0,0
2015-04-07 00:00,176.479,0,0
2015-04-08 00:00,176.477,0,0
2015-04-09 00:00,176.458,0,0
2015-04-10 00:00,176.463,0,0
2015-04-11 00:00,176.560,0,0
2015-04-12 00:00,176.510,0,0
2015-04-13 00:00,176.493,0,0
2015-04-14 00:00,176.551,0,0
2015-04-15 00:00,176.542,0,0
2015-04-16 00:00,176.520,0,0
2015-04-17 00:00,176.552,0,0
2015-04-18 00:00,176.549,0,0
2015-04-19 00:00,176.506,0,0
2015-04-20 00:00,176.447,0,0
2015-04-21 00:00,176.553,0,0
2015-04-22 00:00,176.599,0,0
2015-04-23 00:00,176.637,0,0
2015-04-24 00:00,176.614,0,0
2015-04-25 00:00,176.561,0,0
2015-04-26 00:00,176.583,0,0
2015-04-27 00:00,176.607,0,0
2015-04-28 00:00,176.570,0,0
2015-04-29 00:00,176.587,0,0
2015-04-30 00:00,176.600,0,0
2015-05-01 00:00,176.585,0,0
2015-05-02 00:00,176.566,0,0
2015-05-03 00:00,176.547,0,0
2015-05-04 00:00,176.565,0,0
2015-05-05 00:00,176.582,0,0
2015-05-06 00:00,176.553,0,0
2015-05-07 00:00,176.535,0,0
2015-05-08 00:00,176.539,0,0
2015-05-09 00:00,176.589,0,0
2015-05-10 00:00,176.601,0,0
2015-05-11 00:00,176.565,0,0
2015-05-12 00:00,176.591,0,0
2015-05-13 00:00,176.636,0,0
2015-05-14 00:00,176.581,0,0
2015-05-15 00:00,176.559,0,0
2015-05-16 00:00,176.594,0,0
2015-05-17 00:00,176.561,0,0
2015-05-18 00:00,176.567,0,0
2015-05-19 00:00,176.641,0,0
2015-05-20 00:00,176.647,0,0
2015-05-21 00:00,176.609,0,0
2015-05-22 00:00,176.628,0,0
2015-05-23 00:00,176.588,0,0
2015-05-24 00:00,176.594,0,0
2015-05-25 00:00,176.570,0,0
2015-05-26 00:00,176.597,0,0
2015-05-27 00:00,176.600,0,0
2015-05-28 00:00,176.642,0,0
2015-05-29 00:00,176.589,0,0
2015-05-30 00:00,176.650,0,0
2015-05-31 00:00,176.675,0,0
2015-06-01 00:00,176.659,0,0
2015-06-02 00:00,176.649,0,0
2015-06-03 00:00,176.629,0,0
2015-06-04 00:00,176.618,0,0
2015-06-05 00:00,176.647,0,0
2015-06-06 00:00,176.655,0,0
2015-06-07 00:00,176.609,0,0
2015-06-08 00:00,176.667,0,0
2015-06-09 00:00,176.672,0,0
2015-06-10 00:00,176.661,0,0
2015-06-11 00:00,176.679,0,0
2015-06-12 00:00,176.686,0,0
2015-06-13 00:00,176.683,0,0
2015-06-14 00:00,176.677,0,0
2015-06-15 00:00,176.708,0,0
2015-06-16 00:00,176.732,0,0
2015-06-17 00:00,176.714,0,0
2015-06-18 00:00,176.702,0,0
2015-06-19 00:00,176.743,0,0
2015-06-20 00:00,176.709,0,0
2015-06-21 00:00,176.724,0,0
2015-06-22 00:00,176.714,0,0
2015-06-23 00:00,176.741,0,0
2015-06-24 00:00,176.756,0,0
2015-06-25 00:00,176.738,0,0
2015-06-26 00:00,176.740,0,0
2015-06-27 00:00,176.758,0,0
2015-06-28 00:00,176.753,0,0
2015-06-29 00:00,176.726,0,0
2015-06-30 00:00,176.721,0,0
2015-07-01 00:00,176.747,0,0
2015-07-02 00:00,176.743,0,0
2015-07-03 00:00,176.730,0,0
2015-07-04 00:00,176.737,0,0
2015-07-05 00:00,176.726,0,0
2015-07-06 00:00,176.702,0,0
2015-07-07 00:00,176.748,0,0
2015-07-08 00:00,176.760,0,0
2015-07-09 00:00,176.730,0,0
2015-07-10 00:00,176.742,0,0
2015-07-11 00:00,176.735,0,0
2015-07-12 00:00,176.732,0,0
2015-07-13 00:00,176.712,0,0
2015-07-14 00:00,176.756,0,0
2015-07-15 00:00,176.754,0,0
2015-07-16 00:00,176.731,0,0
2015-07-17 00:00,176.701,0,0
2015-07-18 00:00,176.720,0,0
2015-07-19 00:00,176.761,0,0
2015-07-20 00:00,176.766,0,0
2015-07-21 00:00,176.789,0,0
2015-07-22 00:00,176.784,0,0
2015-07-23 00:00,176.758,0,0
2015-07-24 00:00,176.752,0,0
2015-07-25 00:00,176.762,0,0
2015-07-26 00:00,176.768,0,0
2015-07-27 00:00,176.751,0,0
2015-07-28 00:00,176.746,0,0
2015-07-29 00:00,176.733,0,0
2015-07-30 00:00,176.778,0,0
2015-07-31 00:00,176.773,0,0
2015-08-01 00:00,176.776,0,0
2015-08-02 00:00,176.748,0,0
2015-08-03 00:00,176.779,0,0
2015-08-04 00:00,176.792,0,0
2015-08-05 00:00,176.794,0,0
2015-08-06 00:00,176.765,0,0
2015-08-07 00:00,176.752,0,0
2015-08-08 00:00,176.735,0,0
2015-08-09 00:00,176.714,0,0
2015-08-10 00:00,176.728,0,0
2015-08-11 00:00,176.779,0,0
2015-08-12 00:00,176.790,0,0
2015-08-13 00:00,176.757,0,0
2015-08-14 00:00,176.756,0,0
2015-08-15 00:00,176.755,0,0
2015-08-16 00:00,176.730,0,0
2015-08-17 00:00,176.744,0,0
2015-08-18 00:00,176.725,0,0
2015-08-19 00:00,176.694,0,0
2015-08-20 00:00,176.747,0,0
2015-08-21 00:00,176.787,0,0
2015-08-22 00:00,176.745,0,0
2015-08-23 00:00,176.718,0,0
2015-08-24 00:00,176.752,0,0
2015-08-25 00:00,176.793,0,0
2015-08-26 00:00,176.787,0,0
2015-08-27 00:00,176.763,0,0
2015-08-28 00:00,176.719,0,0
2015-08-29 00:00,176.734,0,0
2015-08-30 00:00,176.723,0,0
2015-08-31 00:00,176.738,0,0
2015-09-01 00:00,176.717,0,0
2015-09-02 00:00,176.716,0,0
2015-09-03 00:00,176.715,0,0
2015-09-04 00:00,176.709,0,0
2015-09-05 00:00,176.692,0,0
2015-09-06 00:00,176.686,0,0
2015-09-07 00:00,176.704,0,0
2015-09-08 00:00,176.704,0,0
2015-09-09 00:00,176.756,0,0
2015-09-10 00:00,176.753,0,0
2015-09-11 00:00,176.774,0,0
2015-09-12 00:00,176.801,0,0
2015-09-13 00:00,176.754,0,0
2015-09-14 00:00,176.749,0,0
2015-09-15 00:00,176.707,0,0
2015-09-16 00:00,176.701,0,0
2015-09-17 00:00,176.691,0,0
2015-09-18 00:00,176.695,0,0
2015-09-19 00:00,176.747,0,0
2015-09-20 00:00,176.754,0,0
2015-09-21 00:00,176.721,0,0
2015-09-22 00:00,176.699,0,0
2015-09-23 00:00,176.706,0,0
2015-09-24 00:00,176.695,0,0
2015-09-25 00:00,176.686,0,0
2015-09-26 00:00,176.654,0,0
2015-09-27 00:00,176.626,0,0
2015-09-28 00:00,176.659,0,0
2015-09-29 00:00,176.717,0,0
2015-09-30 00:00,176.732,0,0
2015-10-01 00:00,176.686,0,0
2015-10-02 00:00,176.642,0,0
2015-10-03 00:00,176.563,0,0
2015-10-04 00:00,176.548,0,0
2015-10-05 00:00,176.612,0,0
2015-10-06 00:00,176.620,0,0
2015-10-07 00:00,176.654,0,0
2015-10-08 00:00,176.609,0,0
2015-10-09 00:00,176.644,0,0
2015-10-10 00:00,176.646,0,0
2015-10-11 00:00,176.644,0,0
2015-10-12 00:00,176.595,0,0
2015-10-13 00:00,176.641,0,0
2015-10-14 00:00,176.677,0,0
2015-10-15 00:00,176.632,0,0
2015-10-16 00:00,176.677,0,0
2015-10-17 00:00,176.639,0,0
2015-10-18 00:00,176.617,0,0
2015-10-19 00:00,176.543,0,0
2015-10-20 00:00,176.587,0,0
2015-10-21 00:00,176.503,0,0
2015-10-22 00:00,176.596,0,0
2015-10-23 00:00,176.556,0,0
2015-10-24 00:00,176.462,0,0
2015-10-25 00:00,176.607,0,0
2015-10-26 00:00,176.556,0,0
2015-10-27 00:00,176.524,0,0
2015-10-28 00:00,176.417,0,0
2015-10-29 00:00,176.480,0,0
2015-10-30 00:00,176.602,0,0
2015-10-31 00:00,176.515,0,0
2015-11-01 00:00,176.543,0,0
2015-11-02 00:00,176.555,0,0
2015-11-03 00:00,176.544,0,0
2015-11-04 00:00,176.518,0,0
2015-11-05 00:00,176.533,0,0
2015-11-06 00:00,176.559,0,0
2015-11-07 00:00,176.608,0,0
2015-11-08 00:00,176.589,0,0
2015-11-09 00:00,176.579,0,0
2015-11-10 00:00,176.545,0,0
2015-11-11 00:00,176.531,0,0
2015-11-12 00:00,176.446,0,0
2015-11-13 00:00,176.593,0,0
2015-11-14 00:00,176.603,0,0
2015-11-15 00:00,176.560,0,0
2015-11-16 00:00,176.522,0,0
2015-11-17 00:00,176.445,0,0
2015-11-18 00:00,176.377,0,0
2015-11-19 00:00,176.475,0,0
2015-11-20 00:00,176.628,0,0
2015-11-21 00:00,176.612,0,0
2015-11-22 00:00,176.571,0,0
2015-11-23 00:00,176.523,0,0
2015-11-24 00:00,176.528,0,0
2015-11-25 00:00,176.450,0,0
2015-11-26 00:00,176.451,0,0
2015-11-27 00:00,176.551,0,0
2015-11-28 00:00,176.563,0,0
2015-11-29 00:00,176.566,0,0
2015-11-30 00:00,176.512,0,0
2015-12-01 00:00,176.475,0,0
2015-12-02 00:00,176.517,0,0
2015-12-03 00:00,176.555,0,0
2015-12-04 00:00,176.581,0,0
2015-12-05 00:00,176.533,0,0
2015-12-06 00:00,176.516,0,0
2015-12-07 00:00,176.528,0,0
2015-12-08 00:00,176.495,0,0
2015-12-09 00:00,176.481,0,0
2015-12-10 00:00,176.464,0,0
2015-12-11 00:00,176.507,0,0
2015-12-12 00:00,176.555,0,0
2015-12-13 00:00,176.459,0,0
2015-12-14 00:00,176.474,0,0
2015-12-15 00:00,176.590,0,0
2015-12-16 00:00,176.507,0,0
2015-12-17 00:00,176.526,0,0
2015-12-18 00:00,176.619,0,0
2015-12-19 00:00,176.652,0,0
2015-12-20 00:00,176.568,0,0
2015-12-21 00:00,176.529,0,0
2015-12-22 00:00,176.563,0,0
2015-12-23 00:00,176.522,0,0
2015-12-24 00:00,176.506,0,0
2015-12-25 00:00,176.622,0,0
2015-12-26 00:00,176.592,0,0
2015-12-27 00:00,176.599,0,0
2015-12-28 00:00,176.639,0,0
2015-12-29 00:00,176.477,0,0
2015-12-30 00:00,176.554,0,0
2015-12-31 00:00,176.612,0,0
2016-01-01 00:00,176.649,0,0
2016-01-02 00:00,176.621,0,0
2016-01-03 00:00,176.694,0,0
2016-01-04 00:00,176.629,0,0
2016-01-05 00:00,176.554,0,0
2016-01-06 00:00,176.603,0,0
2016-01-07 00:00,176.563,0,0
2016-01-08 00:00,176.537,0,0
2016-01-09 00:00,176.540,0,0
2016-01-10 00:00,176.665,0,0
2016-01-11 00:00,176.671,0,0
2016-01-12 00:00,176.629,0,0
2016-01-13 00:00,176.637,0,0
2016-01-14 00:00,176.605,0,0
2016-01-15 00:00,176.494,0,0
2016-01-16 00:00,176.575,0,0
2016-01-17 00:00,176.614,0,0
2016-01-18 00:00,176.637,0,0
2016-01-19 00:00,176.622,0,0
2016-01-20 00:00,176.594,0,0
2016-01-21 00:00,176.575,0,0
2016-01-22 00:00,176.566,0,0
2016-01-23 00:00,176.578,0,0
2016-01-24 00:00,176.558,0,0
2016-01-25 00:00,176.521,0,0
2016-01-26 00:00,176.530,0,0
2016-01-27 00:00,176.575,0,0
2016-01-28 00:00,176.558,0,0
2016-01-29 00:00,176.631,0,0
2016-01-30 00:00,176.501,0,0
2016-01-31 00:00,176.565,0,0
2016-02-01 00:00,176.579,0,0
2016-02-02 00:00,176.578,0,0
2016-02-03 00:00,176.467,0,0
2016-02-04 00:00,176.593,0,0
2016-02-05 00:00,176.579,0,0
2016-02-06 00:00,176.585,0,0
2016-02-07 00:00,176.573,0,0
2016-02-08 00:00,176.568,0,0
2016-02-09 00:00,176.640,0,0
2016-02-10 00:00,176.645,0,0
2016-02-11 00:00,176.637,0,0
2016-02-12 00:00,176.653,0,0
2016-02-13 00:00,176.669,0,0
2016-02-14 00:00,176.569,0,0
2016-02-15 00:00,176.506,0,0
2016-02-16 00:00,176.559,0,0
2016-02-17 00:00,176.617,0,0
2016-02-18 00:00,176.544,0,0
2016-02-19 00:00,176.412,0,0
2016-02-20 00:00,176.535,0,0
2016-02-21 00:00,176.609,0,0
2016-02-22 00:00,176.574,0,0
2016-02-23 00:00,176.544,0,0
2016-02-24 00:00,176.655,0,0
2016-02-25 00:00,176.708,0,0
2016-02-26 00:00,176.632,0,0
2016-02-27 00:00,176.559,0,0
2016-02-28 00:00,176.585,0,0
2016-02-29 00:00,176.587,0,0
2016-03-01 00:00,176.673,0,0
2016-03-02 00:00,176.609,0,0
2016-03-03 00:00,176.580,0,0
2016-03-04 00:00,176.569,0,0
2016-03-05 00:00,176.566,0,0
2016-03-06 00:00,176.524,0,0
2016-03-07 00:00,176.571,0,0
2016-03-08 00:00,176.530,0,0
2016-03-09 00:00,176.557,0,0
2016-03-10 00:00,176.602,0,0
2016-03-11 00:00,176.604,0,0
2016-03-12 00:00,176.565,0,0
2016-03-13 00:00,176.589,0,0
2016-03-14 00:00,176.545,0,0
2016-03-15 00:00,176.607,0,0
2016-03-16 00:00,176.518,0,0
2016-03-17 00:00,176.589,0,0
2016-03-18 00:00,176.655,0,0
2016-03-19 00:00,176.620,0,0
2016-03-20 00:00,176.629,0,0
2016-03-21 00:00,176.669,0,0
2016-03-22 00:00,176.629,0,0
2016-03-23 00:00,176.630,0,0
2016-03-24 00:00,176.639,0,0
2016-03-25 00:00,176.638,0,0
2016-03-26 00:00,176.654,0,0
2016-03-27 00:00,176.636,0,0
2016-03-28 00:00,176.739,0,0
2016-03-29 00:00,176.721,0,0
2016-03-30 00:00,176.652,0,0
2016-03-31 00:00,176.670,0,0
2016-04-01 00:00,176.752,0,0
2016-04-02 00:00,176.795,0,0
2016-04-03 00:00,176.793,0,0
2016-04-04 00:00,176.755,0,0
2016-04-05 00:00,176.756,0,0
2016-04-06 00:00,176.706,0,0
2016-04-07 00:00,176.774,0,0
2016-04-08 00:00,176.824,0,0
2016-04-09 00:00,176.801,0,0
2016-04-10 00:00,176.727,0,0
2016-04-11 00:00,176.732,0,0
2016-04-12 00:00,176.835,0,0
2016-04-13 00:00,176.777,0,0
2016-04-14 00:00,176.750,0,0
2016-04-15 00:00,176.760,0,0
2016-04-16 00:00,176.754,0,0
2016-04-17 00:00,176.766,0,0
2016-04-18 00:00,176.784,0,0
2016-04-19 00:00,176.778,0,0
2016-04-20 00:00,176.763,0,0
2016-04-21 00:00,176.756,0,0
2016-04-22 00:00,176.801,0,0
2016-04-23 00:00,176.789,0,0
2016-04-24 00:00,176.767,0,0
2016-04-25 00:00,176.745,0,0
2016-04-26 00:00,176.739,0,0
2016-04-27 00:00,176.800,0,0
2016-04-28 00:00,176.792,0,0
2016-04-29 00:00,176.802,0,0
2016-04-30 00:00,176.810,0,0
2016-05-01 00:00,176.814,0,0
2016-05-02 00:00,176.823,0,0
2016-05-03 00:00,176.811,0,0
2016-05-04 00:00,176.818,0,0
2016-05-05 00:00,176.830,0,0
2016-05-06 00:00,176.829,0,0
2016-05-07 00:00,176.810,0,0
2016-05-08 00:00,176.849,0,0
2016-05-09 00:00,176.815,0,0
2016-05-10 00:00,176.778,0,0
2016-05-11 00:00,176.789,0,0
2016-05-12 00:00,176.801,0,0
2016-05-13 00:00,176.842,0,0
2016-05-14 00:00,176.886,0,0
2016-05-15 00:00,176.907,0,0
2016-05-16 00:00,176.857,0,0
2016-05-17 00:00,176.838,0,0
2016-05-18 00:00,176.846,0,0
2016-05-19 00:00,176.832,0,0
2016-05-20 00:00,176.825,0,0
2016-05-21 00:00,176.830,0,0
2016-05-22 00:00,176.849,0,0
2016-05-23 00:00,176.820,0,0
2016-05-24 00:00,176.815,0,0
2016-05-25 00:00,176.827,0,0
2016-05-26 00:00,176.806,0,0
2016-05-27 00:00,176.827,0,0
2016-05-28 00:00,176.801,0,0
2016-05-29 00:00,176.815,0,0
2016-05-30 00:00,176.853,0,0
2016-05-31 00:00,176.848,0,0
2016-06-01 00:00,176.810,0,0
2016-06-02 00:00,176.834,0,0
2016-06-03 00:00,176.852,0,0
2016-06-04 00:00,176.820,0,0
2016-06-05 00:00,176.820,0,0
2016-06-06 00:00,176.877,0,0
2016-06-07 00:00,176.894,0,0
2016-06-08 00:00,176.921,0,0
2016-06-09 00:00,176.872,0,0
2016-06-10 00:00,176.828,0,0
2016-06-11 00:00,176.836,0,0
2016-06-12 00:00,176.916,0,0
2016-06-13 00:00,176.853,0,0
2016-06-14 00:00,176.833,0,0
2016-06-15 00:00,176.812,0,0
2016-06-16 00:00,176.837,0,0
2016-06-17 00:00,176.873,0,0
2016-06-18 00:00,176.852,0,0
2016-06-19 00:00,176.846,0,0
2016-06-20 00:00,176.855,0,0
2016-06-21 00:00,176.875,0,0
2016-06-22 00:00,176.858,0,0
2016-06-23 00:00,176.848,0,0
2016-06-24 00:00,176.852,0,0
2016-06-25 00:00,176.835,0,0
2016-06-26 00:00,176.820,0,0
2016-06-27 00:00,176.878,0,0
2016-06-28 00:00,176.891,0,0
2016-06-29 00:00,176.875,0,0
2016-06-30 00:00,176.865,0,0
2016-07-01 00:00,176.868,0,0
2016-07-02 00:00,176.886,0,0
2016-07-03 00:00,176.866,0,0
2016-07-04 00:00,176.844,0,0
2016-07-05 00:00,176.846,0,0
2016-07-06 00:00,176.851,0,0
2016-07-07 00:00,176.856,0,0
2016-07-08 00:00,176.845,0,0
2016-07-09 00:00,176.879,0,0
2016-07-10 00:00,176.878,1,0
2016-07-11 00:00,176.835,0,0
2016-07-12 00:00,176.813,0,0
2016-07-13 00:00,176.846,0,0
2016-07-14 00:00,176.863,0,0
2016-07-15 00:00,176.904,0,0
2016-07-16 00:00,176.863,0,0
2016-07-17 00:00,176.831,0,0
2016-07-18 00:00,176.851,0,0
2016-07-19 00:00,176.878,0,0
2016-07-20 00:00,176.834,0,0
2016-07-21 00:00,176.815,0,0
2016-07-22 00:00,176.871,0,0
2016-07-23 00:00,176.868,0,0
2016-07-24 00:00,176.834,0,0
2016-07-25 00:00,176.865,0,0
2016-07-26 00:00,176.884,0,0
2016-07-27 00:00,176.870,0,0
2016-07-28 00:00,176.877,0,0
2016-07-29 00:00,176.871,0,0
2016-07-30 00:00,176.855,0,0
2016-07-31 00:00,176.850,0,0
2016-08-01 00:00,176.852,0,0
2016-08-02 00:00,176.842,0,0
2016-08-03 00:00,176.830,0,0
2016-08-04 00:00,176.819,0,0
2016-08-05 00:00,176.828,0,0
2016-08-06 00:00,176.874,0,0
2016-08-07 00:00,176.865,0,0
2016-08-08 00:00,176.831,0,0
2016-08-09 00:00,176.806,0,0
2016-08-10 00:00,176.814,0,0
2016-08-11 00:00,176.802,0,0
2016-08-12 00:00,176.805,0,0
2016-08-13 00:00,176.812,0,0
2016-08-14 00:00,176.839,0,0
2016-08-15 00:00,176.809,0,0
2016-08-16 00:00,176.824,0,0
2016-08-17 00:00,176.832,0,0
2016-08-18 00:00,176.841,0,0
2016-08-19 00:00,176.814,0,0
2016-08-20 00:00,176.817,0,0
2016-08-21 00:00,176.833,0,0
2016-08-22 00:00,176.884,0,0
2016-08-23 00:00,176.848,0,0
2016-08-24 00:00,176.819,0,0
2016-08-25 00:00,176.837,0,0
2016-08-26 00:00,176.870,0,0
2016-08-27 00:00,176.844,0,0
2016-08-28 00:00,176.815,0,0
2016-08-29 00:00,176.851,0,0
2016-08-30 00:00,176.816,0,0
2016-08-31 00:00,176.862,0,0
2016-09-01 00:00,176.876,0,0
2016-09-02 00:00,176.842,0,0
2016-09-03 00:00,176.825,0,0
2016-09-04 00:00,176.807,0,0
2016-09-05 00:00,176.781,0,0
2016-09-06 00:00,176.774,0,0
2016-09-07 00:00,176.789,0,0
2016-09-08 00:00,176.796,0,0
2016-09-09 00:00,176.835,0,0
2016-09-10 00:00,176.785,0,0
2016-09-11 00:00,176.860,0,0
2016-09-12 00:00,176.808,0,0
2016-09-13 00:00,176.785,0,0
2016-09-14 00:00,176.837,0,0
2016-09-15 00:00,176.792,0,0
2016-09-16 00:00,176.752,1,0
2016-09-17 00:00,176.743,0,0
2016-09-18 00:00,176.792,0,0
2016-09-19 00:00,176.777,0,0
2016-09-20 00:00,176.805,0,0
2016-09-21 00:00,176.771,0,0
2016-09-22 00:00,176.767,0,0
2016-09-23 00:00,176.795,0,0
2016-09-24 00:00,176.764,0,0
2016-09-25 00:00,176.710,0,0
2016-09-26 00:00,176.676,0,0
2016-09-27 00:00,176.776,0,0
2016-09-28 00:00,176.767,0,0
2016-09-29 00:00,176.737,0,0
2016-09-30 00:00,176.702,0,0
