Date,"Flow, CFS"
1997-10-01,44.0
1997-10-02,40.0
1997-10-03,37.0
1997-10-04,37.0
1997-10-05,36.0
1997-10-06,33.0
1997-10-07,32.0
1997-10-08,31.0
1997-10-09,47.0
1997-10-10,68.0
1997-10-11,37.0
1997-10-12,35.0
1997-10-13,32.0
1997-10-14,100.0
1997-10-15,55.0
1997-10-16,36.0
1997-10-17,34.0
1997-10-18,31.0
1997-10-19,26.0
1997-10-20,27.0
1997-10-21,27.0
1997-10-22,28.0
1997-10-23,24.0
1997-10-24,30.0
1997-10-25,29.0
1997-10-26,80.0
1997-10-27,220.0
1997-10-28,130.0
1997-10-29,64.0
1997-10-30,52.0
1997-10-31,54.0
1997-11-01,120.0
1997-11-02,170.0
1997-11-03,105.0
1997-11-04,74.0
1997-11-05,60.0
1997-11-06,52.0
1997-11-07,49.0
1997-11-08,46.0
1997-11-09,42.0
1997-11-10,28.0
1997-11-11,28.0
1997-11-12,29.0
1997-11-13,75.0
1997-11-14,66.0
1997-11-15,64.0
1997-11-16,66.0
1997-11-17,54.0
1997-11-18,52.0
1997-11-19,45.0
1997-11-20,39.0
1997-11-21,44.0
1997-11-22,50.0
1997-11-23,56.0
1997-11-24,54.0
1997-11-25,47.0
1997-11-26,44.0
1997-11-27,48.0
1997-11-28,45.0
1997-11-29,53.0
1997-11-30,115.0
1997-12-01,75.0
1997-12-02,58.0
1997-12-03,62.0
1997-12-04,110.0
1997-12-05,80.0
1997-12-06,64.0
1997-12-07,63.0
1997-12-08,63.0
1997-12-09,63.0
1997-12-10,78.0
1997-12-11,100.0
1997-12-12,86.0
1997-12-13,70.0
1997-12-14,63.0
1997-12-15,63.0
1997-12-16,68.0
1997-12-17,72.0
1997-12-18,68.0
1997-12-19,63.0
1997-12-20,70.0
1997-12-21,74.0
1997-12-22,80.0
1997-12-23,125.0
1997-12-24,110.0
1997-12-25,340.0
1997-12-26,225.0
1997-12-27,140.0
1997-12-28,105.0
1997-12-29,80.0
1997-12-30,60.0
1997-12-31,58.0
1998-01-01,55.0
1998-01-02,57.0
1998-01-03,60.0
1998-01-04,150.0
1998-01-05,180.0
1998-01-06,340.0
1998-01-07,390.0
1998-01-08,580.0
1998-01-09,470.0
1998-01-10,330.0
1998-01-11,185.0
1998-01-12,110.0
1998-01-13,94.0
1998-01-14,88.0
1998-01-15,82.0
1998-01-16,76.0
1998-01-17,71.0
1998-01-18,70.0
1998-01-19,69.0
1998-01-20,69.0
1998-01-21,64.0
1998-01-22,65.0
1998-01-23,72.0
1998-01-24,74.0
1998-01-25,69.0
1998-01-26,68.0
1998-01-27,74.0
1998-01-28,80.0
1998-01-29,88.0
1998-01-30,92.0
1998-01-31,84.0
1998-02-01,76.0
1998-02-02,86.0
1998-02-03,82.0
1998-02-04,76.0
1998-02-05,72.0
1998-02-06,69.0
1998-02-07,64.0
1998-02-08,61.0
1998-02-09,63.0
1998-02-10,61.0
1998-02-11,90.0
1998-02-12,245.0
1998-02-13,167.0
1998-02-14,123.0
1998-02-15,99.0
1998-02-16,90.0
1998-02-17,376.0
1998-02-18,1390.0
1998-02-19,1020.0
1998-02-20,535.0
1998-02-21,368.0
1998-02-22,265.0
1998-02-23,185.0
1998-02-24,161.0
1998-02-25,145.0
1998-02-26,135.0
1998-02-27,145.0
1998-02-28,160.0
1998-03-01,135.0
1998-03-02,127.0
1998-03-03,115.0
1998-03-04,120.0
1998-03-05,120.0
1998-03-06,111.0
1998-03-07,109.0
1998-03-08,145.0
1998-03-09,562.0
1998-03-10,757.0
1998-03-11,341.0
1998-03-12,229.0
1998-03-13,144.0
1998-03-14,147.0
1998-03-15,145.0
1998-03-16,129.0
1998-03-17,125.0
1998-03-18,269.0
1998-03-19,462.0
1998-03-20,381.0
1998-03-21,350.0
1998-03-22,320.0
1998-03-23,290.0
1998-03-24,270.0
1998-03-25,250.0
1998-03-26,240.0
1998-03-27,230.0
1998-03-28,260.0
1998-03-29,280.0
1998-03-30,179.0
1998-03-31,147.0
1998-04-01,217.0
1998-04-02,210.0
1998-04-03,154.0
1998-04-04,130.0
1998-04-05,120.0
1998-04-06,110.0
1998-04-07,102.0
1998-04-08,133.0
1998-04-09,265.0
1998-04-10,567.0
1998-04-11,258.0
1998-04-12,163.0
1998-04-13,131.0
1998-04-14,160.0
1998-04-15,173.0
1998-04-16,131.0
1998-04-17,116.0
1998-04-18,102.0
1998-04-19,98.0
1998-04-20,106.0
1998-04-21,92.0
1998-04-22,88.0
1998-04-23,84.0
1998-04-24,79.0
1998-04-25,74.0
1998-04-26,361.0
1998-04-27,369.0
1998-04-28,200.0
1998-04-29,145.0
1998-04-30,113.0
1998-05-01,179.0
1998-05-02,248.0
1998-05-03,253.0
1998-05-04,147.0
1998-05-05,112.0
1998-05-06,98.0
1998-05-07,86.0
1998-05-08,98.0
1998-05-09,110.0
1998-05-10,87.0
1998-05-11,72.0
1998-05-12,65.0
1998-05-13,62.0
1998-05-14,59.0
1998-05-15,56.0
1998-05-16,54.0
1998-05-17,52.0
1998-05-18,50.0
1998-05-19,48.0
1998-05-20,46.0
1998-05-21,44.0
1998-05-22,42.0
1998-05-23,41.0
1998-05-24,45.0
1998-05-25,50.0
1998-05-26,45.0
1998-05-27,41.0
1998-05-28,39.0
1998-05-29,38.0
1998-05-30,37.0
1998-05-31,253.0
1998-06-01,192.0
1998-06-02,82.0
1998-06-03,56.0
1998-06-04,47.0
1998-06-05,44.0
1998-06-06,44.0
1998-06-07,42.0
1998-06-08,40.0
1998-06-09,38.0
1998-06-10,110.0
1998-06-11,73.0
1998-06-12,150.0
1998-06-13,110.0
1998-06-14,75.0
1998-06-15,56.0
1998-06-16,54.0
1998-06-17,212.0
1998-06-18,73.0
1998-06-19,57.0
1998-06-20,40.0
1998-06-21,33.0
1998-06-22,35.0
1998-06-23,53.0
1998-06-24,32.0
1998-06-25,29.0
1998-06-26,28.0
1998-06-27,42.0
1998-06-28,45.0
1998-06-29,33.0
1998-06-30,33.0
1998-07-01,59.0
1998-07-02,30.0
1998-07-03,25.0
1998-07-04,63.0
1998-07-05,35.0
1998-07-06,27.0
1998-07-07,37.0
1998-07-08,167.0
1998-07-09,181.0
1998-07-10,88.0
1998-07-11,47.0
1998-07-12,37.0
1998-07-13,32.0
1998-07-14,28.0
1998-07-15,26.0
1998-07-16,90.0
1998-07-17,33.0
1998-07-18,26.0
1998-07-19,30.0
1998-07-20,42.0
1998-07-21,48.0
1998-07-22,88.0
1998-07-23,36.0
1998-07-24,26.0
1998-07-25,24.0
1998-07-26,24.0
1998-07-27,22.0
1998-07-28,21.0
1998-07-29,19.0
1998-07-30,24.0
1998-07-31,23.0
1998-08-01,22.0
1998-08-02,21.0
1998-08-03,20.0
1998-08-04,21.0
1998-08-05,56.0
1998-08-06,563.0
1998-08-07,1140.0
1998-08-08,489.0
1998-08-09,274.0
1998-08-10,519.0
1998-08-11,372.0
1998-08-12,145.0
1998-08-13,104.0
1998-08-14,82.0
1998-08-15,99.0
1998-08-16,134.0
1998-08-17,66.0
1998-08-18,116.0
1998-08-19,75.0
1998-08-20,56.0
1998-08-21,53.0
1998-08-22,48.0
1998-08-23,44.0
1998-08-24,42.0
1998-08-25,117.0
1998-08-26,89.0
1998-08-27,51.0
1998-08-28,38.0
1998-08-29,37.0
1998-08-30,31.0
1998-08-31,31.0
1998-09-01,33.0
1998-09-02,98.0
1998-09-03,64.0
1998-09-04,36.0
1998-09-05,30.0
1998-09-06,28.0
1998-09-07,111.0
1998-09-08,91.0
1998-09-09,49.0
1998-09-10,34.0
1998-09-11,29.0
1998-09-12,27.0
1998-09-13,26.0
1998-09-14,25.0
1998-09-15,29.0
1998-09-16,55.0
1998-09-17,32.0
1998-09-18,27.0
1998-09-19,20.0
1998-09-20,17.0
1998-09-21,42.0
1998-09-22,23.0
1998-09-23,16.0
1998-09-24,15.0
1998-09-25,15.0
1998-09-26,16.0
1998-09-27,16.0
1998-09-28,16.0
1998-09-29,16.0
1998-09-30,17.0
1998-10-01,19.0
1998-10-02,14.0
1998-10-03,30.0
1998-10-04,35.0
1998-10-05,15.0
1998-10-06,16.0
1998-10-07,282.0
1998-10-08,257.0
1998-10-09,100.0
1998-10-10,70.0
1998-10-11,50.0
1998-10-12,40.0
1998-10-13,35.0
1998-10-14,32.0
1998-10-15,30.0
1998-10-16,29.0
1998-10-17,30.0
1998-10-18,30.0
1998-10-19,33.0
1998-10-20,27.0
1998-10-21,25.0
1998-10-22,24.0
1998-10-23,23.0
1998-10-24,22.0
1998-10-25,22.0
1998-10-26,22.0
1998-10-27,22.0
1998-10-28,22.0
1998-10-29,23.0
1998-10-30,23.0
1998-10-31,23.0
1998-11-01,23.0
1998-11-02,23.0
1998-11-03,23.0
1998-11-04,23.0
1998-11-05,23.0
1998-11-06,23.0
1998-11-07,23.0
1998-11-08,23.0
1998-11-09,24.0
1998-11-10,68.0
1998-11-11,169.0
1998-11-12,85.0
1998-11-13,51.0
1998-11-14,42.0
1998-11-15,37.0
1998-11-16,36.0
1998-11-17,35.0
1998-11-18,34.0
1998-11-19,33.0
1998-11-20,33.0
1998-11-21,32.0
1998-11-22,31.0
1998-11-23,32.0
1998-11-24,31.0
1998-11-25,38.0
1998-11-26,136.0
1998-11-27,74.0
1998-11-28,45.0
1998-11-29,36.0
1998-11-30,35.0
1998-12-01,41.0
1998-12-02,39.0
1998-12-03,35.0
1998-12-04,33.0
1998-12-05,68.0
1998-12-06,61.0
1998-12-07,236.0
1998-12-08,107.0
1998-12-09,56.0
1998-12-10,41.0
1998-12-11,35.0
1998-12-12,33.0
1998-12-13,31.0
1998-12-14,32.0
1998-12-15,33.0
1998-12-16,36.0
1998-12-17,49.0
1998-12-18,34.0
1998-12-19,51.0
1998-12-20,56.0
1998-12-21,59.0
1998-12-22,88.0
1998-12-23,57.0
1998-12-24,48.0
1998-12-25,38.0
1998-12-26,32.0
1998-12-27,33.0
1998-12-28,33.0
1998-12-29,32.0
1998-12-30,32.0
1998-12-31,30.0
1999-01-01,29.0
1999-01-02,28.0
1999-01-03,28.0
1999-01-04,29.0
1999-01-05,29.0
1999-01-06,29.0
1999-01-07,29.0
1999-01-08,28.0
1999-01-09,28.0
1999-01-10,28.0
1999-01-11,28.0
1999-01-12,28.0
1999-01-13,28.0
1999-01-14,28.0
1999-01-15,28.0
1999-01-16,30.0
1999-01-17,45.0
1999-01-18,200.0
1999-01-19,150.0
1999-01-20,85.0
1999-01-21,66.0
1999-01-22,380.0
1999-01-23,687.0
1999-01-24,712.0
1999-01-25,442.0
1999-01-26,199.0
1999-01-27,152.0
1999-01-28,167.0
1999-01-29,161.0
1999-01-30,133.0
1999-01-31,116.0
1999-02-01,110.0
1999-02-02,128.0
1999-02-03,162.0
1999-02-04,136.0
1999-02-05,118.0
1999-02-06,106.0
1999-02-07,106.0
1999-02-08,109.0
1999-02-09,110.0
1999-02-10,114.0
1999-02-11,107.0
1999-02-12,137.0
1999-02-13,119.0
1999-02-14,94.0
1999-02-15,81.0
1999-02-16,76.0
1999-02-17,80.0
1999-02-18,74.0
1999-02-19,63.0
1999-02-20,58.0
1999-02-21,50.0
1999-02-22,50.0
1999-02-23,49.0
1999-02-24,48.0
1999-02-25,57.0
1999-02-26,65.0
1999-02-27,62.0
1999-02-28,164.0
1999-03-01,172.0
1999-03-02,127.0
1999-03-03,142.0
1999-03-04,137.0
1999-03-05,111.0
1999-03-06,111.0
1999-03-07,99.0
1999-03-08,100.0
1999-03-09,97.0
1999-03-10,94.0
1999-03-11,97.0
1999-03-12,100.0
1999-03-13,97.0
1999-03-14,90.0
1999-03-15,92.0
1999-03-16,101.0
1999-03-17,130.0
1999-03-18,163.0
1999-03-19,142.0
1999-03-20,115.0
1999-03-21,100.0
1999-03-22,91.0
1999-03-23,82.0
1999-03-24,74.0
1999-03-25,69.0
1999-03-26,67.0
1999-03-27,58.0
1999-03-28,56.0
1999-03-29,53.0
1999-03-30,51.0
1999-03-31,48.0
1999-04-01,47.0
1999-04-02,48.0
1999-04-03,47.0
1999-04-04,95.0
1999-04-05,139.0
1999-04-06,95.0
1999-04-07,75.0
1999-04-08,58.0
1999-04-09,186.0
1999-04-10,163.0
1999-04-11,142.0
1999-04-12,142.0
1999-04-13,111.0
1999-04-14,92.0
1999-04-15,75.0
1999-04-16,162.0
1999-04-17,170.0
1999-04-18,164.0
1999-04-19,131.0
1999-04-20,112.0
1999-04-21,96.0
1999-04-22,260.0
1999-04-23,597.0
1999-04-24,855.0
1999-04-25,418.0
1999-04-26,201.0
1999-04-27,154.0
1999-04-28,129.0
1999-04-29,115.0
1999-04-30,104.0
1999-05-01,94.0
1999-05-02,83.0
1999-05-03,73.0
1999-05-04,69.0
1999-05-05,66.0
1999-05-06,66.0
1999-05-07,60.0
1999-05-08,53.0
1999-05-09,54.0
1999-05-10,49.0
1999-05-11,45.0
1999-05-12,42.0
1999-05-13,41.0
1999-05-14,41.0
1999-05-15,38.0
1999-05-16,37.0
1999-05-17,39.0
1999-05-18,390.0
1999-05-19,267.0
1999-05-20,117.0
1999-05-21,83.0
1999-05-22,102.0
1999-05-23,93.0
1999-05-24,164.0
1999-05-25,107.0
1999-05-26,73.0
1999-05-27,56.0
1999-05-28,48.0
1999-05-29,43.0
1999-05-30,39.0
1999-05-31,81.0
1999-06-01,88.0
1999-06-02,78.0
1999-06-03,102.0
1999-06-04,62.0
1999-06-05,44.0
1999-06-06,39.0
1999-06-07,36.0
1999-06-08,32.0
1999-06-09,30.0
1999-06-10,29.0
1999-06-11,32.0
1999-06-12,141.0
1999-06-13,382.0
1999-06-14,319.0
1999-06-15,163.0
1999-06-16,99.0
1999-06-17,66.0
1999-06-18,50.0
1999-06-19,42.0
1999-06-20,38.0
1999-06-21,35.0
1999-06-22,32.0
1999-06-23,30.0
1999-06-24,51.0
1999-06-25,142.0
1999-06-26,46.0
1999-06-27,295.0
1999-06-28,378.0
1999-06-29,612.0
1999-06-30,232.0
1999-07-01,203.0
1999-07-02,387.0
1999-07-03,289.0
1999-07-04,179.0
1999-07-05,119.0
1999-07-06,92.0
1999-07-07,70.0
1999-07-08,55.0
1999-07-09,92.0
1999-07-10,91.0
1999-07-11,51.0
1999-07-12,40.0
1999-07-13,34.0
1999-07-14,31.0
1999-07-15,29.0
1999-07-16,27.0
1999-07-17,26.0
1999-07-18,79.0
1999-07-19,103.0
1999-07-20,114.0
1999-07-21,55.0
1999-07-22,48.0
1999-07-23,174.0
1999-07-24,437.0
1999-07-25,139.0
1999-07-26,80.0
1999-07-27,53.0
1999-07-28,42.0
1999-07-29,35.0
1999-07-30,32.0
1999-07-31,31.0
1999-08-01,50.0
1999-08-02,33.0
1999-08-03,27.0
1999-08-04,42.0
1999-08-05,42.0
1999-08-06,29.0
1999-08-07,32.0
1999-08-08,86.0
1999-08-09,48.0
1999-08-10,35.0
1999-08-11,31.0
1999-08-12,27.0
1999-08-13,45.0
1999-08-14,152.0
1999-08-15,87.0
1999-08-16,43.0
1999-08-17,31.0
1999-08-18,27.0
1999-08-19,25.0
1999-08-20,24.0
1999-08-21,23.0
1999-08-22,22.0
1999-08-23,22.0
1999-08-24,26.0
1999-08-25,85.0
1999-08-26,93.0
1999-08-27,51.0
1999-08-28,38.0
1999-08-29,31.0
1999-08-30,25.0
1999-08-31,23.0
1999-09-01,23.0
1999-09-02,22.0
1999-09-03,22.0
1999-09-04,22.0
1999-09-05,21.0
1999-09-06,32.0
1999-09-07,125.0
1999-09-08,35.0
1999-09-09,27.0
1999-09-10,22.0
1999-09-11,20.0
1999-09-12,19.0
1999-09-13,21.0
1999-09-14,19.0
1999-09-15,19.0
1999-09-16,18.0
1999-09-17,18.0
1999-09-18,17.0
1999-09-19,17.0
1999-09-20,17.0
1999-09-21,29.0
1999-09-22,27.0
1999-09-23,19.0
1999-09-24,21.0
1999-09-25,18.0
1999-09-26,18.0
1999-09-27,16.0
1999-09-28,26.0
1999-09-29,234.0
1999-09-30,228.0
1999-10-01,93.0
1999-10-02,50.0
1999-10-03,51.0
1999-10-04,149.0
1999-10-05,79.0
1999-10-06,44.0
1999-10-07,33.0
1999-10-08,34.0
1999-10-09,64.0
1999-10-10,44.0
1999-10-11,34.0
1999-10-12,28.0
1999-10-13,79.0
1999-10-14,100.0
1999-10-15,47.0
1999-10-16,34.0
1999-10-17,30.0
1999-10-18,27.0
1999-10-19,26.0
1999-10-20,26.0
1999-10-21,26.0
1999-10-22,26.0
1999-10-23,26.0
1999-10-24,25.0
1999-10-25,25.0
1999-10-26,24.0
1999-10-27,23.0
1999-10-28,22.0
1999-10-29,22.0
1999-10-30,22.0
1999-10-31,22.0
1999-11-01,22.0
1999-11-02,55.0
1999-11-03,98.0
1999-11-04,50.0
1999-11-05,33.0
1999-11-06,26.0
1999-11-07,23.0
1999-11-08,22.0
1999-11-09,21.0
1999-11-10,20.0
1999-11-11,40.0
1999-11-12,28.0
1999-11-13,23.0
1999-11-14,26.0
1999-11-15,24.0
1999-11-16,23.0
1999-11-17,22.0
1999-11-18,21.0
1999-11-19,20.0
1999-11-20,59.0
1999-11-21,38.0
1999-11-22,29.0
1999-11-23,27.0
1999-11-24,36.0
1999-11-25,33.0
1999-11-26,32.0
1999-11-27,36.0
1999-11-28,28.0
1999-11-29,25.0
1999-11-30,23.0
1999-12-01,22.0
1999-12-02,21.0
1999-12-03,21.0
1999-12-04,22.0
1999-12-05,92.0
1999-12-06,331.0
1999-12-07,168.0
1999-12-08,90.0
1999-12-09,65.0
1999-12-10,55.0
1999-12-11,47.0
1999-12-12,40.0
1999-12-13,37.0
1999-12-14,96.0
1999-12-15,186.0
1999-12-16,162.0
1999-12-17,107.0
1999-12-18,64.0
1999-12-19,45.0
1999-12-20,64.0
1999-12-21,72.0
1999-12-22,52.0
1999-12-23,45.0
1999-12-24,38.0
1999-12-25,34.0
1999-12-26,32.0
1999-12-27,30.0
1999-12-28,30.0
1999-12-29,30.0
1999-12-30,29.0
1999-12-31,31.0
2000-01-01,33.0
2000-01-02,33.0
2000-01-03,52.0
2000-01-04,104.0
2000-01-05,76.0
2000-01-06,50.0
2000-01-07,41.0
2000-01-08,34.0
2000-01-09,43.0
2000-01-10,85.0
2000-01-11,89.0
2000-01-12,67.0
2000-01-13,51.0
2000-01-14,45.0
2000-01-15,39.0
2000-01-16,35.0
2000-01-17,34.0
2000-01-18,34.0
2000-01-19,33.0
2000-01-20,33.0
2000-01-21,33.0
2000-01-22,33.0
2000-01-23,32.0
2000-01-24,31.0
2000-01-25,30.0
2000-01-26,29.0
2000-01-27,28.0
2000-01-28,28.0
2000-01-29,28.0
2000-01-30,28.0
2000-01-31,28.0
2000-02-01,28.0
2000-02-02,29.0
2000-02-03,30.0
2000-02-04,31.0
2000-02-05,32.0
2000-02-06,31.0
2000-02-07,30.0
2000-02-08,30.0
2000-02-09,31.0
2000-02-10,34.0
2000-02-11,33.0
2000-02-12,32.0
2000-02-13,32.0
2000-02-14,31.0
2000-02-15,31.0
2000-02-16,31.0
2000-02-17,31.0
2000-02-18,31.0
2000-02-19,31.0
2000-02-20,31.0
2000-02-21,32.0
2000-02-22,45.0
2000-02-23,92.0
2000-02-24,170.0
2000-02-25,215.0
2000-02-26,139.0
2000-02-27,149.0
2000-02-28,144.0
2000-02-29,95.0
2000-03-01,76.0
2000-03-02,67.0
2000-03-03,57.0
2000-03-04,51.0
2000-03-05,48.0
2000-03-06,45.0
2000-03-07,44.0
2000-03-08,43.0
2000-03-09,42.0
2000-03-10,40.0
2000-03-11,38.0
2000-03-12,37.0
2000-03-13,37.0
2000-03-14,39.0
2000-03-15,47.0
2000-03-16,104.0
2000-03-17,75.0
2000-03-18,53.0
2000-03-19,48.0
2000-03-20,89.0
2000-03-21,115.0
2000-03-22,80.0
2000-03-23,57.0
2000-03-24,48.0
2000-03-25,46.0
2000-03-26,47.0
2000-03-27,57.0
2000-03-28,62.0
2000-03-29,52.0
2000-03-30,44.0
2000-03-31,40.0
2000-04-01,38.0
2000-04-02,37.0
2000-04-03,38.0
2000-04-04,42.0
2000-04-05,40.0
2000-04-06,36.0
2000-04-07,37.0
2000-04-08,82.0
2000-04-09,71.0
2000-04-10,54.0
2000-04-11,55.0
2000-04-12,61.0
2000-04-13,46.0
2000-04-14,41.0
2000-04-15,39.0
2000-04-16,37.0
2000-04-17,35.0
2000-04-18,34.0
2000-04-19,32.0
2000-04-20,310.0
2000-04-21,894.0
2000-04-22,564.0
2000-04-23,203.0
2000-04-24,134.0
2000-04-25,102.0
2000-04-26,86.0
2000-04-27,76.0
2000-04-28,67.0
2000-04-29,59.0
2000-04-30,53.0
2000-05-01,86.0
2000-05-02,137.0
2000-05-03,81.0
2000-05-04,62.0
2000-05-05,53.0
2000-05-06,47.0
2000-05-07,43.0
2000-05-08,40.0
2000-05-09,69.0
2000-05-10,596.0
2000-05-11,419.0
2000-05-12,162.0
2000-05-13,151.0
2000-05-14,86.0
2000-05-15,66.0
2000-05-16,62.0
2000-05-17,88.0
2000-05-18,131.0
2000-05-19,626.0
2000-05-20,561.0
2000-05-21,208.0
2000-05-22,131.0
2000-05-23,137.0
2000-05-24,108.0
2000-05-25,86.0
2000-05-26,74.0
2000-05-27,65.0
2000-05-28,121.0
2000-05-29,129.0
2000-05-30,78.0
2000-05-31,71.0
2000-06-01,84.0
2000-06-02,62.0
2000-06-03,50.0
2000-06-04,43.0
2000-06-05,57.0
2000-06-06,115.0
2000-06-07,63.0
2000-06-08,46.0
2000-06-09,40.0
2000-06-10,37.0
2000-06-11,54.0
2000-06-12,140.0
2000-06-13,95.0
2000-06-14,137.0
2000-06-15,120.0
2000-06-16,75.0
2000-06-17,55.0
2000-06-18,72.0
2000-06-19,66.0
2000-06-20,50.0
2000-06-21,227.0
2000-06-22,148.0
2000-06-23,82.0
2000-06-24,87.0
2000-06-25,774.0
2000-06-26,1240.0
2000-06-27,616.0
2000-06-28,232.0
2000-06-29,144.0
2000-06-30,122.0
2000-07-01,99.0
2000-07-02,85.0
2000-07-03,788.0
2000-07-04,718.0
2000-07-05,173.0
2000-07-06,103.0
2000-07-07,81.0
2000-07-08,67.0
2000-07-09,59.0
2000-07-10,75.0
2000-07-11,83.0
2000-07-12,57.0
2000-07-13,45.0
2000-07-14,39.0
2000-07-15,39.0
2000-07-16,36.0
2000-07-17,32.0
2000-07-18,29.0
2000-07-19,27.0
2000-07-20,25.0
2000-07-21,25.0
2000-07-22,24.0
2000-07-23,23.0
2000-07-24,22.0
2000-07-25,22.0
2000-07-26,22.0
2000-07-27,22.0
2000-07-28,38.0
2000-07-29,229.0
2000-07-30,476.0
2000-07-31,804.0
2000-08-01,380.0
2000-08-02,422.0
2000-08-03,484.0
2000-08-04,174.0
2000-08-05,109.0
2000-08-06,536.0
2000-08-07,385.0
2000-08-08,163.0
2000-08-09,107.0
2000-08-10,88.0
2000-08-11,75.0
2000-08-12,65.0
2000-08-13,55.0
2000-08-14,50.0
2000-08-15,64.0
2000-08-16,65.0
2000-08-17,93.0
2000-08-18,116.0
2000-08-19,71.0
2000-08-20,55.0
2000-08-21,48.0
2000-08-22,46.0
2000-08-23,376.0
2000-08-24,164.0
2000-08-25,81.0
2000-08-26,61.0
2000-08-27,254.0
2000-08-28,99.0
2000-08-29,69.0
2000-08-30,56.0
2000-08-31,48.0
2000-09-01,43.0
2000-09-02,40.0
2000-09-03,38.0
2000-09-04,37.0
2000-09-05,35.0
2000-09-06,32.0
2000-09-07,32.0
2000-09-08,33.0
2000-09-09,38.0
2000-09-10,411.0
2000-09-11,1260.0
2000-09-12,1150.0
2000-09-13,857.0
2000-09-14,426.0
2000-09-15,557.0
2000-09-16,277.0
2000-09-17,169.0
2000-09-18,125.0
2000-09-19,106.0
2000-09-20,99.0
2000-09-21,106.0
2000-09-22,80.0
2000-09-23,161.0
2000-09-24,145.0
2000-09-25,87.0
2000-09-26,70.0
2000-09-27,59.0
2000-09-28,47.0
2000-09-29,38.0
2000-09-30,33.0
2000-10-01,39.0
2000-10-02,30.0
2000-10-03,23.0
2000-10-04,300.0
2000-10-05,330.0
2000-10-06,240.0
2000-10-07,123.0
2000-10-08,85.0
2000-10-09,68.0
2000-10-10,57.0
2000-10-11,48.0
2000-10-12,42.0
2000-10-13,38.0
2000-10-14,35.0
2000-10-15,34.0
2000-10-16,76.0
2000-10-17,71.0
2000-10-18,53.0
2000-10-19,46.0
2000-10-20,39.0
2000-10-21,35.0
2000-10-22,32.0
2000-10-23,31.0
2000-10-24,242.0
2000-10-25,213.0
2000-10-26,119.0
2000-10-27,93.0
2000-10-28,100.0
2000-10-29,80.0
2000-10-30,70.0
2000-10-31,65.0
2000-11-01,63.0
2000-11-02,56.0
2000-11-03,52.0
2000-11-04,49.0
2000-11-05,48.0
2000-11-06,46.0
2000-11-07,70.0
2000-11-08,75.0
2000-11-09,77.0
2000-11-10,148.0
2000-11-11,125.0
2000-11-12,82.0
2000-11-13,73.0
2000-11-14,84.0
2000-11-15,85.0
2000-11-16,88.0
2000-11-17,69.0
2000-11-18,59.0
2000-11-19,64.0
2000-11-20,59.0
2000-11-21,56.0
2000-11-22,52.0
2000-11-23,46.0
2000-11-24,46.0
2000-11-25,45.0
2000-11-26,81.0
2000-11-27,104.0
2000-11-28,87.0
2000-11-29,78.0
2000-11-30,87.0
2000-12-01,68.0
2000-12-02,56.0
2000-12-03,48.0
2000-12-04,44.0
2000-12-05,43.0
2000-12-06,41.0
2000-12-07,42.0
2000-12-08,40.0
2000-12-09,39.0
2000-12-10,36.0
2000-12-11,37.0
2000-12-12,38.0
2000-12-13,40.0
2000-12-14,42.0
2000-12-15,48.0
2000-12-16,97.0
2000-12-17,246.0
2000-12-18,171.0
2000-12-19,123.0
2000-12-20,103.0
2000-12-21,92.0
2000-12-22,82.0
2000-12-23,70.0
2000-12-24,67.0
2000-12-25,63.0
2000-12-26,64.0
2000-12-27,67.0
2000-12-28,67.0
2000-12-29,63.0
2000-12-30,67.0
2000-12-31,66.0
2001-01-01,62.0
2001-01-02,62.0
2001-01-03,52.0
2001-01-04,52.0
2001-01-05,57.0
2001-01-06,65.0
2001-01-07,65.0
2001-01-08,64.0
2001-01-09,62.0
2001-01-10,60.0
2001-01-11,57.0
2001-01-12,58.0
2001-01-13,64.0
2001-01-14,74.0
2001-01-15,90.0
2001-01-16,134.0
2001-01-17,133.0
2001-01-18,109.0
2001-01-19,91.0
2001-01-20,74.0
2001-01-21,68.0
2001-01-22,60.0
2001-01-23,56.0
2001-01-24,51.0
2001-01-25,48.0
2001-01-26,59.0
2001-01-27,52.0
2001-01-28,56.0
2001-01-29,50.0
2001-01-30,180.0
2001-01-31,326.0
2001-02-01,255.0
2001-02-02,174.0
2001-02-03,111.0
2001-02-04,98.0
2001-02-05,89.0
2001-02-06,88.0
2001-02-07,84.0
2001-02-08,85.0
2001-02-09,555.0
2001-02-10,1540.0
2001-02-11,1120.0
2001-02-12,472.0
2001-02-13,262.0
2001-02-14,234.0
2001-02-15,283.0
2001-02-16,209.0
2001-02-17,167.0
2001-02-18,128.0
2001-02-19,120.0
2001-02-20,115.0
2001-02-21,107.0
2001-02-22,92.0
2001-02-23,92.0
2001-02-24,112.0
2001-02-25,797.0
2001-02-26,1020.0
2001-02-27,434.0
2001-02-28,226.0
2001-03-01,166.0
2001-03-02,138.0
2001-03-03,128.0
2001-03-04,120.0
2001-03-05,111.0
2001-03-06,103.0
2001-03-07,96.0
2001-03-08,92.0
2001-03-09,96.0
2001-03-10,93.0
2001-03-11,100.0
2001-03-12,110.0
2001-03-13,220.0
2001-03-14,220.0
2001-03-15,133.0
2001-03-16,116.0
2001-03-17,128.0
2001-03-18,119.0
2001-03-19,102.0
2001-03-20,96.0
2001-03-21,91.0
2001-03-22,86.0
2001-03-23,81.0
2001-03-24,77.0
2001-03-25,71.0
2001-03-26,67.0
2001-03-27,64.0
2001-03-28,61.0
2001-03-29,62.0
2001-03-30,63.0
2001-03-31,60.0
2001-04-01,67.0
2001-04-02,87.0
2001-04-03,76.0
2001-04-04,70.0
2001-04-05,62.0
2001-04-06,176.0
2001-04-07,356.0
2001-04-08,236.0
2001-04-09,167.0
2001-04-10,216.0
2001-04-11,134.0
2001-04-12,154.0
2001-04-13,134.0
2001-04-14,97.0
2001-04-15,147.0
2001-04-16,209.0
2001-04-17,115.0
2001-04-18,93.0
2001-04-19,82.0
2001-04-20,92.0
2001-04-21,175.0
2001-04-22,235.0
2001-04-23,186.0
2001-04-24,162.0
2001-04-25,118.0
2001-04-26,98.0
2001-04-27,89.0
2001-04-28,82.0
2001-04-29,76.0
2001-04-30,71.0
2001-05-01,66.0
2001-05-02,63.0
2001-05-03,60.0
2001-05-04,56.0
2001-05-05,54.0
2001-05-06,54.0
2001-05-07,48.0
2001-05-08,93.0
2001-05-09,78.0
2001-05-10,57.0
2001-05-11,56.0
2001-05-12,73.0
2001-05-13,61.0
2001-05-14,47.0
2001-05-15,67.0
2001-05-16,305.0
2001-05-17,215.0
2001-05-18,126.0
2001-05-19,149.0
2001-05-20,95.0
2001-05-21,148.0
2001-05-22,455.0
2001-05-23,231.0
2001-05-24,109.0
2001-05-25,130.0
2001-05-26,141.0
2001-05-27,218.0
2001-05-28,305.0
2001-05-29,326.0
2001-05-30,198.0
2001-05-31,122.0
2001-06-01,149.0
2001-06-02,260.0
2001-06-03,318.0
2001-06-04,159.0
2001-06-05,112.0
2001-06-06,92.0
2001-06-07,82.0
2001-06-08,73.0
2001-06-09,60.0
2001-06-10,51.0
2001-06-11,82.0
2001-06-12,62.0
2001-06-13,45.0
2001-06-14,38.0
2001-06-15,56.0
2001-06-16,137.0
2001-06-17,61.0
2001-06-18,55.0
2001-06-19,61.0
2001-06-20,99.0
2001-06-21,68.0
2001-06-22,149.0
2001-06-23,91.0
2001-06-24,72.0
2001-06-25,82.0
2001-06-26,60.0
2001-06-27,49.0
2001-06-28,41.0
2001-06-29,36.0
2001-06-30,32.0
2001-07-01,31.0
2001-07-02,30.0
2001-07-03,30.0
2001-07-04,30.0
2001-07-05,30.0
2001-07-06,28.0
2001-07-07,27.0
2001-07-08,46.0
2001-07-09,27.0
2001-07-10,27.0
2001-07-11,26.0
2001-07-12,22.0
2001-07-13,21.0
2001-07-14,21.0
2001-07-15,20.0
2001-07-16,20.0
2001-07-17,19.0
2001-07-18,20.0
2001-07-19,20.0
2001-07-20,20.0
2001-07-21,46.0
2001-07-22,26.0
2001-07-23,21.0
2001-07-24,32.0
2001-07-25,35.0
2001-07-26,43.0
2001-07-27,27.0
2001-07-28,23.0
2001-07-29,26.0
2001-07-30,153.0
2001-07-31,77.0
2001-08-01,39.0
2001-08-02,29.0
2001-08-03,28.0
2001-08-04,24.0
2001-08-05,22.0
2001-08-06,20.0
2001-08-07,19.0
2001-08-08,19.0
2001-08-09,19.0
2001-08-10,72.0
2001-08-11,29.0
2001-08-12,22.0
2001-08-13,20.0
2001-08-14,18.0
2001-08-15,17.0
2001-08-16,53.0
2001-08-17,76.0
2001-08-18,39.0
2001-08-19,182.0
2001-08-20,122.0
2001-08-21,47.0
2001-08-22,51.0
2001-08-23,80.0
2001-08-24,49.0
2001-08-25,32.0
2001-08-26,52.0
2001-08-27,72.0
2001-08-28,34.0
2001-08-29,26.0
2001-08-30,23.0
2001-08-31,23.0
2001-09-01,20.0
2001-09-02,17.0
2001-09-03,17.0
2001-09-04,16.0
2001-09-05,16.0
2001-09-06,17.0
2001-09-07,17.0
2001-09-08,70.0
2001-09-09,226.0
2001-09-10,428.0
2001-09-11,115.0
2001-09-12,55.0
2001-09-13,38.0
2001-09-14,39.0
2001-09-15,29.0
2001-09-16,26.0
2001-09-17,25.0
2001-09-18,24.0
2001-09-19,231.0
2001-09-20,389.0
2001-09-21,202.0
2001-09-22,217.0
2001-09-23,98.0
2001-09-24,128.0
2001-09-25,97.0
2001-09-26,94.0
2001-09-27,94.0
2001-09-28,67.0
2001-09-29,48.0
2001-09-30,40.0
2001-10-01,35.9
2001-10-02,33.8
2001-10-03,31.5
2001-10-04,31.2
2001-10-05,335.0
2001-10-06,619.0
2001-10-07,218.0
2001-10-08,94.5
2001-10-09,67.1
2001-10-10,50.8
2001-10-11,95.9
2001-10-12,516.0
2001-10-13,534.0
2001-10-14,370.0
2001-10-15,416.0
2001-10-16,602.0
2001-10-17,1240.0
2001-10-18,788.0
2001-10-19,275.0
2001-10-20,171.0
2001-10-21,130.0
2001-10-22,111.0
2001-10-23,129.0
2001-10-24,166.0
2001-10-25,449.0
2001-10-26,270.0
2001-10-27,158.0
2001-10-28,118.0
2001-10-29,98.9
2001-10-30,88.0
2001-10-31,91.0
2001-11-01,88.3
2001-11-02,138.0
2001-11-03,173.0
2001-11-04,109.0
2001-11-05,85.8
2001-11-06,75.2
2001-11-07,70.1
2001-11-08,67.7
2001-11-09,65.7
2001-11-10,59.9
2001-11-11,56.4
2001-11-12,51.3
2001-11-13,49.4
2001-11-14,50.6
2001-11-15,86.6
2001-11-16,98.7
2001-11-17,75.3
2001-11-18,62.9
2001-11-19,55.3
2001-11-20,57.5
2001-11-21,52.2
2001-11-22,47.1
2001-11-23,44.3
2001-11-24,42.7
2001-11-25,82.7
2001-11-26,92.2
2001-11-27,67.8
2001-11-28,61.9
2001-11-29,135.0
2001-11-30,552.0
2001-12-01,689.0
2001-12-02,263.0
2001-12-03,157.0
2001-12-04,128.0
2001-12-05,115.0
2001-12-06,105.0
2001-12-07,95.1
2001-12-08,84.2
2001-12-09,78.3
2001-12-10,73.6
2001-12-11,68.5
2001-12-12,64.6
2001-12-13,97.6
2001-12-14,134.0
2001-12-15,239.0
2001-12-16,139.0
2001-12-17,230.0
2001-12-18,290.0
2001-12-19,173.0
2001-12-20,145.0
2001-12-21,113.0
2001-12-22,93.5
2001-12-23,91.5
2001-12-24,85.6
2001-12-25,77.0
2001-12-26,73.4
2001-12-27,70.0
2001-12-28,63.0
2001-12-29,60.0
2001-12-30,58.0
2001-12-31,55.0
2002-01-01,51.0
2002-01-02,48.0
2002-01-03,47.0
2002-01-04,46.0
2002-01-05,45.0
2002-01-06,45.0
2002-01-07,48.0
2002-01-08,47.0
2002-01-09,44.5
2002-01-10,49.2
2002-01-11,54.2
2002-01-12,57.8
2002-01-13,61.2
2002-01-14,55.8
2002-01-15,67.3
2002-01-16,76.0
2002-01-17,74.7
2002-01-18,71.1
2002-01-19,54.0
2002-01-20,50.9
2002-01-21,53.5
2002-01-22,47.9
2002-01-23,50.5
2002-01-24,69.3
2002-01-25,74.6
2002-01-26,61.8
2002-01-27,55.3
2002-01-28,52.1
2002-01-29,54.7
2002-01-30,136.0
2002-01-31,166.0
2002-02-01,359.0
2002-02-02,299.0
2002-02-03,171.0
2002-02-04,135.0
2002-02-05,97.9
2002-02-06,95.9
2002-02-07,92.0
2002-02-08,97.6
2002-02-09,115.0
2002-02-10,147.0
2002-02-11,264.0
2002-02-12,186.0
2002-02-13,142.0
2002-02-14,113.0
2002-02-15,98.6
2002-02-16,105.0
2002-02-17,138.0
2002-02-18,111.0
2002-02-19,96.2
2002-02-20,213.0
2002-02-21,428.0
2002-02-22,367.0
2002-02-23,216.0
2002-02-24,150.0
2002-02-25,126.0
2002-02-26,207.0
2002-02-27,233.0
2002-02-28,155.0
2002-03-01,120.0
2002-03-02,119.0
2002-03-03,446.0
2002-03-04,413.0
2002-03-05,187.0
2002-03-06,138.0
2002-03-07,127.0
2002-03-08,121.0
2002-03-09,170.0
2002-03-10,438.0
2002-03-11,243.0
2002-03-12,165.0
2002-03-13,141.0
2002-03-14,124.0
2002-03-15,113.0
2002-03-16,112.0
2002-03-17,97.3
2002-03-18,90.2
2002-03-19,84.2
2002-03-20,82.0
2002-03-21,79.2
2002-03-22,74.4
2002-03-23,68.0
2002-03-24,64.9
2002-03-25,63.7
2002-03-26,60.7
2002-03-27,59.6
2002-03-28,58.4
2002-03-29,67.7
2002-03-30,157.0
2002-03-31,104.0
2002-04-01,93.2
2002-04-02,174.0
2002-04-03,328.0
2002-04-04,167.0
2002-04-05,115.0
2002-04-06,96.8
2002-04-07,86.6
2002-04-08,165.0
2002-04-09,674.0
2002-04-10,448.0
2002-04-11,198.0
2002-04-12,194.0
2002-04-13,697.0
2002-04-14,579.0
2002-04-15,227.0
2002-04-16,167.0
2002-04-17,138.0
2002-04-18,121.0
2002-04-19,111.0
2002-04-20,134.0
2002-04-21,113.0
2002-04-22,128.0
2002-04-23,104.0
2002-04-24,91.2
2002-04-25,85.7
2002-04-26,79.6
2002-04-27,76.5
2002-04-28,146.0
2002-04-29,129.0
2002-04-30,96.1
2002-05-01,84.0
2002-05-02,240.0
2002-05-03,202.0
2002-05-04,119.0
2002-05-05,93.7
2002-05-06,91.2
2002-05-07,106.0
2002-05-08,95.9
2002-05-09,128.0
2002-05-10,131.0
2002-05-11,90.7
2002-05-12,380.0
2002-05-13,440.0
2002-05-14,205.0
2002-05-15,140.0
2002-05-16,124.0
2002-05-17,192.0
2002-05-18,138.0
2002-05-19,108.0
2002-05-20,93.3
2002-05-21,85.6
2002-05-22,80.6
2002-05-23,76.5
2002-05-24,80.8
2002-05-25,82.2
2002-05-26,97.3
2002-05-27,74.1
2002-05-28,67.1
2002-05-29,62.9
2002-05-30,62.9
2002-05-31,83.5
2002-06-01,74.9
2002-06-02,56.1
2002-06-03,70.9
2002-06-04,109.0
2002-06-05,97.9
2002-06-06,77.7
2002-06-07,58.0
2002-06-08,47.8
2002-06-09,42.9
2002-06-10,39.3
2002-06-11,36.8
2002-06-12,36.1
2002-06-13,33.6
2002-06-14,33.8
2002-06-15,49.1
2002-06-16,52.1
2002-06-17,48.3
2002-06-18,53.8
2002-06-19,40.7
2002-06-20,35.4
2002-06-21,34.6
2002-06-22,32.5
2002-06-23,32.0
2002-06-24,30.4
2002-06-25,53.2
2002-06-26,90.1
2002-06-27,57.0
2002-06-28,37.5
2002-06-29,31.7
2002-06-30,29.5
2002-07-01,27.8
2002-07-02,26.3
2002-07-03,24.3
2002-07-04,23.6
2002-07-05,22.2
2002-07-06,21.3
2002-07-07,21.0
2002-07-08,20.9
2002-07-09,27.2
2002-07-10,30.1
2002-07-11,25.0
2002-07-12,21.9
2002-07-13,21.1
2002-07-14,20.1
2002-07-15,19.2
2002-07-16,20.6
2002-07-17,21.4
2002-07-18,46.2
2002-07-19,83.6
2002-07-20,33.3
2002-07-21,134.0
2002-07-22,290.0
2002-07-23,500.0
2002-07-24,146.0
2002-07-25,63.0
2002-07-26,54.7
2002-07-27,87.6
2002-07-28,212.0
2002-07-29,138.0
2002-07-30,123.0
2002-07-31,78.3
2002-08-01,49.2
2002-08-02,38.2
2002-08-03,31.4
2002-08-04,28.2
2002-08-05,37.6
2002-08-06,28.9
2002-08-07,25.4
2002-08-08,24.3
2002-08-09,23.6
2002-08-10,23.3
2002-08-11,22.2
2002-08-12,21.1
2002-08-13,21.2
2002-08-14,24.3
2002-08-15,46.1
2002-08-16,25.7
2002-08-17,42.8
2002-08-18,27.5
2002-08-19,30.2
2002-08-20,34.3
2002-08-21,26.9
2002-08-22,23.1
2002-08-23,28.6
2002-08-24,79.1
2002-08-25,41.4
2002-08-26,29.8
2002-08-27,24.9
2002-08-28,22.3
2002-08-29,20.8
2002-08-30,20.1
2002-08-31,20.0
2002-09-01,19.4
2002-09-02,20.0
2002-09-03,20.0
2002-09-04,19.2
2002-09-05,18.6
2002-09-06,17.9
2002-09-07,16.9
2002-09-08,15.8
2002-09-09,15.1
2002-09-10,14.8
2002-09-11,15.3
2002-09-12,13.9
2002-09-13,14.1
2002-09-14,13.2
2002-09-15,13.5
2002-09-16,19.6
2002-09-17,15.7
2002-09-18,18.0
2002-09-19,38.2
2002-09-20,237.0
2002-09-21,481.0
2002-09-22,106.0
2002-09-23,44.6
2002-09-24,30.0
2002-09-25,24.6
2002-09-26,22.6
2002-09-27,73.4
2002-09-28,81.8
2002-09-29,38.3
2002-09-30,26.5
2002-10-01,23.7
2002-10-02,28.7
2002-10-03,74.3
2002-10-04,45.8
2002-10-05,120.0
2002-10-06,64.7
2002-10-07,39.3
2002-10-08,32.3
2002-10-09,29.0
2002-10-10,28.3
2002-10-11,26.7
2002-10-12,25.5
2002-10-13,30.1
2002-10-14,30.9
2002-10-15,27.3
2002-10-16,27.1
2002-10-17,26.3
2002-10-18,26.3
2002-10-19,69.5
2002-10-20,35.7
2002-10-21,23.4
2002-10-22,20.9
2002-10-23,20.8
2002-10-24,20.3
2002-10-25,24.0
2002-10-26,75.0
2002-10-27,47.6
2002-10-28,30.8
2002-10-29,20.2
2002-10-30,20.3
2002-10-31,23.9
2002-11-01,25.2
2002-11-02,26.6
2002-11-03,26.0
2002-11-04,26.4
2002-11-05,29.3
2002-11-06,49.3
2002-11-07,43.8
2002-11-08,35.8
2002-11-09,32.7
2002-11-10,146.0
2002-11-11,370.0
2002-11-12,117.0
2002-11-13,59.6
2002-11-14,39.4
2002-11-15,70.2
2002-11-16,68.0
2002-11-17,43.5
2002-11-18,31.1
2002-11-19,40.8
2002-11-20,41.6
2002-11-21,38.0
2002-11-22,170.0
2002-11-23,106.0
2002-11-24,62.7
2002-11-25,43.2
2002-11-26,34.9
2002-11-27,30.8
2002-11-28,28.0
2002-11-29,26.4
2002-11-30,26.1
2002-12-01,26.2
2002-12-02,26.3
2002-12-03,34.6
2002-12-04,34.5
2002-12-05,30.3
2002-12-06,29.6
2002-12-07,29.1
2002-12-08,27.1
2002-12-09,24.9
2002-12-10,24.5
2002-12-11,24.8
2002-12-12,25.1
2002-12-13,26.9
2002-12-14,27.2
2002-12-15,26.9
2002-12-16,26.1
2002-12-17,25.6
2002-12-18,35.6
2002-12-19,120.0
2002-12-20,190.0
2002-12-21,128.0
2002-12-22,75.3
2002-12-23,50.1
2002-12-24,38.4
2002-12-25,36.1
2002-12-26,34.0
2002-12-27,32.0
2002-12-28,31.0
2002-12-29,32.5
2002-12-30,35.7
2002-12-31,80.5
2003-01-01,71.0
2003-01-02,49.4
2003-01-03,39.2
2003-01-04,38.0
2003-01-05,32.8
2003-01-06,34.7
2003-01-07,31.8
2003-01-08,34.4
2003-01-09,43.1
2003-01-10,40.0
2003-01-11,37.2
2003-01-12,35.0
2003-01-13,32.5
2003-01-14,28.0
2003-01-15,28.2
2003-01-16,24.0
2003-01-17,30.0
2003-01-18,29.0
2003-01-19,28.0
2003-01-20,26.0
2003-01-21,24.0
2003-01-22,22.0
2003-01-23,23.0
2003-01-24,24.0
2003-01-25,25.0
2003-01-26,26.0
2003-01-27,25.0
2003-01-28,25.0
2003-01-29,26.0
2003-01-30,28.0
2003-01-31,28.0
2003-02-01,29.0
2003-02-02,31.0
2003-02-03,34.0
2003-02-04,90.0
2003-02-05,84.0
2003-02-06,47.0
2003-02-07,36.0
2003-02-08,33.0
2003-02-09,29.0
2003-02-10,28.0
2003-02-11,27.0
2003-02-12,26.0
2003-02-13,25.0
2003-02-14,24.0
2003-02-15,24.0
2003-02-16,25.0
2003-02-17,25.0
2003-02-18,27.0
2003-02-19,28.0
2003-02-20,30.0
2003-02-21,30.0
2003-02-22,29.0
2003-02-23,28.0
2003-02-24,26.0
2003-02-25,23.0
2003-02-26,26.0
2003-02-27,26.0
2003-02-28,27.0
2003-03-01,27.0
2003-03-02,27.0
2003-03-03,28.0
2003-03-04,28.0
2003-03-05,29.0
2003-03-06,28.0
2003-03-07,29.0
2003-03-08,40.0
2003-03-09,73.0
2003-03-10,62.0
2003-03-11,43.0
2003-03-12,42.0
2003-03-13,54.0
2003-03-14,58.0
2003-03-15,131.0
2003-03-16,269.0
2003-03-17,387.0
2003-03-18,272.0
2003-03-19,149.0
2003-03-20,109.0
2003-03-21,220.0
2003-03-22,151.0
2003-03-23,107.0
2003-03-24,84.2
2003-03-25,84.5
2003-03-26,85.0
2003-03-27,67.8
2003-03-28,63.4
2003-03-29,236.0
2003-03-30,155.0
2003-03-31,99.3
2003-04-01,78.3
2003-04-02,67.3
2003-04-03,54.9
2003-04-04,187.0
2003-04-05,708.0
2003-04-06,501.0
2003-04-07,192.0
2003-04-08,158.0
2003-04-09,140.0
2003-04-10,161.0
2003-04-11,128.0
2003-04-12,103.0
2003-04-13,84.8
2003-04-14,74.5
2003-04-15,66.6
2003-04-16,61.2
2003-04-17,57.1
2003-04-18,51.9
2003-04-19,45.8
2003-04-20,94.8
2003-04-21,231.0
2003-04-22,96.5
2003-04-23,71.3
2003-04-24,57.2
2003-04-25,50.5
2003-04-26,46.5
2003-04-27,41.8
2003-04-28,39.3
2003-04-29,36.6
2003-04-30,56.9
2003-05-01,379.0
2003-05-02,453.0
2003-05-03,216.0
2003-05-04,122.0
2003-05-05,224.0
2003-05-06,316.0
2003-05-07,154.0
2003-05-08,118.0
2003-05-09,173.0
2003-05-10,185.0
2003-05-11,129.0
2003-05-12,132.0
2003-05-13,104.0
2003-05-14,84.9
2003-05-15,82.6
2003-05-16,86.6
2003-05-17,74.0
2003-05-18,64.8
2003-05-19,57.8
2003-05-20,110.0
2003-05-21,82.8
2003-05-22,54.4
2003-05-23,43.7
2003-05-24,40.1
2003-05-25,42.2
2003-05-26,38.2
2003-05-27,37.3
2003-05-28,39.2
2003-05-29,38.7
2003-05-30,42.4
2003-05-31,376.0
2003-06-01,282.0
2003-06-02,112.0
2003-06-03,76.3
2003-06-04,76.3
2003-06-05,88.5
2003-06-06,68.3
2003-06-07,55.1
2003-06-08,59.3
2003-06-09,96.1
2003-06-10,81.2
2003-06-11,68.6
2003-06-12,138.0
2003-06-13,174.0
2003-06-14,94.6
2003-06-15,68.6
2003-06-16,51.1
2003-06-17,44.4
2003-06-18,57.9
2003-06-19,364.0
2003-06-20,285.0
2003-06-21,113.0
2003-06-22,77.1
2003-06-23,57.1
2003-06-24,44.6
2003-06-25,37.0
2003-06-26,37.4
2003-06-27,52.3
2003-06-28,33.8
2003-06-29,57.7
2003-06-30,113.0
2003-07-01,50.8
2003-07-02,35.5
2003-07-03,32.0
2003-07-04,42.6
2003-07-05,82.4
2003-07-06,69.9
2003-07-07,96.3
2003-07-08,76.6
2003-07-09,114.0
2003-07-10,54.4
2003-07-11,42.7
2003-07-12,38.0
2003-07-13,33.4
2003-07-14,49.8
2003-07-15,26.2
2003-07-16,23.4
2003-07-17,21.5
2003-07-18,20.9
2003-07-19,20.3
2003-07-20,19.7
2003-07-21,62.0
2003-07-22,52.4
2003-07-23,30.7
2003-07-24,23.9
2003-07-25,20.5
2003-07-26,18.9
2003-07-27,18.6
2003-07-28,17.5
2003-07-29,17.0
2003-07-30,16.6
2003-07-31,16.4
2003-08-01,19.5
2003-08-02,75.2
2003-08-03,52.7
2003-08-04,82.0
2003-08-05,59.0
2003-08-06,112.0
2003-08-07,78.0
2003-08-08,65.4
2003-08-09,33.6
2003-08-10,25.6
2003-08-11,22.1
2003-08-12,33.8
2003-08-13,120.0
2003-08-14,50.0
2003-08-15,210.0
2003-08-16,216.0
2003-08-17,89.3
2003-08-18,39.6
2003-08-19,28.6
2003-08-20,25.1
2003-08-21,26.9
2003-08-22,37.6
2003-08-23,31.5
2003-08-24,25.9
2003-08-25,22.3
2003-08-26,63.9
2003-08-27,66.3
2003-08-28,40.4
2003-08-29,32.6
2003-08-30,33.6
2003-08-31,25.1
2003-09-01,89.1
2003-09-02,87.5
2003-09-03,54.5
2003-09-04,35.7
2003-09-05,27.7
2003-09-06,24.6
2003-09-07,22.1
2003-09-08,21.0
2003-09-09,20.4
2003-09-10,20.8
2003-09-11,23.8
2003-09-12,23.9
2003-09-13,23.7
2003-09-14,27.4
2003-09-15,76.7
2003-09-16,55.6
2003-09-17,30.8
2003-09-18,21.5
2003-09-19,56.8
2003-09-20,40.7
2003-09-21,23.6
2003-09-22,264.0
2003-09-23,472.0
2003-09-24,133.0
2003-09-25,321.0
2003-09-26,135.0
2003-09-27,193.0
2003-09-28,107.0
2003-09-29,67.1
2003-09-30,46.8
2003-10-01,40.8
2003-10-02,38.9
2003-10-03,38.2
2003-10-04,68.5
2003-10-05,52.4
2003-10-06,41.4
2003-10-07,36.2
2003-10-08,34.2
2003-10-09,31.9
2003-10-10,32.2
2003-10-11,30.9
2003-10-12,31.8
2003-10-13,32.6
2003-10-14,143.0
2003-10-15,556.0
2003-10-16,202.0
2003-10-17,85.4
2003-10-18,51.8
2003-10-19,38.8
2003-10-20,33.1
2003-10-21,31.5
2003-10-22,32.4
2003-10-23,29.6
2003-10-24,27.7
2003-10-25,37.7
2003-10-26,91.6
2003-10-27,67.3
2003-10-28,46.3
2003-10-29,66.1
2003-10-30,47.1
2003-10-31,37.6
2003-11-01,32.4
2003-11-02,71.4
2003-11-03,203.0
2003-11-04,219.0
2003-11-05,105.0
2003-11-06,68.4
2003-11-07,48.0
2003-11-08,38.1
2003-11-09,32.9
2003-11-10,31.1
2003-11-11,92.0
2003-11-12,92.5
2003-11-13,62.6
2003-11-14,41.9
2003-11-15,36.2
2003-11-16,47.7
2003-11-17,48.2
2003-11-18,120.0
2003-11-19,457.0
2003-11-20,249.0
2003-11-21,116.0
2003-11-22,80.3
2003-11-23,63.1
2003-11-24,124.0
2003-11-25,141.0
2003-11-26,87.8
2003-11-27,65.6
2003-11-28,94.9
2003-11-29,203.0
2003-11-30,130.0
2003-12-01,88.3
2003-12-02,66.7
2003-12-03,53.2
2003-12-04,46.6
2003-12-05,42.1
2003-12-06,39.8
2003-12-07,37.5
2003-12-08,35.3
2003-12-09,34.4
2003-12-10,91.3
2003-12-11,376.0
2003-12-12,166.0
2003-12-13,88.0
2003-12-14,67.7
2003-12-15,61.2
2003-12-16,65.3
2003-12-17,82.9
2003-12-18,68.8
2003-12-19,56.5
2003-12-20,48.2
2003-12-21,40.9
2003-12-22,40.2
2003-12-23,125.0
2003-12-24,184.0
2003-12-25,117.0
2003-12-26,94.9
2003-12-27,79.2
2003-12-28,68.3
2003-12-29,115.0
2003-12-30,356.0
2003-12-31,196.0
2004-01-01,120.0
2004-01-02,147.0
2004-01-03,121.0
2004-01-04,101.0
2004-01-05,99.9
2004-01-06,93.5
2004-01-07,74.2
2004-01-08,65.0
2004-01-09,56.0
2004-01-10,50.0
2004-01-11,45.7
2004-01-12,46.2
2004-01-13,46.5
2004-01-14,46.0
2004-01-15,44.0
2004-01-16,42.0
2004-01-17,41.0
2004-01-18,40.0
2004-01-19,39.0
2004-01-20,38.0
2004-01-21,37.0
2004-01-22,37.0
2004-01-23,36.0
2004-01-24,36.0
2004-01-25,36.0
2004-01-26,35.0
2004-01-27,36.0
2004-01-28,36.0
2004-01-29,35.0
2004-01-30,34.0
2004-01-31,34.0
2004-02-01,34.0
2004-02-02,34.0
2004-02-03,35.0
2004-02-04,36.0
2004-02-05,36.0
2004-02-06,36.0
2004-02-07,36.0
2004-02-08,35.0
2004-02-09,35.0
2004-02-10,34.0
2004-02-11,34.0
2004-02-12,33.0
2004-02-13,32.0
2004-02-14,32.0
2004-02-15,31.0
2004-02-16,31.0
2004-02-17,31.0
2004-02-18,31.0
2004-02-19,35.0
2004-02-20,74.5
2004-02-21,298.0
2004-02-22,189.0
2004-02-23,126.0
2004-02-24,115.0
2004-02-25,103.0
2004-02-26,92.9
2004-02-27,95.6
2004-02-28,98.4
2004-02-29,101.0
2004-03-01,114.0
2004-03-02,156.0
2004-03-03,155.0
2004-03-04,129.0
2004-03-05,360.0
2004-03-06,437.0
2004-03-07,224.0
2004-03-08,189.0
2004-03-09,147.0
2004-03-10,117.0
2004-03-11,104.0
2004-03-12,98.3
2004-03-13,86.7
2004-03-14,80.2
2004-03-15,79.0
2004-03-16,77.6
2004-03-17,84.2
2004-03-18,81.0
2004-03-19,91.3
2004-03-20,286.0
2004-03-21,369.0
2004-03-22,174.0
2004-03-23,122.0
2004-03-24,117.0
2004-03-25,221.0
2004-03-26,284.0
2004-03-27,237.0
2004-03-28,155.0
2004-03-29,127.0
2004-03-30,116.0
2004-03-31,130.0
2004-04-01,112.0
2004-04-02,95.1
2004-04-03,86.1
2004-04-04,81.1
2004-04-05,75.6
2004-04-06,70.0
2004-04-07,67.0
2004-04-08,64.2
2004-04-09,61.7
2004-04-10,56.9
2004-04-11,52.5
2004-04-12,50.3
2004-04-13,58.1
2004-04-14,54.2
2004-04-15,49.2
2004-04-16,45.9
2004-04-17,45.3
2004-04-18,43.4
2004-04-19,40.2
2004-04-20,37.7
2004-04-21,96.7
2004-04-22,75.7
2004-04-23,44.1
2004-04-24,36.7
2004-04-25,46.7
2004-04-26,51.2
2004-04-27,40.1
2004-04-28,34.0
2004-04-29,31.8
2004-04-30,29.5
2004-05-01,66.1
2004-05-02,254.0
2004-05-03,155.0
2004-05-04,87.1
2004-05-05,69.7
2004-05-06,59.2
2004-05-07,88.0
2004-05-08,85.1
2004-05-09,99.3
2004-05-10,529.0
2004-05-11,505.0
2004-05-12,235.0
2004-05-13,148.0
2004-05-14,362.0
2004-05-15,264.0
2004-05-16,165.0
2004-05-17,124.0
2004-05-18,122.0
2004-05-19,104.0
2004-05-20,88.7
2004-05-21,533.0
2004-05-22,1190.0
2004-05-23,985.0
2004-05-24,900.0
2004-05-25,426.0
2004-05-26,207.0
2004-05-27,160.0
2004-05-28,145.0
2004-05-29,119.0
2004-05-30,107.0
2004-05-31,144.0
2004-06-01,124.0
2004-06-02,119.0
2004-06-03,145.0
2004-06-04,97.4
2004-06-05,81.0
2004-06-06,71.2
2004-06-07,64.1
2004-06-08,56.7
2004-06-09,122.0
2004-06-10,290.0
2004-06-11,383.0
2004-06-12,280.0
2004-06-13,151.0
2004-06-14,145.0
2004-06-15,153.0
2004-06-16,112.0
2004-06-17,130.0
2004-06-18,129.0
2004-06-19,90.5
2004-06-20,71.6
2004-06-21,57.5
2004-06-22,56.1
2004-06-23,49.0
2004-06-24,42.8
2004-06-25,39.8
2004-06-26,34.5
2004-06-27,30.9
2004-06-28,28.3
2004-06-29,27.5
2004-06-30,25.7
2004-07-01,23.9
2004-07-02,21.8
2004-07-03,20.8
2004-07-04,39.9
2004-07-05,82.3
2004-07-06,49.2
2004-07-07,88.3
2004-07-08,92.6
2004-07-09,61.1
2004-07-10,36.4
2004-07-11,26.5
2004-07-12,159.0
2004-07-13,174.0
2004-07-14,247.0
2004-07-15,114.0
2004-07-16,87.2
2004-07-17,167.0
2004-07-18,147.0
2004-07-19,122.0
2004-07-20,79.1
2004-07-21,64.6
2004-07-22,86.7
2004-07-23,81.5
2004-07-24,62.9
2004-07-25,49.0
2004-07-26,43.7
2004-07-27,134.0
2004-07-28,243.0
2004-07-29,199.0
2004-07-30,132.0
2004-07-31,196.0
2004-08-01,167.0
2004-08-02,107.0
2004-08-03,334.0
2004-08-04,463.0
2004-08-05,476.0
2004-08-06,206.0
2004-08-07,133.0
2004-08-08,106.0
2004-08-09,87.8
2004-08-10,77.4
2004-08-11,69.7
2004-08-12,64.5
2004-08-13,60.6
2004-08-14,58.6
2004-08-15,79.9
2004-08-16,67.8
2004-08-17,49.0
2004-08-18,46.4
2004-08-19,45.7
2004-08-20,45.3
2004-08-21,59.9
2004-08-22,44.3
2004-08-23,39.5
2004-08-24,37.2
2004-08-25,37.3
2004-08-26,43.0
2004-08-27,45.5
2004-08-28,360.0
2004-08-29,364.0
2004-08-30,201.0
2004-08-31,104.0
2004-09-01,77.1
2004-09-02,57.2
2004-09-03,44.4
2004-09-04,58.4
2004-09-05,47.7
2004-09-06,34.2
2004-09-07,215.0
2004-09-08,125.0
2004-09-09,72.1
2004-09-10,48.8
2004-09-11,38.5
2004-09-12,33.8
2004-09-13,31.0
2004-09-14,28.6
2004-09-15,26.6
2004-09-16,27.0
2004-09-17,25.0
2004-09-18,22.7
2004-09-19,22.1
2004-09-20,21.8
2004-09-21,23.9
2004-09-22,20.3
2004-09-23,19.6
2004-09-24,19.5
2004-09-25,21.7
2004-09-26,26.3
2004-09-27,22.2
2004-09-28,20.0
2004-09-29,20.2
2004-09-30,18.8
2004-10-01,19.1
2004-10-02,31.8
2004-10-03,42.4
2004-10-04,30.4
2004-10-05,26.2
2004-10-06,21.3
2004-10-07,20.0
2004-10-08,18.3
2004-10-09,30.9
2004-10-10,36.1
2004-10-11,28.4
2004-10-12,23.7
2004-10-13,22.5
2004-10-14,28.2
2004-10-15,46.3
2004-10-16,80.2
2004-10-17,58.8
2004-10-18,50.7
2004-10-19,40.1
2004-10-20,32.0
2004-10-21,27.1
2004-10-22,24.4
2004-10-23,27.6
2004-10-24,72.9
2004-10-25,50.7
2004-10-26,37.1
2004-10-27,30.4
2004-10-28,26.6
2004-10-29,94.0
2004-10-30,132.0
2004-10-31,99.7
2004-11-01,65.7
2004-11-02,94.1
2004-11-03,88.7
2004-11-04,115.0
2004-11-05,126.0
2004-11-06,86.6
2004-11-07,63.8
2004-11-08,45.9
2004-11-09,37.7
2004-11-10,33.9
2004-11-11,32.8
2004-11-12,29.9
2004-11-13,27.7
2004-11-14,25.9
2004-11-15,25.6
2004-11-16,26.2
2004-11-17,35.6
2004-11-18,52.9
2004-11-19,46.1
2004-11-20,84.4
2004-11-21,65.1
2004-11-22,45.2
2004-11-23,36.4
2004-11-24,77.2
2004-11-25,191.0
2004-11-26,108.0
2004-11-27,88.9
2004-11-28,138.0
2004-11-29,119.0
2004-11-30,88.6
2004-12-01,245.0
2004-12-02,233.0
2004-12-03,128.0
2004-12-04,91.6
2004-12-05,76.4
2004-12-06,72.2
2004-12-07,254.0
2004-12-08,671.0
2004-12-09,319.0
2004-12-10,170.0
2004-12-11,249.0
2004-12-12,186.0
2004-12-13,187.0
2004-12-14,145.0
2004-12-15,113.0
2004-12-16,96.9
2004-12-17,90.6
2004-12-18,86.0
2004-12-19,78.7
2004-12-20,73.5
2004-12-21,66.4
2004-12-22,59.3
2004-12-23,58.0
2004-12-24,58.0
2004-12-25,58.0
2004-12-26,58.0
2004-12-27,54.8
2004-12-28,45.8
2004-12-29,53.0
2004-12-30,67.2
2004-12-31,163.0
2005-01-01,237.0
2005-01-02,193.0
2005-01-03,246.0
2005-01-04,237.0
2005-01-05,174.0
2005-01-06,140.0
2005-01-07,117.0
2005-01-08,106.0
2005-01-09,101.0
2005-01-10,101.0
2005-01-11,114.0
2005-01-12,223.0
2005-01-13,643.0
2005-01-14,955.0
2005-01-15,600.0
2005-01-16,229.0
2005-01-17,189.0
2005-01-18,140.0
2005-01-19,117.0
2005-01-20,108.0
2005-01-21,103.0
2005-01-22,98.2
2005-01-23,101.0
2005-01-24,101.0
2005-01-25,93.6
2005-01-26,87.1
2005-01-27,80.1
2005-01-28,75.5
2005-01-29,72.0
2005-01-30,67.0
2005-01-31,63.9
2005-02-01,57.3
2005-02-02,52.1
2005-02-03,50.3
2005-02-04,51.5
2005-02-05,52.7
2005-02-06,61.6
2005-02-07,102.0
2005-02-08,318.0
2005-02-09,256.0
2005-02-10,149.0
2005-02-11,105.0
2005-02-12,100.0
2005-02-13,104.0
2005-02-14,321.0
2005-02-15,567.0
2005-02-16,809.0
2005-02-17,735.0
2005-02-18,271.0
2005-02-19,161.0
2005-02-20,138.0
2005-02-21,135.0
2005-02-22,136.0
2005-02-23,130.0
2005-02-24,114.0
2005-02-25,103.0
2005-02-26,101.0
2005-02-27,93.0
2005-02-28,92.4
2005-03-01,107.0
2005-03-02,106.0
2005-03-03,87.9
2005-03-04,87.5
2005-03-05,94.1
2005-03-06,111.0
2005-03-07,258.0
2005-03-08,403.0
2005-03-09,216.0
2005-03-10,144.0
2005-03-11,126.0
2005-03-12,123.0
2005-03-13,110.0
2005-03-14,96.0
2005-03-15,91.3
2005-03-16,87.2
2005-03-17,92.1
2005-03-18,105.0
2005-03-19,104.0
2005-03-20,130.0
2005-03-21,133.0
2005-03-22,125.0
2005-03-23,138.0
2005-03-24,133.0
2005-03-25,121.0
2005-03-26,120.0
2005-03-27,115.0
2005-03-28,109.0
2005-03-29,108.0
2005-03-30,106.0
2005-03-31,102.0
2005-04-01,96.6
2005-04-02,108.0
2005-04-03,114.0
2005-04-04,90.3
2005-04-05,81.1
2005-04-06,78.6
2005-04-07,76.8
2005-04-08,73.3
2005-04-09,70.2
2005-04-10,67.2
2005-04-11,63.7
2005-04-12,60.1
2005-04-13,54.4
2005-04-14,51.4
2005-04-15,48.9
2005-04-16,46.9
2005-04-17,46.6
2005-04-18,46.7
2005-04-19,45.9
2005-04-20,47.6
2005-04-21,47.0
2005-04-22,46.3
2005-04-23,69.1
2005-04-24,104.0
2005-04-25,165.0
2005-04-26,152.0
2005-04-27,212.0
2005-04-28,146.0
2005-04-29,101.0
2005-04-30,84.3
2005-05-01,74.8
2005-05-02,66.3
2005-05-03,61.7
2005-05-04,58.4
2005-05-05,54.6
2005-05-06,49.6
2005-05-07,50.5
2005-05-08,50.5
2005-05-09,44.5
2005-05-10,41.1
2005-05-11,45.1
2005-05-12,45.4
2005-05-13,51.1
2005-05-14,151.0
2005-05-15,107.0
2005-05-16,77.6
2005-05-17,61.5
2005-05-18,51.0
2005-05-19,47.8
2005-05-20,77.0
2005-05-21,63.5
2005-05-22,58.0
2005-05-23,75.6
2005-05-24,79.5
2005-05-25,60.0
2005-05-26,50.2
2005-05-27,43.8
2005-05-28,56.1
2005-05-29,44.1
2005-05-30,38.7
2005-05-31,35.2
2005-06-01,32.1
2005-06-02,32.3
2005-06-03,32.1
2005-06-04,31.1
2005-06-05,32.4
2005-06-06,70.8
2005-06-07,61.1
2005-06-08,43.3
2005-06-09,159.0
2005-06-10,81.2
2005-06-11,141.0
2005-06-12,119.0
2005-06-13,122.0
2005-06-14,117.0
2005-06-15,92.8
2005-06-16,87.0
2005-06-17,79.8
2005-06-18,65.4
2005-06-19,57.5
2005-06-20,48.1
2005-06-21,64.2
2005-06-22,102.0
2005-06-23,60.8
2005-06-24,46.7
2005-06-25,40.3
2005-06-26,36.9
2005-06-27,47.9
2005-06-28,36.3
2005-06-29,114.0
2005-06-30,191.0
2005-07-01,221.0
2005-07-02,89.3
2005-07-03,66.1
2005-07-04,56.0
2005-07-05,126.0
2005-07-06,93.8
2005-07-07,78.1
2005-07-08,92.4
2005-07-09,96.9
2005-07-10,55.5
2005-07-11,39.0
2005-07-12,32.0
2005-07-13,37.9
2005-07-14,69.4
2005-07-15,37.4
2005-07-16,70.9
2005-07-17,231.0
2005-07-18,134.0
2005-07-19,98.2
2005-07-20,61.6
2005-07-21,114.0
2005-07-22,80.8
2005-07-23,55.4
2005-07-24,117.0
2005-07-25,134.0
2005-07-26,99.5
2005-07-27,241.0
2005-07-28,115.0
2005-07-29,77.1
2005-07-30,56.1
2005-07-31,43.8
2005-08-01,39.0
2005-08-02,35.2
2005-08-03,33.9
2005-08-04,32.3
2005-08-05,31.2
2005-08-06,29.8
2005-08-07,28.9
2005-08-08,27.7
2005-08-09,27.3
2005-08-10,26.5
2005-08-11,21.8
2005-08-12,18.6
2005-08-13,27.0
2005-08-14,55.2
2005-08-15,37.0
2005-08-16,26.5
2005-08-17,22.1
2005-08-18,23.2
2005-08-19,20.6
2005-08-20,28.1
2005-08-21,39.6
2005-08-22,25.5
2005-08-23,21.0
2005-08-24,21.1
2005-08-25,19.3
2005-08-26,18.8
2005-08-27,92.7
2005-08-28,107.0
2005-08-29,53.1
2005-08-30,33.8
2005-08-31,39.1
2005-09-01,31.4
2005-09-02,23.4
2005-09-03,19.4
2005-09-04,18.1
2005-09-05,17.1
2005-09-06,16.2
2005-09-07,16.0
2005-09-08,16.8
2005-09-09,18.4
2005-09-10,17.5
2005-09-11,16.1
2005-09-12,15.6
2005-09-13,15.0
2005-09-14,16.9
2005-09-15,15.7
2005-09-16,113.0
2005-09-17,110.0
2005-09-18,59.1
2005-09-19,34.4
2005-09-20,27.8
2005-09-21,23.7
2005-09-22,70.3
2005-09-23,365.0
2005-09-24,125.0
2005-09-25,81.8
2005-09-26,162.0
2005-09-27,118.0
2005-09-28,68.6
2005-09-29,128.0
2005-09-30,95.0
2005-10-01,60.9
2005-10-02,41.2
2005-10-03,61.7
2005-10-04,52.1
2005-10-05,32.4
2005-10-06,27.9
2005-10-07,26.2
2005-10-08,24.1
2005-10-09,23.8
2005-10-10,23.6
2005-10-11,23.6
2005-10-12,23.7
2005-10-13,22.6
2005-10-14,20.9
2005-10-15,19.5
2005-10-16,18.4
2005-10-17,17.8
2005-10-18,18.8
2005-10-19,20.8
2005-10-20,19.9
2005-10-21,18.4
2005-10-22,17.8
2005-10-23,17.4
2005-10-24,19.8
2005-10-25,20.8
2005-10-26,23.2
2005-10-27,20.0
2005-10-28,15.1
2005-10-29,14.2
2005-10-30,14.2
2005-10-31,16.7
2005-11-01,35.1
2005-11-02,37.1
2005-11-03,22.1
2005-11-04,20.1
2005-11-05,17.6
2005-11-06,16.9
2005-11-07,19.7
2005-11-08,21.6
2005-11-09,49.8
2005-11-10,65.6
2005-11-11,35.7
2005-11-12,25.2
2005-11-13,27.9
2005-11-14,31.4
2005-11-15,114.0
2005-11-16,622.0
2005-11-17,592.0
2005-11-18,151.0
2005-11-19,91.2
2005-11-20,73.5
2005-11-21,63.5
2005-11-22,54.6
2005-11-23,48.9
2005-11-24,57.7
2005-11-25,50.7
2005-11-26,44.1
2005-11-27,61.1
2005-11-28,109.0
2005-11-29,417.0
2005-11-30,297.0
2005-12-01,125.0
2005-12-02,90.9
2005-12-03,76.5
2005-12-04,68.0
2005-12-05,61.4
2005-12-06,54.8
2005-12-07,49.4
2005-12-08,53.0
2005-12-09,49.0
2005-12-10,46.0
2005-12-11,47.0
2005-12-12,46.0
2005-12-13,44.0
2005-12-14,43.0
2005-12-15,50.0
2005-12-16,57.0
2005-12-17,53.0
2005-12-18,54.0
2005-12-19,56.0
2005-12-20,58.0
2005-12-21,51.6
2005-12-22,46.3
2005-12-23,48.5
2005-12-24,61.8
2005-12-25,133.0
2005-12-26,284.0
2005-12-27,182.0
2005-12-28,130.0
2005-12-29,176.0
2005-12-30,152.0
2005-12-31,127.0
2008-05-01,51.9
2008-05-02,78.0
2008-05-03,127.0
2008-05-04,75.8
2008-05-05,58.1
2008-05-06,50.8
2008-05-07,67.7
2008-05-08,105.0
2008-05-09,65.3
2008-05-10,52.4
2008-05-11,75.1
2008-05-12,269.0
2008-05-13,151.0
2008-05-14,107.0
2008-05-15,117.0
2008-05-16,86.3
2008-05-17,71.9
2008-05-18,66.8
2008-05-19,61.6
2008-05-20,54.4
2008-05-21,52.8
2008-05-22,53.2
2008-05-23,48.2
2008-05-24,42.9
2008-05-25,46.1
2008-05-26,49.8
2008-05-27,58.7
2008-05-28,46.5
2008-05-29,36.9
2008-05-30,39.5
2008-05-31,185.0
2008-06-01,88.5
2008-06-02,54.7
2008-06-03,75.9
2008-06-04,247.0
2008-06-05,113.0
2008-06-06,73.7
2008-06-07,60.7
2008-06-08,141.0
2008-06-09,162.0
2008-06-10,326.0
2008-06-11,370.0
2008-06-12,174.0
2008-06-13,120.0
2008-06-14,238.0
2008-06-15,205.0
2008-06-16,178.0
2008-06-17,117.0
2008-06-18,87.1
2008-06-19,74.0
2008-06-20,61.9
2008-06-21,59.0
2008-06-22,52.6
2008-06-23,77.3
2008-06-24,205.0
2008-06-25,102.0
2008-06-26,297.0
2008-06-27,199.0
2008-06-28,429.0
2008-06-29,379.0
2008-06-30,134.0
2008-07-01,91.5
2008-07-02,109.0
2008-07-03,791.0
2008-07-04,636.0
2008-07-05,225.0
2008-07-06,128.0
2008-07-07,96.6
2008-07-08,103.0
2008-07-09,103.0
2008-07-10,80.9
2008-07-11,72.6
2008-07-12,155.0
2008-07-13,141.0
2008-07-14,70.4
2008-07-15,52.9
2008-07-16,51.0
2008-07-17,191.0
2008-07-18,101.0
2008-07-19,65.4
2008-07-20,69.9
2008-07-21,60.9
2008-07-22,85.4
2008-07-23,75.8
2008-07-24,55.0
2008-07-25,41.0
2008-07-26,35.6
2008-07-27,35.2
2008-07-28,31.4
2008-07-29,29.0
2008-07-30,29.0
2008-07-31,29.0
2008-08-01,28.7
2008-08-02,27.8
2008-08-03,29.3
2008-08-04,25.6
2008-08-05,35.9
2008-08-06,28.4
2008-08-07,25.2
2008-08-08,25.8
2008-08-09,28.3
2008-08-10,36.6
2008-08-11,32.2
2008-08-12,28.9
2008-08-13,25.5
2008-08-14,24.3
2008-08-15,23.4
2008-08-16,21.7
2008-08-17,21.3
2008-08-18,20.4
2008-08-19,20.1
2008-08-20,20.5
2008-08-21,19.5
2008-08-22,19.6
2008-08-23,20.5
2008-08-24,22.7
2008-08-25,27.7
2008-08-26,22.7
2008-08-27,19.0
2008-08-28,19.6
2008-08-29,22.7
2008-08-30,23.3
2008-08-31,19.9
2008-09-01,18.4
2008-09-02,17.3
2008-09-03,21.0
2008-09-04,33.9
2008-09-05,33.9
2008-09-06,29.7
2008-09-07,59.7
2008-09-08,65.7
2008-09-09,172.0
2008-09-10,105.0
2008-09-11,53.7
2008-09-12,44.0
2008-09-13,271.0
2008-09-14,790.0
2008-09-15,1200.0
2008-09-16,742.0
2008-09-17,222.0
2008-09-18,130.0
2008-09-19,94.7
2008-09-20,76.4
2008-09-21,68.7
2008-09-22,62.5
2008-09-23,50.7
2008-09-24,42.0
2008-09-25,39.3
2008-09-26,37.4
2008-09-27,34.8
2008-09-28,35.3
2008-09-29,36.5
2008-09-30,68.4
2008-10-01,55.9
2008-10-02,41.5
2008-10-03,60.1
2008-10-04,52.9
2008-10-05,38.6
2008-10-06,35.4
2008-10-07,33.9
2008-10-08,51.2
2008-10-09,80.4
2008-10-10,54.4
2008-10-11,40.6
2008-10-12,35.3
2008-10-13,34.4
2008-10-14,36.4
2008-10-15,57.0
2008-10-16,127.0
2008-10-17,73.7
2008-10-18,52.6
2008-10-19,42.9
2008-10-20,43.4
2008-10-21,55.6
2008-10-22,50.4
2008-10-23,45.4
2008-10-24,47.7
2008-10-25,67.1
2008-10-26,56.9
2008-10-27,50.6
2008-10-28,49.5
2008-10-29,48.7
2008-10-30,45.1
2008-10-31,43.2
2011-05-01,388.0
2011-05-02,266.0
2011-05-03,189.0
2011-05-04,155.0
2011-05-05,135.0
2011-05-06,121.0
2011-05-07,114.0
2011-05-08,103.0
2011-05-09,95.5
2011-05-10,101.0
2011-05-11,122.0
2011-05-12,188.0
2011-05-13,140.0
2011-05-14,227.0
2011-05-15,383.0
2011-05-16,550.0
2011-05-17,377.0
2011-05-18,231.0
2011-05-19,257.0
2011-05-20,306.0
2011-05-21,160.0
2011-05-22,131.0
2011-05-23,191.0
2011-05-24,346.0
2011-05-25,732.0
2011-05-26,2930.0
2011-05-27,1840.0
2011-05-28,974.0
2011-05-29,604.0
2011-05-30,404.0
2011-05-31,279.0
2011-06-01,198.0
2011-06-02,150.0
2011-06-03,125.0
2011-06-04,111.0
2011-06-05,101.0
2011-06-06,91.2
2011-06-07,83.3
2011-06-08,77.2
2011-06-09,69.8
2011-06-10,70.5
2011-06-11,96.0
2011-06-12,75.5
2011-06-13,61.9
2011-06-14,55.6
2011-06-15,50.6
2011-06-16,61.9
2011-06-17,92.2
2011-06-18,59.3
2011-06-19,49.2
2011-06-20,53.2
2011-06-21,70.3
2011-06-22,77.7
2011-06-23,158.0
2011-06-24,116.0
2011-06-25,78.5
2011-06-26,58.1
2011-06-27,47.6
2011-06-28,43.9
2011-06-29,41.5
2011-06-30,37.0
2011-07-01,35.6
2011-07-02,40.8
2011-07-03,43.8
2011-07-04,35.0
2011-07-05,33.0
2011-07-06,32.0
2011-07-07,31.0
2011-07-08,30.0
2011-07-09,30.0
2011-07-10,30.0
2011-07-11,79.0
2011-07-12,65.2
2011-07-13,36.3
2011-07-14,29.9
2011-07-15,27.7
2011-07-16,26.8
2011-07-17,25.9
2011-07-18,46.2
2011-07-19,104.0
2011-07-20,51.3
2011-07-21,35.7
2011-07-22,31.9
2011-07-23,29.3
2011-07-24,29.1
2011-07-25,27.3
2011-07-26,25.9
2011-07-27,24.2
2011-07-28,367.0
2011-07-29,587.0
2011-07-30,328.0
2011-07-31,105.0
2011-08-01,65.0
2011-08-02,48.5
2011-08-03,101.0
2011-08-04,92.3
2011-08-05,58.3
2011-08-06,59.2
2011-08-07,59.5
2011-08-08,41.6
2011-08-09,435.0
2011-08-10,312.0
2011-08-11,108.0
2011-08-12,66.5
2011-08-13,55.5
2011-08-14,109.0
2011-08-15,66.1
2011-08-16,48.4
2011-08-17,40.1
2011-08-18,40.4
2011-08-19,43.4
2011-08-20,34.2
2011-08-21,63.6
2011-08-22,54.3
2011-08-23,38.3
2011-08-24,62.4
2011-08-25,107.0
2011-08-26,53.4
2011-08-27,39.6
2011-08-28,33.8
2011-08-29,29.8
2011-08-30,28.1
2011-08-31,27.5
2011-09-01,27.0
2011-09-02,26.3
2011-09-03,28.0
2011-09-04,134.0
2011-09-05,49.0
2011-09-06,32.0
2011-09-07,52.7
2011-09-08,232.0
2011-09-09,205.0
2011-09-10,467.0
2011-09-11,435.0
2011-09-12,146.0
2011-09-13,97.2
2011-09-14,70.4
2011-09-15,83.0
2011-09-16,60.2
2011-09-17,48.0
2011-09-18,42.2
2011-09-19,94.4
2011-09-20,162.0
2011-09-21,73.1
2011-09-22,52.1
2011-09-23,88.9
2011-09-24,85.5
2011-09-25,55.9
2011-09-26,191.0
2011-09-27,263.0
2011-09-28,135.0
2011-09-29,107.0
2011-09-30,118.0
2011-10-01,93.2
2011-10-02,78.7
2011-10-03,64.0
2011-10-04,55.8
2011-10-05,50.5
2011-10-06,46.5
2011-10-07,43.9
2011-10-08,41.5
2011-10-09,40.2
2011-10-10,39.0
2011-10-11,38.5
2011-10-12,38.3
2011-10-13,39.4
2011-10-14,52.6
2011-10-15,60.9
2011-10-16,60.3
2011-10-17,51.5
2011-10-18,45.0
2011-10-19,78.3
2011-10-20,402.0
2011-10-21,327.0
2011-10-22,145.0
2011-10-23,94.0
2011-10-24,115.0
2011-10-25,101.0
2011-10-26,81.0
2011-10-27,79.5
2011-10-28,73.2
2011-10-29,65.7
2011-10-30,62.1
2011-10-31,58.7
2015-04-22,101.0
2015-04-23,80.5
2015-04-24,68.0
2015-04-25,61.0
2015-04-26,56.8
2015-04-27,53.5
2015-04-28,50.3
2015-04-29,47.9
2015-04-30,73.4
2015-05-01,76.4
2015-05-02,58.9
2015-05-03,50.4
2015-05-04,47.5
2015-05-05,60.8
2015-05-06,174.0
2015-05-07,106.0
2015-05-08,81.0
2015-05-09,170.0
2015-05-10,125.0
2015-05-11,370.0
2015-05-12,282.0
2015-05-13,143.0
2015-05-14,98.0
2015-05-15,83.9
2015-05-16,75.9
2015-05-17,68.4
2015-05-18,68.3
2015-05-19,68.1
2015-05-20,56.2
2015-05-21,49.5
2015-05-22,45.4
2015-05-23,41.4
2015-05-24,38.7
2015-05-25,37.3
2015-05-26,53.5
2015-05-27,164.0
2015-05-28,79.1
2015-05-29,54.5
2015-05-30,128.0
2015-05-31,691.0
2015-06-01,936.0
2015-06-02,444.0
2015-06-03,211.0
2015-06-04,128.0
2015-06-05,104.0
2015-06-06,107.0
2015-06-07,78.0
2015-06-08,99.5
2015-06-09,92.2
2015-06-10,151.0
2015-06-11,118.0
2015-06-12,77.8
2015-06-13,105.0
2015-06-14,205.0
2015-06-15,516.0
2015-06-16,502.0
2015-06-17,276.0
2015-06-18,156.0
2015-06-19,113.0
2015-06-20,90.4
2015-06-21,77.8
2015-06-22,69.4
2015-06-23,370.0
2015-06-24,364.0
2015-06-25,213.0
2015-06-26,116.0
2015-06-27,231.0
2015-06-28,242.0
2015-06-29,127.0
2015-06-30,92.8
2015-07-01,78.2
2015-07-02,69.2
2015-07-03,59.8
2015-07-04,53.3
2015-07-05,49.3
2015-07-06,46.1
2015-07-07,48.5
2015-07-08,56.1
2015-07-09,113.0
2015-07-10,113.0
2015-07-11,68.8
2015-07-12,51.9
2015-07-13,44.8
2015-07-14,62.4
2015-07-15,90.8
2015-07-16,59.0
2015-07-17,83.1
2015-07-18,102.0
2015-07-19,67.4
2015-07-20,48.9
2015-07-21,39.9
2015-07-22,34.9
2015-07-23,32.1
2015-07-24,30.4
2015-07-25,34.0
2015-07-26,35.0
2015-07-27,29.6
2015-07-28,27.1
2015-07-29,51.2
2015-07-30,126.0
2015-07-31,54.6
2015-08-01,35.0
2015-08-02,30.5
2015-08-03,277.0
2015-08-04,125.0
2015-08-05,60.8
2015-08-06,42.0
2015-08-07,34.5
2015-08-08,31.1
2015-08-09,30.4
2015-08-10,32.4
2015-08-11,65.9
2015-08-12,48.6
2015-08-13,35.9
2015-08-14,30.3
2015-08-15,27.3
2015-08-16,25.4
2015-08-17,24.3
2015-08-18,27.7
2015-08-19,30.9
2015-08-20,230.0
2015-08-21,123.0
2015-08-22,52.5
2015-08-23,46.0
2015-08-24,87.9
2015-08-25,34.6
2015-08-26,28.8
2015-08-27,26.2
2015-08-28,25.2
2015-08-29,25.1
2015-08-30,24.9
2015-08-31,25.3
2015-09-01,24.4
2015-09-02,23.7
2015-09-03,55.3
2015-09-04,243.0
2015-09-05,93.3
2015-09-06,46.1
2015-09-07,34.5
2015-09-08,29.7
2015-09-09,29.0
2015-09-10,27.0
2015-09-11,26.2
2015-09-12,34.3
2015-09-13,25.8
2015-09-14,23.4
2015-09-15,23.3
2015-09-16,22.4
2015-09-17,21.4
2015-09-18,21.3
2015-09-19,86.1
2015-09-20,78.7
2015-09-21,44.1
2015-09-22,31.2
2015-09-23,26.8
2015-09-24,24.3
2015-09-25,23.4
2015-09-26,22.4
2015-09-27,22.2
2015-09-28,22.2
2015-09-29,34.4
2015-09-30,58.2
2015-10-01,32.8
2015-10-02,25.9
2015-10-03,22.6
2015-10-04,24.3
2015-10-05,24.5
2015-10-06,23.9
2015-10-07,24.2
2015-10-08,22.3
2015-10-09,23.4
2015-10-10,24.3
2015-10-11,23.0
2015-10-12,22.0
2015-10-13,21.7
2015-10-14,21.5
2015-10-15,21.4
2015-10-16,21.0
2015-10-17,21.0
2015-10-18,21.3
2015-10-19,22.0
2015-10-20,21.5
2015-10-21,21.9
2015-10-22,22.1
2015-10-23,22.1
2015-10-24,55.3
2015-10-25,80.2
2015-10-26,48.5
2015-10-27,33.5
2015-10-28,168.0
2015-10-29,242.0
2015-10-30,110.0
2015-10-31,60.4
2015-11-01,49.9
2015-11-02,44.5
2015-11-03,36.3
2015-11-04,31.8
2015-11-05,28.5
2015-11-06,42.2
2015-11-07,52.2
2015-11-08,34.9
2015-11-09,28.9
2015-11-10,51.8
2015-11-11,70.5
2015-11-12,53.2
2015-11-13,60.1
2015-11-14,46.9
2015-11-15,37.8
2015-11-16,32.6
2015-11-17,30.0
2015-11-18,48.3
2015-11-19,116.0
2015-11-20,60.7
2015-11-21,41.8
2015-11-22,51.5
2015-11-23,59.1
2015-11-24,50.6
2015-11-25,44.7
2015-11-26,54.5
2015-11-27,95.0
2015-11-28,179.0
2015-11-29,122.0
2015-11-30,74.4
2015-12-01,56.4
2015-12-02,51.6
2015-12-03,59.6
2015-12-04,55.4
2015-12-05,45.6
2015-12-06,39.5
2015-12-07,36.7
2015-12-08,35.3
2015-12-09,34.0
2015-12-10,33.3
2015-12-11,32.1
2015-12-12,31.4
2015-12-13,30.9
2015-12-14,35.5
2015-12-15,45.7
2015-12-16,39.6
2015-12-17,35.7
2015-12-18,32.8
2015-12-19,30.8
2015-12-20,29.4
2015-12-21,55.0
2015-12-22,109.0
2015-12-23,89.4
2015-12-24,182.0
2015-12-25,142.0
2015-12-26,84.7
2015-12-27,106.0
2015-12-28,106.0
2015-12-29,293.0
2015-12-30,310.0
2015-12-31,179.0
2016-01-01,115.0
2016-01-02,89.7
2016-01-03,76.3
2016-01-04,67.6
2016-01-05,61.8
2016-01-06,57.0
2016-01-07,54.0
2016-01-08,52.0
2016-01-09,97.6
2016-01-10,136.0
2016-01-11,132.0
2016-01-12,84.0
2016-01-13,75.0
2016-01-14,66.0
2016-01-15,71.0
2016-01-16,182.0
2016-01-17,147.0
2016-01-18,87.0
2016-01-19,70.0
2016-01-20,61.0
2016-01-21,55.0
2016-01-22,52.0
2016-01-23,50.0
2016-01-24,48.0
2016-01-25,46.9
2016-01-26,50.0
2016-01-27,53.9
2016-01-28,50.6
2016-01-29,48.6
2016-01-30,46.1
2016-01-31,50.3
2016-02-01,65.2
2016-02-02,76.2
2016-02-03,171.0
2016-02-04,136.0
2016-02-05,99.1
2016-02-06,76.2
2016-02-07,66.7
2016-02-08,62.0
2016-02-09,61.7
2016-02-10,64.1
2016-02-11,54.9
2016-02-12,50.0
2016-02-13,49.0
2016-02-14,46.5
2016-02-15,45.0
2016-02-16,44.0
2016-02-17,43.0
2016-02-18,40.9
2016-02-19,42.0
2016-02-20,53.6
2016-02-21,62.4
2016-02-22,60.5
2016-02-23,54.5
2016-02-24,62.0
2016-02-25,102.0
2016-02-26,90.0
2016-02-27,76.4
2016-02-28,101.0
2016-02-29,296.0
2016-03-01,274.0
2016-03-02,182.0
2016-03-03,132.0
2016-03-04,112.0
2016-03-05,114.0
2016-03-06,107.0
2016-03-07,98.5
2016-03-08,119.0
2016-03-09,129.0
2016-03-10,116.0
2016-03-11,101.0
2016-03-12,86.5
2016-03-13,178.0
2016-03-14,493.0
2016-03-15,317.0
2016-03-16,220.0
2016-03-17,187.0
2016-03-18,129.0
2016-03-19,104.0
2016-03-20,90.2
2016-03-21,81.7
2016-03-22,75.0
2016-03-23,71.4
2016-03-24,252.0
2016-03-25,568.0
2016-03-26,301.0
2016-03-27,166.0
2016-03-28,295.0
2016-03-29,257.0
2016-03-30,174.0
2016-03-31,272.0
2016-04-01,498.0
2016-04-02,297.0
2016-04-03,205.0
2016-04-04,161.0
2016-04-05,132.0
2016-04-06,117.0
2016-04-07,138.0
2016-04-08,132.0
2016-04-09,115.0
2016-04-10,112.0
2016-04-11,303.0
2016-04-12,258.0
2016-04-13,164.0
2016-04-14,124.0
2016-04-15,106.0
2016-04-16,94.3
2016-04-17,85.9
2016-04-18,80.0
2016-04-19,75.7
2016-04-20,70.6
2016-04-21,76.3
2016-04-22,134.0
2016-04-23,100.0
2016-04-24,79.6
2016-04-25,70.5
2016-04-26,139.0
2016-04-27,112.0
2016-04-28,84.8
2016-04-29,75.8
2016-04-30,71.6
2016-05-01,234.0
2016-05-02,268.0
2016-05-03,206.0
2016-05-04,142.0
2016-05-05,201.0
2016-05-06,167.0
2016-05-07,122.0
2016-05-08,98.0
2016-05-09,83.3
2016-05-10,76.9
2016-05-11,84.2
2016-05-12,88.7
2016-05-13,273.0
2016-05-14,227.0
2016-05-15,209.0
2016-05-16,145.0
2016-05-17,112.0
2016-05-18,96.0
2016-05-19,85.1
2016-05-20,76.5
2016-05-21,70.2
2016-05-22,65.7
2016-05-23,61.5
2016-05-24,57.6
2016-05-25,54.7
2016-05-26,51.9
2016-05-27,49.6
2016-05-28,48.2
2016-05-29,51.3
2016-05-30,44.3
2016-05-31,42.6
2016-06-01,40.3
2016-06-02,55.0
2016-06-03,43.5
2016-06-04,49.2
2016-06-05,298.0
2016-06-06,208.0
2016-06-07,115.0
2016-06-08,76.3
2016-06-09,59.9
2016-06-10,51.6
2016-06-11,46.6
2016-06-12,42.8
2016-06-13,38.9
2016-06-14,36.8
2016-06-15,36.1
2016-06-16,43.2
2016-06-17,57.4
2016-06-18,47.3
2016-06-19,39.1
2016-06-20,35.9
2016-06-21,32.8
2016-06-22,31.8
2016-06-23,30.5
2016-06-24,30.3
2016-06-25,29.4
2016-06-26,28.5
2016-06-27,28.4
2016-06-28,27.6
2016-06-29,26.5
2016-06-30,26.3
2016-07-01,56.7
2016-07-02,51.3
2016-07-03,35.3
2016-07-04,29.2
2016-07-05,27.5
2016-07-06,27.0
2016-07-07,26.9
2016-07-08,209.0
2016-07-09,171.0
2016-07-10,81.3
2016-07-11,50.4
2016-07-12,41.1
2016-07-13,60.9
2016-07-14,59.9
2016-07-15,55.8
2016-07-16,39.3
2016-07-17,34.1
2016-07-18,40.7
2016-07-19,36.4
2016-07-20,29.9
2016-07-21,32.5
2016-07-22,55.0
2016-07-23,34.9
2016-07-24,39.3
2016-07-25,49.3
2016-07-26,38.1
2016-07-27,29.1
2016-07-28,26.2
2016-07-29,56.4
2016-07-30,56.6
2016-07-31,107.0
2016-08-01,102.0
2016-08-02,36.6
2016-08-03,29.7
2016-08-04,26.5
2016-08-05,31.0
2016-08-06,25.5
2016-08-07,24.3
2016-08-08,23.2
2016-08-09,22.3
2016-08-10,21.9
2016-08-11,22.1
2016-08-12,24.3
2016-08-13,81.3
2016-08-14,160.0
2016-08-15,64.6
2016-08-16,499.0
2016-08-17,383.0
2016-08-18,180.0
2016-08-19,82.8
2016-08-20,63.0
2016-08-21,82.8
2016-08-22,63.1
2016-08-23,42.2
2016-08-24,40.2
2016-08-25,84.0
2016-08-26,48.8
2016-08-27,115.0
2016-08-28,191.0
2016-08-29,95.2
2016-08-30,56.5
2016-08-31,43.0
2016-09-01,38.0
2016-09-02,35.5
2016-09-03,31.5
2016-09-04,29.9
2016-09-05,28.3
2016-09-06,28.1
2016-09-07,46.3
2016-09-08,101.0
2016-09-09,48.5
2016-09-10,244.0
2016-09-11,118.0
2016-09-12,58.6
2016-09-13,42.2
2016-09-14,36.0
2016-09-15,33.7
2016-09-16,32.3
2016-09-17,38.2
2016-09-18,49.1
2016-09-19,36.9
2016-09-20,32.5
2016-09-21,29.8
2016-09-22,28.2
2016-09-23,27.8
2016-09-24,26.3
2016-09-25,26.4
2016-09-26,59.5
2016-09-27,56.2
2016-09-28,40.9
2016-09-29,539.0
2016-09-30,868.0
