Date,code,"SRP, mg/L, as P"
2000-10-02,0,0.018
2000-10-03,0,0.014
2000-10-04,0,0.013
2000-10-05,0,0.011
2000-10-06,0,0.207
2000-10-07,0,0.106
2000-10-08,0,0.111
2000-10-09,0,0.0785
2000-10-10,0,0.125
2000-10-11,0,0.08
2000-10-12,0,0.054
2000-10-13,0,0.037
2000-10-14,0,0.026
2000-10-15,0,0.016
2000-10-16,0,0.008
2000-10-17,0,0.004
2000-10-18,0,0.0045000000000000005
2000-10-19,0,0.0033333333333333335
2000-10-20,0,0.0030000000000000005
2000-10-21,0,0.0036666666666666666
2000-10-22,0,0.003333333333333334
2000-10-23,0,0.0013333333333333333
2000-10-24,0,0.001
2000-10-25,0,0.0006666666666666666
2000-10-26,0,0.0023333333333333335
2000-10-27,0,0.004666666666666667
2000-10-28,0,0.007
2000-10-29,0,0.006333333333333334
2000-10-30,0,0.0075
2000-10-31,0,0.006000000000000001
2000-11-01,0,0.007666666666666666
2000-11-02,0,0.007333333333333333
2000-11-03,0,0.007333333333333333
2000-11-04,0,0.008
2000-11-05,0,0.007666666666666666
2000-11-06,0,0.0045000000000000005
2000-11-07,0,0.006
2000-11-08,0,0.005
2000-11-09,0,0.005
2000-11-10,0,0.007
2000-11-11,0,0.025
2000-11-12,0,0.063
2000-11-13,0,0.039
2000-11-14,0,0.028
2000-11-21,0,0.003
2000-11-27,0,0.007
2000-11-28,0,0.006
2000-11-29,0,0.007
2000-11-30,0,0.005
2000-12-01,0,0.006
2000-12-02,0,0.006
2000-12-03,0,0.007
2000-12-04,0,0.003
2000-12-12,0,0.015666666666666666
2000-12-13,0,0.06433333333333334
2000-12-14,0,0.086
2000-12-15,0,0.057
2000-12-16,0,0.038
2000-12-19,0,0.099
2000-12-20,0,0.073
2000-12-21,0,0.059
2000-12-22,0,0.053
2000-12-23,0,0.048
2000-12-24,0,0.045
2000-12-25,0,0.04
2000-12-26,0,0.035
2000-12-27,0,0.031
2000-12-28,0,0.025
2000-12-29,0,0.023
2000-12-30,0,0.021
2000-12-31,0,0.019
2001-01-01,0,0.019
2001-01-02,0,0.018
2001-01-03,0,0.017
2001-01-04,0,0.018
2001-01-05,0,0.02
2001-01-06,0,0.02
2001-01-07,0,0.021
2001-01-08,0,0.0175
2001-01-09,0,0.02
2001-01-10,0,0.022
2001-01-11,0,0.022
2001-01-12,0,0.021
2001-01-13,0,0.02
2001-01-14,0,0.02
2001-01-15,0,0.020499999999999997
2001-01-16,0,0.037
2001-01-17,0,0.057
2001-01-18,0,0.058
2001-01-19,0,0.043
2001-01-20,0,0.04
2001-01-21,0,0.034
2001-01-22,0,0.03
2001-01-23,0,0.027
2001-01-24,0,0.026
2001-01-25,0,0.025
2001-01-26,0,0.022
2001-01-27,0,0.022
2001-01-28,0,0.021
2001-01-29,0,0.020999999999999998
2001-01-30,0,0.046
2001-01-31,0,0.12533333333333332
2001-02-01,0,0.066
2001-02-02,0,0.063
2001-02-03,0,0.047
2001-02-04,0,0.038
2001-02-05,0,0.035500000000000004
2001-02-06,0,0.034
2001-02-07,0,0.034
2001-02-08,0,0.037
2001-02-09,0,0.04633333333333334
2001-02-10,0,0.06166666666666667
2001-02-11,0,0.05366666666666667
2001-02-12,0,0.0435
2001-02-13,0,0.033
2001-02-14,0,0.06
2001-02-15,0,0.05633333333333334
2001-02-16,0,0.04966666666666667
2001-02-17,0,0.0525
2001-02-18,0,0.032
2001-02-19,0,0.0305
2001-02-20,0,0.027
2001-02-21,0,0.027
2001-02-22,0,0.023
2001-02-23,0,0.021
2001-02-24,0,0.017
2001-02-25,0,0.015
2001-02-26,0,0.0165
2001-02-27,0,0.013
2001-02-28,0,0.013
2001-03-01,0,0.014
2001-03-02,0,0.009
2001-03-03,0,0.009
2001-03-04,0,0.008
2001-03-05,0,0.006
2001-03-06,0,0.005
2001-03-08,0,0.002
2001-03-10,0,0.001
2001-03-12,0,0.005
2001-03-13,0,0.005
2001-03-14,0,0.021333333333333333
2001-03-15,0,0.018333333333333337
2001-03-16,0,0.019
2001-03-17,0,0.039
2001-03-18,0,0.025
2001-03-19,0,0.0215
2001-03-20,0,0.014
2001-03-21,0,0.007
2001-03-22,0,0.006
2001-03-23,0,0.004
2001-03-24,0,0.002
2001-03-25,0,0.002
2001-03-26,0,0.002
2001-03-30,0,0.007
2001-03-31,0,0.002
2001-04-01,0,0.0
2001-04-02,0,0.0025
2001-04-03,0,0.004
2001-04-04,0,0.005
2001-04-05,0,0.006
2001-04-06,0,0.037
2001-04-07,0,0.046000000000000006
2001-04-08,0,0.03966666666666666
2001-04-09,0,0.027
2001-04-10,0,0.008
2001-04-11,0,0.006
2001-04-12,0,0.006
2001-04-13,0,0.006
2001-04-14,0,0.006
2001-04-15,0,0.006
2001-04-16,0,0.013500000000000002
2001-04-17,0,0.024333333333333335
2001-04-18,0,0.02
2001-04-19,0,0.005
2001-04-20,0,0.006
2001-04-21,0,0.006
2001-04-22,0,0.005
2001-04-23,0,0.005
2001-04-24,0,0.005
2001-04-25,0,0.005
2001-04-26,0,0.003
2001-04-27,0,0.002
2001-04-28,0,0.002
2001-04-29,0,0.002
2001-04-30,0,0.0045000000000000005
2001-05-01,0,0.002
2001-05-02,0,0.001
2001-05-03,0,0.001
2001-05-04,0,0.0
2001-05-05,0,0.0
2001-05-06,0,0.001
2001-05-07,0,0.0015
2001-05-08,0,0.001
2001-05-09,0,0.0
2001-05-10,0,0.0
2001-05-11,0,0.0
2001-05-12,0,0.0
2001-05-13,0,0.001
2001-05-14,0,0.0085
2001-05-15,0,0.006
2001-05-16,0,0.003
2001-05-17,0,0.0016666666666666668
2001-05-18,0,0.001
2001-05-19,0,0.002
2001-05-20,0,0.001
2001-05-21,0,0.0035
2001-05-22,0,0.005
2001-05-23,0,0.006
2001-05-24,0,0.012
2001-05-25,0,0.012
2001-05-26,0,0.011
2001-05-27,0,0.015
2001-05-28,0,0.028
2001-05-29,0,0.0245
2001-05-30,0,0.023
2001-05-31,0,0.014
2001-06-01,0,0.01
2001-06-02,0,0.01
2001-06-03,0,0.0225
2001-06-04,0,0.024
2001-06-05,0,0.01
2001-06-06,0,0.008
2001-06-07,0,0.018
2001-06-08,0,0.045
2001-06-09,0,0.035
2001-06-10,0,0.01
2001-06-11,0,0.007
2001-06-12,0,0.006
2001-06-13,0,0.005
2001-06-14,0,0.005
2001-06-15,0,0.01
2001-06-16,0,0.007
2001-06-17,0,0.008
2001-06-18,0,0.006500000000000001
2001-06-19,0,0.005
2001-06-20,0,0.004
2001-06-21,0,0.006
2001-06-22,0,0.034
2001-06-23,0,0.029500000000000002
2001-06-24,0,0.014
2001-06-25,0,0.016
2001-06-26,0,0.026
2001-06-27,0,0.019
2001-07-01,0,0.024
2001-07-02,0,0.022
2001-07-03,0,0.006
2001-07-04,0,0.01
2001-07-05,0,0.008
2001-07-06,0,0.007
2001-07-07,0,0.008
2001-07-08,0,0.007
2001-07-09,0,0.0085
2001-07-10,0,0.011
2001-07-11,0,0.011
2001-07-12,0,0.01
2001-07-13,0,0.009
2001-07-14,0,0.01
2001-07-15,0,0.011
2001-07-16,0,0.006
2001-07-17,0,0.006
2001-07-18,0,0.007
2001-07-19,0,0.006
2001-07-20,0,0.006
2001-07-21,0,0.006
2001-07-22,0,0.006
2001-07-23,0,0.006
2001-07-24,0,0.01
2001-07-25,0,0.008
2001-07-26,0,0.007
2001-07-27,0,0.008
2001-07-28,0,0.007
2001-07-29,0,0.006
2001-07-30,0,0.009
2001-07-31,0,0.01
2001-08-01,0,0.011
2001-08-02,0,0.012
2001-08-03,0,0.006
2001-08-04,0,0.103
2001-08-05,0,0.06
2001-08-06,0,0.049
2001-08-07,0,0.034
2001-08-08,0,0.027
2001-08-09,0,0.021
2001-08-10,0,0.024
2001-08-11,0,0.017
2001-08-12,0,0.011
2001-08-13,0,0.015
2001-08-14,0,0.014
2001-08-15,0,0.013
2001-08-16,0,0.014
2001-08-17,0,0.015
2001-08-18,0,0.014
2001-08-19,0,0.014
2001-08-20,0,0.014
2001-08-21,0,0.012
2001-08-22,0,0.013
2001-08-23,0,0.015
2001-08-24,0,0.015
2001-08-25,0,0.014
2001-08-26,0,0.0125
2001-08-27,0,0.008
2001-08-28,0,0.009
2001-08-29,0,0.009
2001-08-30,0,0.011
2001-08-31,0,0.012
2001-09-01,0,0.009
2001-09-02,0,0.009
2001-09-03,0,0.0085
2001-09-04,0,0.009
2001-09-05,0,0.009
2001-09-06,0,0.008
2001-09-07,0,0.008
2001-09-08,0,0.008
2001-09-09,0,0.009
2001-09-10,0,0.008
2001-09-11,0,0.010499999999999999
2001-09-12,0,0.007
2001-09-13,0,0.005
2001-09-14,0,0.004
2001-09-15,0,0.004
2001-09-16,0,0.004
2001-09-17,0,0.0045000000000000005
2001-09-18,0,0.006
2001-09-19,0,0.004
2001-09-20,0,0.006
2001-09-21,0,0.006
2001-09-22,0,0.004
2001-09-23,0,0.003
2001-09-24,0,0.003
2001-09-25,0,0.013499999999999998
2001-09-26,0,0.0155
2001-09-27,0,0.067
2001-09-28,0,0.082
2001-09-29,0,0.07
2001-09-30,0,0.058
2001-10-01,0,0.049
2001-10-02,0,0.03
2001-10-03,0,0.015
2001-10-04,0,0.013
2001-10-05,0,0.01
2001-10-06,0,0.044
2001-10-07,0,0.1125
2001-10-08,0,0.10650000000000001
2001-10-09,0,0.076
2001-10-10,0,0.017
2001-10-11,0,0.011
2001-10-12,0,0.011
2001-10-13,0,0.006
2001-10-14,0,0.006500000000000001
2001-10-15,0,0.0285
2001-10-16,0,0.10400000000000001
2001-10-17,0,0.164
2001-10-18,0,0.132
2001-10-19,0,0.078
2001-10-20,0,0.06
2001-10-21,0,0.0325
2001-10-22,0,0.04933333333333333
2001-10-23,0,0.1
2001-10-24,0,0.071
2001-10-25,0,0.0835
2001-10-26,0,0.076
2001-10-27,0,0.055
2001-10-28,0,0.041
2001-10-29,0,0.03
2001-10-30,0,0.021
2001-10-31,0,0.015
2001-11-01,0,0.01
2001-11-02,0,0.097
2001-11-03,0,0.013
2001-11-04,0,0.011
2001-11-05,0,0.008
2001-11-06,0,0.009
2001-11-07,0,0.004
2001-11-08,0,0.003
2001-11-09,0,0.004
2001-11-10,0,0.002
2001-11-11,0,0.001
2001-11-12,0,0.002
2001-11-13,0,0.002
2001-11-19,0,0.012
2001-11-21,0,0.007
2001-11-22,0,0.006
2001-11-23,0,0.005
2001-11-24,0,0.004
2001-11-25,0,0.003
2001-11-26,0,0.0025
2001-11-27,0,0.003
2001-11-28,0,0.002
2001-11-29,0,0.028999999999999998
2001-11-30,0,0.033666666666666664
2001-12-01,0,0.02266666666666667
2001-12-02,0,0.013333333333333334
2001-12-03,0,0.013
2001-12-04,0,0.043000000000000003
2001-12-05,0,0.077
2001-12-06,0,0.072
2001-12-07,0,0.062
2001-12-08,0,0.034
2001-12-09,0,0.018000000000000002
2001-12-10,0,0.014
2001-12-11,0,0.009
2001-12-12,0,0.009
2001-12-13,0,0.004
2001-12-14,0,0.027
2001-12-15,0,0.08766666666666667
2001-12-16,0,0.06966666666666667
2001-12-17,0,0.052
2001-12-18,0,0.051
2001-12-19,0,0.04833333333333334
2001-12-20,0,0.0435
2001-12-21,0,0.04
2001-12-22,0,0.028
2001-12-23,0,0.029
2001-12-24,0,0.028
2001-12-25,0,0.022
2001-12-26,0,0.023
2001-12-27,0,0.021
2001-12-28,0,0.017
2001-12-29,0,0.014
2001-12-30,0,0.012
2001-12-31,0,0.011
2002-01-01,0,0.011
2002-01-02,0,0.008
2002-01-03,0,0.008
2002-01-04,0,0.009
2002-01-05,0,0.008
2002-01-06,0,0.007
2002-01-07,0,0.004
2002-01-08,0,0.001
2002-01-09,0,0.002
2002-01-10,0,0.002
2002-01-11,0,0.007
2002-01-12,0,0.003
2002-01-13,0,0.002
2002-01-14,0,0.009000000000000001
2002-01-15,0,0.016
2002-01-16,0,0.011
2002-01-17,0,0.014
2002-01-18,0,0.011
2002-01-19,0,0.01
2002-01-20,0,0.009
2002-01-21,0,0.0075
2002-01-22,0,0.006
2002-01-23,0,0.005
2002-01-24,0,0.007
2002-01-25,0,0.007
2002-01-26,0,0.007
2002-01-27,0,0.012
2002-01-28,0,0.004
2002-01-29,0,0.005
2002-01-30,0,0.025
2002-01-31,0,0.030666666666666665
2002-02-01,0,0.03366666666666667
2002-02-02,0,0.043000000000000003
2002-02-03,0,0.041666666666666664
2002-02-04,0,0.0365
2002-02-05,0,0.028
2002-02-06,0,0.024
2002-02-07,0,0.023
2002-02-08,0,0.019
2002-02-09,0,0.015
2002-02-10,0,0.015
2002-02-11,0,0.012
2002-02-12,0,0.01
2002-02-13,0,0.02
2002-02-14,0,0.013
2002-02-15,0,0.012
2002-02-16,0,0.011
2002-02-17,0,0.006
2002-02-18,0,0.006999999999999999
2002-02-19,0,0.007
2002-02-20,0,0.006
2002-02-21,0,0.006
2002-02-22,0,0.01
2002-02-23,0,0.006
2002-02-24,0,0.005
2002-02-25,0,0.004
2002-02-26,0,0.0035
2002-02-27,0,0.003
2002-02-28,0,0.005
2002-03-01,0,0.005
2002-03-02,0,0.003
2002-03-03,0,0.018666666666666665
2002-03-04,0,0.011666666666666667
2002-03-05,0,0.007
2002-03-06,0,0.007666666666666666
2002-03-07,0,0.008
2002-03-08,0,0.004
2002-03-09,0,0.003
2002-03-10,0,0.003
2002-03-11,0,0.002
2002-03-12,0,0.0
2002-03-13,0,0.001
2002-03-14,0,0.0
2002-03-15,0,0.001
2002-03-16,0,0.0
2002-03-17,0,0.003
2002-03-18,0,0.002
2002-03-19,0,0.002
2002-03-20,0,0.004
2002-03-21,0,0.002
2002-03-22,0,0.003
2002-03-23,0,0.003
2002-03-24,0,0.003
2002-03-25,0,0.002
2002-03-26,0,0.008
2002-03-27,0,0.007
2002-03-28,0,0.0085
2002-03-29,0,0.013333333333333334
2002-03-30,0,0.026333333333333334
2002-03-31,0,0.029333333333333333
2002-04-01,0,0.0235
2002-04-02,0,0.013666666666666667
2002-04-03,0,0.03166666666666667
2002-04-04,0,0.027333333333333334
2002-04-05,0,0.0275
2002-04-06,0,0.021
2002-04-07,0,0.019
2002-04-08,0,0.014
2002-04-09,0,0.024666666666666667
2002-04-10,0,0.0275
2002-04-11,0,0.02
2002-04-12,0,0.013
2002-04-13,0,0.035
2002-04-14,0,0.03966666666666666
2002-04-15,0,0.04766666666666667
2002-04-16,0,0.04033333333333333
2002-04-17,0,0.035
2002-04-18,0,0.028
2002-04-19,0,0.019
2002-04-20,0,0.029666666666666664
2002-04-21,0,0.015
2002-04-22,0,0.01
2002-04-23,0,0.009
2002-04-24,0,0.007
2002-04-25,0,0.008
2002-04-26,0,0.005
2002-04-27,0,0.002
2002-04-28,0,0.003
2002-04-29,0,0.019
2002-04-30,0,0.009
2002-05-01,0,0.003
2002-05-02,0,0.010333333333333333
2002-05-03,0,0.037
2002-05-04,0,0.017
2002-05-05,0,0.005
2002-05-06,0,0.0055
2002-05-07,0,0.003
2002-05-08,0,0.002
2002-05-09,0,0.006
2002-05-10,0,0.013
2002-05-11,0,0.007
2002-05-12,0,0.0085
2002-05-13,0,0.02766666666666667
2002-05-14,0,0.04833333333333334
2002-05-15,0,0.044000000000000004
2002-05-16,0,0.036
2002-05-17,0,0.037
2002-05-18,0,0.023
2002-05-19,0,0.022
2002-05-20,0,0.0125
2002-05-21,0,0.035
2002-05-22,0,0.011
2002-05-23,0,0.006
2002-05-24,0,0.003
2002-05-25,0,0.002
2002-05-26,0,0.001
2002-05-27,0,0.002
2002-05-28,0,0.004999999999999999
2002-05-29,0,0.006
2002-05-30,0,0.006
2002-05-31,0,0.006999999999999999
2002-06-01,0,0.015
2002-06-02,0,0.02
2002-06-03,0,0.015
2002-06-04,0,0.07050000000000001
2002-06-05,0,0.07050000000000001
2002-06-06,0,0.049
2002-06-07,0,0.035
2002-06-09,0,0.022
2002-06-10,0,0.016
2002-06-11,0,0.016
2002-06-12,0,0.147
2002-06-13,0,0.09500000000000001
2002-06-14,0,0.068
2002-06-15,0,0.056
2002-06-16,0,0.047
2002-06-17,0,0.028499999999999998
2002-06-18,0,0.005
2002-06-19,0,0.0
2002-06-20,0,0.002
2002-06-21,0,0.0
2002-06-22,0,0.003
2002-06-23,0,0.001
2002-06-24,0,0.0105
2002-06-25,0,0.008
2002-06-26,0,0.003
2002-06-27,0,0.004
2002-06-28,0,0.005
2002-06-29,0,0.006
2002-06-30,0,0.004
2002-07-01,0,0.0055
2002-07-02,0,0.003
2002-07-03,0,0.003
2002-07-04,0,0.004
2002-07-05,0,0.003
2002-07-06,0,0.002
2002-07-07,0,0.002
2002-07-08,0,0.0035
2002-07-09,0,0.007
2002-07-10,0,0.007
2002-07-11,0,0.006
2002-07-12,0,0.004
2002-07-13,0,0.004
2002-07-14,0,0.002
2002-07-15,0,0.0025
2002-07-16,0,0.002
2002-07-17,0,0.003
2002-07-18,0,0.004
2002-07-19,0,0.003
2002-07-20,0,0.002
2002-07-21,0,0.004
2002-07-22,0,0.004
2002-07-23,0,0.006
2002-07-24,0,0.004
2002-07-25,0,0.005
2002-07-26,0,0.005
2002-07-27,0,0.004
2002-07-28,0,0.004
2002-07-29,0,0.023000000000000003
2002-07-30,0,0.04
2002-07-31,0,0.041
2002-08-01,0,0.023
2002-08-02,0,0.012
2002-08-03,0,0.007
2002-08-04,0,0.005
2002-08-05,0,0.0085
2002-08-06,0,0.009
2002-08-07,0,0.007
2002-08-08,0,0.007
2002-08-09,0,0.006
2002-08-10,0,0.007
2002-08-11,0,0.009
2002-08-12,0,0.007
2002-08-13,0,0.005333333333333333
2002-08-14,0,0.0035
2002-08-15,0,0.0
2002-08-18,0,0.0
2002-08-20,0,0.005
2002-08-21,0,0.01
2002-08-22,0,0.011
2002-08-23,0,0.0115
2002-08-24,0,0.044000000000000004
2002-08-25,0,0.08533333333333333
2002-08-26,0,0.0775
2002-08-27,0,0.046
2002-08-28,0,0.021
2002-08-29,0,0.011
2002-08-30,0,0.015
2002-08-31,0,0.011
2002-09-01,0,0.01
2002-09-02,0,0.009000000000000001
2002-09-03,0,0.007
2002-09-04,0,0.006
2002-09-05,0,0.006
2002-09-06,0,0.006
2002-09-07,0,0.005
2002-09-08,0,0.007
2002-09-09,0,0.0045000000000000005
2002-09-10,0,0.005
2002-09-11,0,0.004
2002-09-12,0,0.004
2002-09-13,0,0.004
2002-09-14,0,0.003
2002-09-15,0,0.003
2002-09-16,0,0.0035
2002-09-17,0,0.004
2002-09-18,0,0.007
2002-09-19,0,0.006
2002-09-20,0,0.005
2002-09-21,0,0.005
2002-09-22,0,0.005
2002-09-23,0,0.006
2002-09-24,0,0.004
2002-09-25,0,0.002
2002-09-26,0,0.002
2002-09-27,0,0.0085
2002-09-28,0,0.10699999999999998
2002-09-29,0,0.08633333333333333
2002-09-30,0,0.082
2002-10-01,0,0.057
2002-10-02,0,0.047
2002-10-03,0,0.033
2002-10-04,0,0.027
2002-10-05,0,0.019
2002-10-06,0,0.013
2002-10-07,0,0.0165
2002-10-08,0,0.006
2002-10-09,0,0.004
2002-10-10,0,0.004
2002-10-11,0,0.003
2002-10-12,0,0.003
2002-10-13,0,0.003
2002-10-14,0,0.0035
2002-10-16,0,0.0
2002-10-18,0,0.0
2002-10-19,0,0.0
2002-10-20,0,0.0
2002-10-21,0,0.0015
2002-10-22,0,0.0
2002-10-23,0,0.001
2002-10-24,0,0.029
2002-10-26,0,0.013
2002-10-27,0,0.003
2002-10-28,0,0.0025
2002-10-29,0,0.002
2002-10-30,0,0.002
2002-10-31,0,0.001
2002-11-01,0,0.001
2002-11-02,0,0.001
2002-11-03,0,0.001
2002-11-04,0,0.0015
2002-11-05,0,0.003
2002-11-06,0,0.001
2002-11-07,0,0.001
2002-11-08,0,0.001
2002-11-09,0,0.0
2002-11-10,0,0.0
2002-11-11,0,0.018
2002-11-12,0,0.06799999999999999
2002-11-13,0,0.0345
2002-11-14,0,0.051
2002-11-15,0,0.037
2002-11-16,0,0.014
2002-11-17,0,0.013
2002-11-18,0,0.02
2002-11-19,0,0.0205
2002-11-20,0,0.032
2002-11-21,0,0.023
2002-11-22,0,0.04933333333333333
2002-11-23,0,0.10866666666666668
2002-11-24,0,0.09866666666666668
2002-11-25,0,0.08199999999999999
2002-11-26,0,0.06
2002-11-27,0,0.051
2002-11-28,0,0.052
2002-11-29,0,0.042
2002-11-30,0,0.068
2002-12-01,0,0.05
2002-12-02,0,0.043
2002-12-03,0,0.033
2002-12-04,0,0.065
2002-12-05,0,0.083
2002-12-06,0,0.084
2002-12-07,0,0.053
2002-12-08,0,0.048
2002-12-09,0,0.026000000000000002
2002-12-10,0,0.016
2002-12-11,0,0.02
2002-12-12,0,0.012
2002-12-13,0,0.009
2002-12-14,0,0.03
2002-12-15,0,0.057
2002-12-16,0,0.0405
2002-12-17,0,0.047
2002-12-18,0,0.041
2002-12-19,0,0.031
2002-12-20,0,0.08
2002-12-21,0,0.057
2002-12-22,0,0.051
2002-12-23,0,0.048
2002-12-24,0,0.038
2002-12-25,0,0.03
2002-12-26,0,0.026
2002-12-27,0,0.022
2002-12-28,0,0.022
2002-12-29,0,0.023
2002-12-30,0,0.01
2002-12-31,0,0.075
2003-01-01,0,0.083
2003-01-02,0,0.069
2003-01-03,0,0.056999999999999995
2003-01-04,0,0.051
2003-01-05,0,0.035
2003-01-06,0,0.0295
2003-01-07,0,0.017
2003-01-08,0,0.019
2003-01-09,0,0.035
2003-01-10,0,0.049
2003-01-11,0,0.035
2003-01-12,0,0.026
2003-01-13,0,0.0325
2003-01-14,0,0.024
2003-01-15,0,0.022
2003-01-16,0,0.019
2003-01-17,0,0.019
2003-01-18,0,0.015
2003-01-19,0,0.014
2003-01-20,0,0.012
2003-01-21,0,0.009000000000000001
2003-01-22,0,0.007
2003-01-23,0,0.007
2003-01-24,0,0.005
2003-01-25,0,0.005
2003-01-26,0,0.005
2003-01-27,0,0.0045000000000000005
2003-01-28,0,0.004
2003-01-29,0,0.005
2003-01-30,0,0.004
2003-01-31,0,0.004
2003-02-01,0,0.006
2003-02-02,0,0.008
2003-02-03,0,0.01415
2003-02-04,0,0.09766666666666668
2003-02-05,0,0.12566666666666668
2003-02-06,0,0.08666666666666667
2003-02-07,0,0.1025
2003-02-08,0,0.084
2003-02-09,0,0.064
2003-02-10,0,0.0475
2003-02-11,0,0.03
2003-02-12,0,0.029
2003-02-13,0,0.026
2003-02-14,0,0.022
2003-02-15,0,0.019
2003-02-16,0,0.016
2003-02-17,0,0.0165
2003-02-18,0,0.028
2003-02-19,0,0.027
2003-02-20,0,0.022
2003-02-21,0,0.02
2003-02-22,0,0.0365
2003-02-23,0,0.11633333333333333
2003-02-24,0,0.102
2003-02-25,0,0.096
2003-02-26,0,0.091
2003-02-27,0,0.079
2003-02-28,0,0.061
2003-03-01,0,0.053
2003-03-02,0,0.047
2003-03-03,0,0.035500000000000004
2003-03-04,0,0.036
2003-03-05,0,0.051
2003-03-06,0,0.079
2003-03-07,0,0.095
2003-03-08,0,0.0945
2003-03-09,0,0.087
2003-03-10,0,0.067
2003-03-11,0,0.11
2003-03-12,0,0.08449999999999999
2003-03-13,0,0.086
2003-03-14,0,0.0915
2003-03-15,0,0.0915
2003-03-17,0,0.056
2003-03-18,0,0.06
2003-03-19,0,0.032
2003-03-20,0,0.034
2003-03-21,0,0.044
2003-03-22,0,0.037
2003-03-23,0,0.032
2003-03-24,0,0.0245
2003-03-25,0,0.021
2003-03-26,0,0.047999999999999994
2003-03-27,0,0.035500000000000004
2003-03-28,0,0.023
2003-03-29,0,0.0475
2003-03-30,0,0.039
2003-03-31,0,0.0285
2003-04-01,0,0.016
2003-04-02,0,0.011
2003-04-03,0,0.007
2003-04-04,0,0.008
2003-04-05,0,0.044333333333333336
2003-04-06,0,0.045000000000000005
2003-04-07,0,0.042333333333333334
2003-04-08,0,0.04066666666666666
2003-04-09,0,0.034
2003-04-10,0,0.028
2003-04-11,0,0.021
2003-04-12,0,0.017
2003-04-13,0,0.011
2003-04-14,0,0.0055
2003-04-17,0,0.006
2003-04-18,0,0.0
2003-04-22,0,0.002
2003-04-23,0,0.002
2003-04-24,0,0.003
2003-04-25,0,0.001
2003-04-26,0,0.001
2003-04-27,0,0.0
2003-04-28,0,0.0005
2003-04-29,0,0.001
2003-04-30,0,0.0
2003-05-03,0,0.0025
2003-05-04,0,0.007333333333333333
2003-05-05,0,0.01
2003-05-06,0,0.007
2003-05-07,0,0.006
2003-05-08,0,0.028999999999999998
2003-05-09,0,0.06133333333333333
2003-05-10,0,0.04833333333333333
2003-05-11,0,0.04966666666666667
2003-05-12,0,0.044000000000000004
2003-05-13,0,0.050333333333333334
2003-05-14,0,0.044
2003-05-15,0,0.036
2003-05-16,0,0.031
2003-05-17,0,0.021
2003-05-18,0,0.019
2003-05-19,0,0.009000000000000001
2003-05-20,0,0.032
2003-05-21,0,0.04900000000000001
2003-05-22,0,0.052
2003-05-23,0,0.033
2003-05-24,0,0.017
2003-05-25,0,0.009
2003-05-26,0,0.004
2003-05-27,0,0.0025
2003-05-28,0,0.001
2003-05-29,0,0.0
2003-05-30,0,0.0
2003-05-31,0,0.07166666666666667
2003-06-01,0,0.050666666666666665
2003-06-02,0,0.04
2003-06-03,0,0.027
2003-06-04,0,0.025
2003-06-05,0,0.023
2003-06-06,0,0.017
2003-06-07,0,0.014
2003-06-08,0,0.0205
2003-06-09,0,0.07633333333333332
2003-06-10,0,0.09066666666666667
2003-06-11,0,0.095
2003-06-12,0,0.067
2003-06-13,0,0.102
2003-06-14,0,0.09800000000000002
2003-06-15,0,0.0875
2003-06-16,0,0.067
2003-06-17,0,0.053
2003-06-18,0,0.052
2003-06-19,0,0.04
2003-06-20,0,0.025
2003-06-21,0,0.014
2003-06-22,0,0.007
2003-06-23,0,0.003
2003-06-24,0,0.0
2003-06-26,0,0.0
2003-06-27,0,0.002
2003-06-28,0,0.003
2003-06-29,0,0.004
2003-06-30,0,0.0055
2003-07-01,0,0.007
2003-07-02,0,0.004
2003-07-03,0,0.013666666666666666
2003-07-04,0,0.02
2003-07-05,0,0.024
2003-07-06,0,0.021
2003-07-07,0,0.018000000000000002
2003-07-08,0,0.105
2003-07-09,0,0.078
2003-07-10,0,0.06
2003-07-11,0,0.064
2003-07-12,0,0.053
2003-07-13,0,0.042
2003-07-14,0,0.019
2003-07-16,0,0.004
2003-07-17,0,0.0
2003-07-21,0,0.009
2003-07-22,0,0.017
2003-07-23,0,0.017
2003-07-24,0,0.014
2003-07-25,0,0.011
2003-07-26,0,0.005
2003-07-27,0,0.002
2003-07-28,0,0.04666666666666666
2003-07-29,0,0.08966666666666667
2003-07-30,0,0.09
2003-07-31,0,0.067
2003-08-01,0,0.0485
2003-08-02,0,0.0435
2003-08-03,0,0.039
2003-08-04,0,0.07466666666666667
2003-08-05,0,0.08633333333333333
2003-08-06,0,0.088
2003-08-07,0,0.071
2003-08-08,0,0.042
2003-08-09,0,0.042
2003-08-10,0,0.028
2003-08-11,0,0.009000000000000001
2003-08-18,0,0.009
2003-08-19,0,0.008
2003-08-20,0,0.011
2003-08-21,0,0.008
2003-08-22,0,0.007
2003-08-23,0,0.005
2003-08-24,0,0.002
2003-08-25,0,0.006
2003-08-26,0,0.005
2003-08-27,0,0.004
2003-08-28,0,0.001
2003-08-29,0,0.001
2003-08-30,0,0.0
2003-08-31,0,0.001
2003-09-01,0,0.009000000000000001
2003-09-02,0,0.018
2003-09-03,0,0.031
2003-09-04,0,0.021
2003-09-05,0,0.02
2003-09-06,0,0.012
2003-09-07,0,0.004
2003-09-08,0,0.0095
2003-09-09,0,0.011
2003-09-10,0,0.014
2003-09-11,0,0.014
2003-09-12,0,0.024
2003-09-13,0,0.011
2003-09-14,0,0.007
2003-09-15,0,0.0015
2003-09-16,0,0.0
2003-09-17,0,0.0
2003-09-18,0,0.0
2003-09-19,0,0.041
2003-09-20,0,0.077
2003-09-21,0,0.13
2003-09-22,0,0.08399999999999999
2003-09-23,0,0.072
2003-09-24,0,0.056
2003-09-25,0,0.052
2003-09-26,0,0.041
2003-09-27,0,0.11233333333333334
2003-09-28,0,0.066
2003-09-29,0,0.074
2003-10-06,0,0.025
2003-10-07,0,0.019
2003-10-08,0,0.018
2003-10-09,0,0.013
2003-10-10,0,0.004
2003-10-11,0,0.002
2003-10-12,0,0.002
2003-10-13,0,0.002
2003-10-15,0,0.0955
2003-10-16,0,0.152
2003-10-17,0,0.107
2003-10-18,0,0.088
2003-10-19,0,0.073
2003-10-20,0,0.056499999999999995
2003-10-21,0,0.046
2003-10-22,0,0.039
2003-10-23,0,0.033
2003-10-24,0,0.027
2003-10-25,0,0.02
2003-10-26,0,0.1235
2003-10-27,0,0.353
2003-11-03,0,0.022
2003-11-04,0,0.017
2003-11-05,0,0.01
2003-11-06,0,0.016
2003-11-07,0,0.01
2003-11-08,0,0.006
2003-11-09,0,0.004
2003-11-10,0,0.004
2003-11-17,0,0.014
2003-11-18,0,0.0
2003-11-20,0,0.008
2003-11-21,0,0.0115
2003-11-24,0,0.004
2003-11-25,0,0.007
2003-11-26,0,0.003
2003-11-27,0,0.036000000000000004
2003-11-28,0,0.118
2003-11-29,0,0.1035
2003-11-30,0,0.09766666666666668
2003-12-01,0,0.0655
2003-12-02,0,0.031
2003-12-03,0,0.039
2003-12-04,0,0.037
2003-12-05,0,0.025
2003-12-06,0,0.02
2003-12-07,0,0.007
2003-12-08,0,0.0085
2003-12-09,0,0.013
2003-12-10,0,0.024
2003-12-11,0,0.062
2003-12-12,0,0.065
2003-12-13,0,0.037
2003-12-14,0,0.022
2003-12-15,0,0.0305
2003-12-16,0,0.0265
2003-12-17,0,0.05466666666666666
2003-12-18,0,0.0685
2003-12-19,0,0.041
2003-12-20,0,0.034
2003-12-21,0,0.026
2003-12-22,0,0.018000000000000002
2003-12-23,0,0.045
2003-12-24,0,0.09
2003-12-25,0,0.08
2003-12-26,0,0.059
2003-12-27,0,0.044
2003-12-28,0,0.031
2003-12-29,0,0.049
2003-12-30,0,0.086
2003-12-31,0,0.068
2004-01-01,0,0.059
2004-01-02,0,0.04
2004-01-03,0,0.043
2004-01-04,0,0.038
2004-01-05,0,0.058499999999999996
2004-01-06,0,0.058666666666666666
2004-01-07,0,0.05133333333333334
2004-01-08,0,0.0455
2004-01-09,0,0.035
2004-01-10,0,0.029
2004-01-11,0,0.026
2004-01-12,0,0.027
2004-01-13,0,0.032
2004-01-14,0,0.027
2004-01-15,0,0.024
2004-01-16,0,0.026
2004-01-17,0,0.024
2004-01-18,0,0.024
2004-01-19,0,0.023
2004-01-20,0,0.02
2004-01-21,0,0.02
2004-01-22,0,0.022
2004-01-23,0,0.018
2004-01-24,0,0.017
2004-01-25,0,0.017
2004-01-26,0,0.013
2004-01-27,0,0.012
2004-01-28,0,0.013
2004-01-29,0,0.013
2004-01-30,0,0.012
2004-01-31,0,0.012
2004-02-01,0,0.012
2004-02-02,0,0.01
2004-02-03,0,0.007
2004-02-04,0,0.051
2004-02-05,0,0.034
2004-02-06,0,0.043
2004-02-07,0,0.094
2004-02-08,0,0.407
2004-02-09,0,0.2355
2004-02-10,0,0.117
2004-02-11,0,0.074
2004-02-12,0,0.052
2004-02-13,0,0.039
2004-02-14,0,0.039
2004-02-15,0,0.026
2004-02-16,0,0.023
2004-03-14,0,0.005
2004-03-15,0,0.004
2004-03-16,0,0.009
2004-03-17,0,0.025
2004-03-18,0,0.018
2004-03-19,0,0.016
2004-03-20,0,0.0095
2004-03-21,0,0.014333333333333332
2004-03-22,0,0.012
2004-03-29,0,0.012
2004-03-30,0,0.034
2004-03-31,0,0.04033333333333333
2004-04-01,0,0.044333333333333336
2004-04-02,0,0.045000000000000005
2004-04-03,0,0.04
2004-04-04,0,0.045000000000000005
2004-04-05,0,0.0325
2004-04-06,0,0.021
2004-04-07,0,0.016
2004-04-08,0,0.009
2004-04-09,0,0.009
2004-04-10,0,0.004
2004-04-11,0,0.002
2004-04-12,0,0.0025
2004-04-13,0,0.012333333333333333
2004-04-14,0,0.015
2004-04-15,0,0.0075
2004-04-16,0,0.001
2004-04-19,0,0.004
2004-04-20,0,0.003
2004-04-21,0,0.005
2004-04-22,0,0.003
2004-04-23,0,0.001
2004-04-24,0,0.016666666666666666
2004-04-25,0,0.014
2004-04-26,0,0.014499999999999999
2004-04-27,0,0.02
2004-04-28,0,0.011
2004-04-29,0,0.008
2004-04-30,0,0.007
2004-05-01,0,0.005
2004-05-02,0,0.0295
2004-05-03,0,0.03333333333333333
2004-05-04,0,0.03966666666666666
2004-05-05,0,0.0335
2004-05-06,0,0.014
2004-05-07,0,0.017
2004-05-08,0,0.03466666666666667
2004-05-09,0,0.019666666666666666
2004-05-10,0,0.015
2004-05-12,0,0.025
2004-05-13,0,0.016
2004-05-17,0,0.0145
2004-05-20,0,0.043000000000000003
2004-05-21,0,0.016666666666666666
2004-05-22,0,0.001
2004-05-24,0,0.076
2004-05-25,0,0.07566666666666666
2004-05-26,0,0.0695
2004-05-27,0,0.058
2004-05-28,0,0.057
2004-05-29,0,0.055
2004-05-30,0,0.054
2004-05-31,0,0.07633333333333334
2004-06-01,0,0.09333333333333334
2004-06-02,0,0.077
2004-06-03,0,0.07100000000000001
2004-06-04,0,0.062
2004-06-05,0,0.048
2004-06-06,0,0.023
2004-06-07,0,0.009999999999999998
2004-06-08,0,0.009
2004-06-09,0,0.008
2004-06-10,0,0.006
2004-06-11,0,0.023333333333333334
2004-06-12,0,0.03233333333333333
2004-06-13,0,0.06
2004-06-14,0,0.07933333333333333
2004-06-15,0,0.05000000000000001
2004-06-16,0,0.07066666666666667
2004-06-17,0,0.061
2004-06-18,0,0.06
2004-06-19,0,0.05433333333333334
2004-06-20,0,0.07100000000000001
2004-06-21,0,0.0485
2004-06-22,0,0.027
2004-06-24,0,0.013
2004-06-25,0,0.019
2004-06-26,0,0.005
2004-06-27,0,0.004
2004-06-28,0,0.0035
2004-06-29,0,0.002
2004-06-30,0,0.001
2004-07-01,0,0.0
2004-07-02,0,0.0
2004-07-03,0,0.001
2004-07-04,0,0.0
2004-07-06,0,0.012
2004-07-07,0,0.007
2004-07-08,0,0.004
2004-07-09,0,0.001
2004-07-10,0,0.003
2004-07-11,0,0.003
2004-07-12,0,0.0025
2004-07-13,0,0.002
2004-07-14,0,0.001
2004-07-16,0,0.006
2004-07-17,0,0.004
2004-07-18,0,0.06
2004-07-19,0,0.07050000000000001
2004-07-20,0,0.043
2004-07-21,0,0.034
2004-07-22,0,0.027
2004-07-23,0,0.022
2004-07-24,0,0.016
2004-07-25,0,0.013
2004-07-26,0,0.0045000000000000005
2004-07-27,0,0.009
2004-07-28,0,0.013
2004-07-29,0,0.01
2004-07-30,0,0.007
2004-07-31,0,0.07933333333333333
2004-08-01,0,0.10033333333333334
2004-08-02,0,0.12000000000000001
2004-08-03,0,0.079
2004-08-09,0,0.006
2004-08-10,0,0.005
2004-08-11,0,0.01
2004-08-12,0,0.005
2004-08-13,0,0.001
2004-08-14,0,0.0
2004-08-16,0,0.0055
2004-08-17,0,0.011
2004-08-18,0,0.008
2004-08-19,0,0.01
2004-08-20,0,0.08766666666666667
2004-08-21,0,0.11666666666666665
2004-08-22,0,0.09133333333333334
2004-08-23,0,0.07200000000000001
2004-08-24,0,0.056
2004-08-25,0,0.048
2004-08-26,0,0.039
2004-08-27,0,0.032
2004-08-28,0,0.027
2004-08-29,0,0.06466666666666666
2004-08-30,0,0.15066666666666664
2004-08-31,0,0.0795
2004-09-01,0,0.052
2004-09-02,0,0.037
2004-09-03,0,0.037
2004-09-04,0,0.019
2004-09-05,0,0.011
2004-09-06,0,0.027
2004-09-07,0,0.042
2004-09-08,0,0.044
2004-09-09,0,0.10999999999999999
2004-09-10,0,0.08
2004-09-11,0,0.076
2004-09-12,0,0.071
2004-09-13,0,0.0605
2004-09-14,0,0.058
2004-09-15,0,0.05
2004-09-16,0,0.045
2004-09-17,0,0.034
2004-09-18,0,0.029
2004-09-19,0,0.105
2004-09-20,0,0.062
2004-09-21,0,0.046
2004-09-22,0,0.051
2004-09-23,0,0.039
2004-09-24,0,0.036
2004-09-25,0,0.012
2004-09-26,0,0.008
2004-09-27,0,0.0055
2004-09-28,0,0.006
2004-09-29,0,0.006
2004-09-30,0,0.005
2004-10-01,0,0.0082
2004-10-02,0,0.0032
2004-10-03,0,0.0033
2004-10-04,0,0.0063
2004-10-05,0,0.0047
2004-10-06,0,0.0029
2004-10-07,0,0.0031
2004-10-08,0,0.0024
2004-10-09,0,0.0018
2004-10-10,0,0.002
2004-10-11,0,0.00345
2004-10-12,0,0.0099
2004-10-13,0,0.0054
2004-10-14,0,0.0032
2004-10-15,0,0.0031
2004-10-16,0,0.002
2004-10-17,0,0.0016
2004-10-18,0,0.00045
2004-10-20,0,0.0059
2004-10-21,0,0.0283
2004-10-22,0,0.0368
2004-10-23,0,0.0232
2004-10-24,0,0.0131
2004-10-25,0,0.0048
2004-10-26,0,0.025
2004-10-27,0,0.0098
2004-10-28,0,0.0132
2004-10-29,0,0.004
2004-10-30,0,0.0235
2004-10-31,0,0.0711
2004-11-01,0,0.03985
2004-11-02,0,0.01685
2004-11-03,0,0.10276666666666667
2004-11-04,0,0.10386666666666666
2004-11-05,0,0.11173333333333334
2004-11-06,0,0.0915
2004-11-07,0,0.0673
2004-11-08,0,0.03725
2004-11-09,0,0.0258
2004-11-10,0,0.0226
2004-11-11,0,0.0168
2004-11-12,0,0.0162
2004-11-13,0,0.0106
2004-11-14,0,0.0055
2004-11-15,0,0.00355
2004-11-16,0,0.0022
2004-11-19,0,0.0093
2004-11-20,0,0.092
2004-11-21,0,0.0609
2004-11-22,0,0.01115
2004-11-23,0,0.011
2004-11-24,0,0.0085
2004-11-25,0,0.030100000000000002
2004-11-26,0,0.02665
2004-11-27,0,0.0219
2004-11-28,0,0.0133
2004-11-29,0,0.02576666666666667
2004-11-30,0,0.0227
2004-12-06,0,0.0091
2004-12-07,0,0.0189
2004-12-08,0,0.0215
2004-12-09,0,0.0348
2004-12-10,0,0.0386
2004-12-11,0,0.0365
2004-12-12,0,0.0482
2004-12-13,0,0.0404
2004-12-14,0,0.0299
2004-12-15,0,0.0225
2004-12-16,0,0.0222
2004-12-17,0,0.0152
2004-12-18,0,0.0158
2004-12-19,0,0.0142
2004-12-20,0,0.0111
2004-12-21,0,0.0129
2004-12-22,0,0.0128
2004-12-23,0,0.0081
2004-12-24,0,0.0069
2004-12-25,0,0.0078
2004-12-26,0,0.0065
2004-12-27,0,0.0078
2004-12-28,0,0.0089
2004-12-29,0,0.0075
2005-01-24,0,0.0154
2005-01-25,0,0.0158
2005-01-26,0,0.0145
2005-01-27,0,0.0153
2005-01-28,0,0.0164
2005-01-29,0,0.0157
2005-01-30,0,0.0139
2005-01-31,0,0.0158
2005-02-01,0,0.0165
2005-02-02,0,0.0147
2005-02-03,0,0.0151
2005-02-04,0,0.0151
2005-02-05,0,0.0221
2005-02-06,0,0.017
2005-02-07,0,0.0124
2005-02-08,0,0.023933333333333334
2005-02-09,0,0.028066666666666667
2005-02-10,0,0.035800000000000005
2005-02-11,0,0.03165
2005-02-12,0,0.0209
2005-02-13,0,0.0221
2005-02-14,0,0.02235
2005-02-15,0,0.0474
2005-02-16,0,0.0366
2005-02-17,0,0.0435
2005-02-18,0,0.04
2005-02-19,0,0.0307
2005-02-20,0,0.0302
2005-02-21,0,0.031766666666666665
2005-02-22,0,0.03376666666666667
2005-02-23,0,0.039
2005-02-24,0,0.0358
2005-02-25,0,0.0245
2005-02-26,0,0.0184
2005-02-27,0,0.0156
2005-02-28,0,0.01005
2005-03-01,0,0.0096
2005-03-02,0,0.0068
2005-03-03,0,0.0204
2005-03-04,0,0.0128
2005-03-05,0,0.0091
2005-03-06,0,0.0091
2005-03-07,0,0.01895
2005-03-08,0,0.031
2005-03-09,0,0.031
2005-03-10,0,0.0275
2005-03-11,0,0.0191
2005-03-12,0,0.0135
2005-03-13,0,0.0085
2005-03-14,0,0.00615
2005-03-15,0,0.0061
2005-03-16,0,0.0056
2005-03-17,0,0.0091
2005-03-18,0,0.0086
2005-03-19,0,0.0064
2005-03-20,0,0.015866666666666668
2005-03-21,0,0.0146
2005-03-22,0,0.0053
2005-03-23,0,0.004
2005-03-24,0,0.0071
2005-03-25,0,0.0048
2005-03-26,0,0.0045
2005-03-27,0,0.0031
2005-03-28,0,0.0028
2005-03-29,0,0.00255
2005-03-30,0,0.002
2005-03-31,0,0.002
2005-04-01,0,0.0015
2005-04-02,0,0.00715
2005-04-03,0,0.0313
2005-04-04,0,0.035899999999999994
2005-04-05,0,0.029800000000000004
2005-04-06,0,0.0207
2005-04-07,0,0.0123
2005-04-08,0,0.0113
2005-04-09,0,0.0067
2005-04-10,0,0.0045
2005-04-11,0,0.0031999999999999997
2005-04-12,0,0.0035
2005-04-13,0,0.0008
2005-04-14,0,0.0
2005-04-15,0,0.0053
2005-04-16,0,0.003
2005-04-17,0,0.0013
2005-04-18,0,0.0018
2005-04-23,0,0.0394
2005-04-24,0,0.07046666666666666
2005-04-25,0,0.07790000000000001
2005-04-26,0,0.09476666666666667
2005-04-27,0,0.08293333333333335
2005-04-28,0,0.04946666666666666
2005-04-29,0,0.0397
2005-04-30,0,0.0246
2005-05-01,0,0.013
2005-05-02,0,0.0035499999999999998
2005-05-03,0,0.0014
2005-05-04,0,0.0008
2005-05-13,0,0.0001
2005-05-15,0,0.0247
2005-05-16,0,0.03606666666666667
2005-05-17,0,0.0284
2005-05-18,0,0.0196
2005-05-19,0,0.0118
2005-05-20,0,0.0072
2005-05-21,0,0.0059
2005-05-22,0,0.004
2005-05-23,0,0.0035
2005-05-24,0,0.0026
2005-05-26,0,0.0126
2005-05-27,0,0.0068
2005-05-31,0,0.0137
2005-06-06,0,0.0002
2005-06-08,0,0.0059
2005-06-09,0,0.0006
2005-06-11,0,0.0099
2005-06-12,0,0.016
2005-06-13,0,0.0257
2005-06-14,0,0.0238
2005-06-15,0,0.0213
2005-06-16,0,0.0361
2005-06-17,0,0.0604
2005-06-18,0,0.0841
2005-06-19,0,0.0173
2005-06-20,0,0.010499999999999999
2005-06-21,0,0.005
2005-06-22,0,0.0005
2005-06-23,0,0.0001
2005-06-27,0,0.00585
2005-06-28,0,0.0026
2005-06-29,0,0.0024
2005-06-30,0,0.0024
2005-07-01,0,0.0033
2005-07-02,0,0.0034
2005-07-03,0,0.0025
2005-07-04,0,0.003
2005-07-05,0,0.00795
2005-07-06,0,0.0037
2005-07-07,0,0.0023
2005-07-09,0,0.0003
2005-07-10,0,0.0026
2005-07-11,0,0.0017000000000000001
2005-07-12,0,0.0011
2005-07-13,0,0.0013
2005-07-14,0,0.0011
2005-07-15,0,0.0023
2005-07-16,0,0.00365
2005-07-17,0,0.02766666666666667
2005-07-18,0,0.0308
2005-07-19,0,0.0237
2005-07-20,0,0.0289
2005-07-21,0,0.0212
2005-07-22,0,0.06473333333333334
2005-07-23,0,0.052000000000000005
2005-07-24,0,0.0317
2005-07-25,0,0.0235
2005-07-26,0,0.0116
2005-07-27,0,0.04523333333333333
2005-07-28,0,0.07856666666666666
2005-07-29,0,0.0714
2005-07-30,0,0.0671
2005-07-31,0,0.0467
2005-08-01,0,0.04695
2005-08-02,0,0.0379
2005-08-03,0,0.0253
2005-08-04,0,0.0301
2005-08-05,0,0.0117
2005-08-06,0,0.007
2005-08-07,0,0.0025
2005-08-08,0,0.0046
2005-08-09,0,0.003
2005-08-10,0,0.002
2005-08-11,0,0.0128
2005-08-12,0,0.01765
2005-08-13,0,0.0099
2005-08-14,0,0.0061
2005-08-15,0,0.0051
2005-08-16,0,0.0038
2005-08-17,0,0.0044
2005-08-18,0,0.0041
2005-08-19,0,0.0049
2005-08-20,0,0.022449999999999998
2005-08-21,0,0.08639999999999999
2005-08-22,0,0.06385
2005-08-23,0,0.0429
2005-08-24,0,0.0297
2005-08-25,0,0.0202
2005-08-26,0,0.0106
2005-08-27,0,0.0046
2005-08-28,0,0.0031
2005-08-29,0,0.0018
2005-08-30,0,0.032799999999999996
2005-08-31,0,0.10953333333333333
2005-09-01,0,0.0934
2005-09-02,0,0.06965
2005-09-03,0,0.0513
2005-09-04,0,0.0383
2005-09-05,0,0.02475
2005-09-06,0,0.021500000000000002
2005-09-07,0,0.0037
2005-09-12,0,0.0
2005-09-13,0,0.0011
2005-09-15,0,0.0
2005-09-16,0,0.0019
2005-09-17,0,0.0138
2005-09-18,0,0.0322
2005-09-19,0,0.0184
2005-09-20,0,0.0115
2005-09-21,0,0.006
2005-09-22,0,0.0041
2005-09-23,0,0.026600000000000002
2005-09-24,0,0.0424
2005-09-25,0,0.06085
2005-09-26,0,0.08853333333333334
2005-09-27,0,0.11443333333333335
2005-09-28,0,0.09556666666666667
2005-09-29,0,0.1067
2005-09-30,0,0.1178
2005-10-01,0,0.0633
2005-10-02,0,0.0532
2005-10-03,0,0.041400000000000006
2005-10-04,0,0.0325
2005-10-05,0,0.0229
2005-10-06,0,0.0162
2005-10-07,0,0.0116
2005-10-08,0,0.06275
2005-10-09,0,0.2251
2005-10-10,0,0.2143
2005-10-11,0,0.1123
2005-10-12,0,0.1088
2005-10-13,0,0.0823
2005-10-14,0,0.0703
2005-10-15,0,0.0512
2005-10-16,0,0.041
2005-10-17,0,0.0329
2005-10-18,0,0.0245
2005-10-19,0,0.0196
2005-10-20,0,0.0107
2005-10-21,0,0.0064
2005-10-22,0,0.0034
2005-10-23,0,0.0014
2005-10-24,0,0.013199999999999998
2005-10-25,0,0.1506333333333333
2005-10-26,0,0.14096666666666668
2005-10-27,0,0.10923333333333334
2005-10-28,0,0.10245
2005-10-29,0,0.0794
2005-10-30,0,0.0612
2005-10-31,0,0.03435
2005-11-01,0,0.0277
2005-11-02,0,0.025
2005-11-03,0,0.023
2005-11-04,0,0.0244
2005-11-05,0,0.0141
2005-11-06,0,0.0053
2005-11-07,0,0.0535
2005-11-08,0,0.07575
2005-11-09,0,0.0661
2005-11-10,0,0.0747
2005-11-11,0,0.0645
2005-11-12,0,0.043
2005-11-13,0,0.0353
2005-11-14,0,0.0238
2005-11-15,0,0.021
2005-11-16,0,0.2085
2005-11-17,0,0.14266666666666666
2005-11-18,0,0.108
2005-11-19,0,0.079
2005-11-20,0,0.06
2005-11-21,0,0.0407
2005-11-22,0,0.03655
2005-11-29,0,0.0974
2005-12-05,0,0.0358
2005-12-06,0,0.027
2005-12-07,0,0.0121
2005-12-08,0,0.051
2005-12-09,0,0.0605
2005-12-10,0,0.0666
2005-12-11,0,0.0499
2005-12-12,0,0.0358
2005-12-13,0,0.0293
2005-12-14,0,0.0164
2005-12-15,0,0.0055
2005-12-16,0,0.004
2005-12-17,0,0.0059
2005-12-18,0,0.0045
2005-12-19,0,0.0045000000000000005
2005-12-20,0,0.0018
2005-12-21,0,0.0017
2005-12-22,0,0.0005
2005-12-23,0,0.0013
2005-12-24,0,0.0001
2005-12-25,0,0.0169
2005-12-26,0,0.0507
2005-12-27,0,0.0182
2005-12-28,0,0.0189
2005-12-29,0,0.0248
2005-12-30,0,0.029
2005-12-31,0,0.0298
2006-01-01,0,0.0379
2006-01-02,0,0.0177
2006-01-03,0,0.05025
2006-01-04,0,0.054400000000000004
2006-01-05,0,0.04795
2006-01-06,0,0.0383
2006-01-07,0,0.04325
2006-01-08,0,0.0206
2006-01-09,0,0.0215
2006-01-10,0,0.0239
2006-01-11,0,0.0221
2006-01-12,0,0.0128
2006-01-13,0,0.0125
2006-01-14,0,0.0173
2006-01-15,0,0.0342
2006-01-16,0,0.0223
2006-01-17,0,0.0159
2006-01-18,0,0.055
2006-01-19,0,0.056133333333333334
2006-01-20,0,0.05855
2006-01-21,0,0.0399
2006-01-22,0,0.0275
2006-01-23,0,0.014249999999999999
2006-01-24,0,0.0088
2006-01-25,0,0.009
2006-01-26,0,0.0073
2006-01-30,0,0.0102
2006-01-31,0,0.0086
2006-02-01,0,0.0029
2006-02-02,0,0.0004
2006-02-03,0,0.018933333333333333
2006-02-04,0,0.04666666666666666
2006-02-05,0,0.05633333333333334
2006-02-06,0,0.052333333333333336
2006-02-07,0,0.042499999999999996
2006-02-08,0,0.032
2006-02-09,0,0.019
2006-02-10,0,0.014
2006-02-11,0,0.009
2006-02-12,0,0.006
2006-02-13,0,0.00525
2006-02-14,0,0.0043
2006-02-15,0,0.0083
2006-02-16,0,0.030266666666666664
2006-02-17,0,0.0405
2006-02-18,0,0.042300000000000004
2006-02-19,0,0.03375
2006-02-20,0,0.0262
2006-02-21,0,0.0594
2006-02-22,0,0.0368
2006-02-23,0,0.0254
2006-02-24,0,0.0198
2006-02-25,0,0.0155
2006-02-26,0,0.0025
2006-02-27,0,0.00635
2006-02-28,0,0.0022
2006-03-01,0,0.0014
2006-03-02,0,0.0009
2006-03-03,0,0.0009
2006-03-04,0,0.0017
2006-03-05,0,0.0004
2006-03-06,0,0.0013
2006-03-13,0,0.015050000000000001
2006-03-14,0,0.013800000000000002
2006-03-15,0,0.013666666666666667
2006-03-16,0,0.0077333333333333325
2006-03-17,0,0.00715
2006-03-18,0,0.0059
2006-03-19,0,0.0036
2006-03-20,0,0.0023
2006-03-22,0,0.0
2006-03-27,0,0.0032
2006-04-02,0,0.0034
2006-04-08,0,0.009966666666666667
2006-04-09,0,0.0042
2006-04-10,0,0.0058
2006-04-14,0,0.0017
2006-04-16,0,0.0001
2006-04-22,0,0.0026000000000000003
2006-04-23,0,0.0007
2006-05-04,0,0.004
2006-05-05,0,0.0004
2006-05-06,0,0.0
2006-05-08,0,0.0029
2006-05-09,0,0.0025
2006-05-10,0,0.0022
2006-05-11,0,0.0014
2006-05-12,0,0.0047
2006-05-13,0,0.0034
2006-05-14,0,0.0014
2006-05-15,0,0.051300000000000005
2006-05-16,0,0.08059999999999999
2006-05-17,0,0.07943333333333334
2006-05-18,0,0.04766666666666667
2006-05-19,0,0.0495
2006-05-20,0,0.0398
2006-05-21,0,0.0193
2006-05-22,0,0.0151
2006-05-23,0,0.0142
2006-05-24,0,0.0069
2006-05-25,0,0.009149999999999998
2006-05-26,0,0.02493333333333333
2006-05-27,0,0.021099999999999997
2006-05-28,0,0.0295
2006-05-29,0,0.03426666666666667
2006-05-30,0,0.03715
2006-05-31,0,0.0259
2006-06-01,0,0.0071
2006-06-02,0,0.0012
2006-06-03,0,0.0005
2006-06-05,0,0.0034
2006-06-06,0,0.0025
2006-06-07,0,0.0022
2006-06-08,0,0.0025
2006-06-09,0,0.0011
2006-06-10,0,0.0015
2006-06-11,0,0.0002
2006-06-12,0,0.0026
2006-06-13,0,0.0032
2006-06-14,0,0.001
2006-06-15,0,0.0
2006-06-16,0,0.0002
2006-06-19,0,0.0091
2006-06-20,0,0.0072499999999999995
2006-06-26,0,0.0595
2006-06-27,0,0.0519
2006-06-28,0,0.0472
2006-06-29,0,0.0315
2006-06-30,0,0.0119
2006-07-01,0,0.0037
2006-07-02,0,0.0015
2006-07-03,0,0.0029000000000000002
2006-07-04,0,0.0051
2006-07-05,0,0.0039
2006-07-06,0,0.0367
2006-07-07,0,0.0394
2006-07-08,0,0.0266
2006-07-09,0,0.0189
2006-07-10,0,0.0151
2006-07-11,0,0.0174
2006-07-12,0,0.0012
2006-07-13,0,0.0005
2006-07-15,0,0.05143333333333333
2006-07-16,0,0.0636
2006-07-17,0,0.07859999999999999
2006-07-18,0,0.0682
2006-07-24,0,0.0011
2006-07-25,0,0.0001
2006-07-28,0,0.0228
2006-07-29,0,0.027049999999999998
2006-07-30,0,0.0131
2006-07-31,0,0.00855
2006-08-01,0,0.0071
2006-08-02,0,0.0015
2006-08-03,0,0.0032
2006-08-04,0,0.0035
2006-08-05,0,0.0074
2006-08-06,0,0.0049
2006-08-07,0,0.0061
2006-08-08,0,0.009
2006-08-09,0,0.0069
2006-08-10,0,0.0057
2006-08-11,0,0.0051
2006-08-12,0,0.0054
2006-08-13,0,0.0037
2006-08-14,0,0.0044
2006-08-15,0,0.0041
2006-08-16,0,0.0039
2006-08-17,0,0.0024
2006-08-18,0,0.0022
2006-08-19,0,0.0
2006-08-20,0,0.0015
2006-08-21,0,0.0029
2006-08-26,0,0.0002
2006-08-28,0,0.0015
2006-08-29,0,0.004
2006-08-30,0,0.0027
2006-08-31,0,0.0054
2006-09-01,0,0.0043
2006-09-02,0,0.0013
2006-09-03,0,0.0004
2006-09-04,0,0.00025
2006-09-05,0,0.0005
2006-09-06,0,0.0009
2006-09-07,0,0.0019
2006-09-08,0,0.0034
2006-09-09,0,0.001
2006-09-10,0,0.0009
2006-09-11,0,0.0016
2006-09-14,0,0.0017
2006-09-15,0,0.0062
2006-09-16,0,0.007
2006-09-17,0,0.0039
2006-09-18,0,0.00315
2006-09-19,0,0.0022
2006-09-20,0,0.0023
2006-09-21,0,0.0003
2006-09-24,0,0.0003
2006-10-02,0,0.0009
2006-10-09,0,0.0036
2006-10-10,0,0.0012
2006-10-11,0,0.0008
2006-10-16,0,0.0049499999999999995
2006-10-17,0,0.1787
2006-10-18,0,0.15203333333333333
2006-10-19,0,0.14300000000000002
2006-10-20,0,0.12156666666666667
2006-10-21,0,0.09863333333333334
2006-10-22,0,0.0811
2006-10-23,0,0.06966666666666667
2006-10-24,0,0.1
2006-10-25,0,0.1165
2006-10-26,0,0.0414
2006-10-27,0,0.04355
2006-10-28,0,0.28590000000000004
2006-10-29,0,0.1543
2006-10-30,0,0.12016666666666666
2006-10-31,0,0.0935
2006-11-01,0,0.0737
2006-11-02,0,0.0626
2006-11-03,0,0.0515
2006-11-04,0,0.0414
2006-11-05,0,0.0368
2006-11-06,0,0.02866666666666667
2006-11-07,0,0.0284
2006-11-08,0,0.0247
2006-11-09,0,0.0188
2006-11-10,0,0.0186
2006-11-11,0,0.0153
2006-11-12,0,0.0261
2006-11-13,0,0.024900000000000002
2006-11-14,0,0.0241
2006-11-15,0,0.0231
2006-11-16,0,0.12486666666666668
2006-11-17,0,0.1485
2006-11-18,0,0.12073333333333332
2006-11-19,0,0.08556666666666667
2006-11-20,0,0.06746666666666666
2006-11-21,0,0.0714
2006-11-22,0,0.0536
2006-11-23,0,0.0409
2006-11-24,0,0.0305
2006-11-25,0,0.0267
2006-11-26,0,0.0223
2006-11-27,0,0.017666666666666667
2006-11-28,0,0.0131
2006-11-29,0,0.0105
2006-11-30,0,0.016800000000000002
2006-12-01,0,0.16785
2006-12-03,0,0.0989
2006-12-04,0,0.094375
2006-12-05,0,0.09615
2006-12-06,0,0.092
2006-12-07,0,0.0653
2006-12-08,0,0.0438
2006-12-09,0,0.0372
2006-12-10,0,0.0337
2006-12-11,0,0.029066666666666668
2006-12-12,0,0.0249
2006-12-13,0,0.0223
2006-12-14,0,0.0218
2006-12-15,0,0.0186
2006-12-16,0,0.014
2006-12-17,0,0.01
2006-12-18,0,0.0134
2006-12-19,0,0.0124
2006-12-20,0,0.011
2006-12-21,0,0.0105
2006-12-22,0,0.0279
2006-12-24,0,0.0767
2006-12-25,0,0.0543
2006-12-27,0,0.0809
2006-12-28,0,0.0691
2006-12-29,0,0.0535
2006-12-30,0,0.0351
2006-12-31,0,0.0285
2007-01-01,0,0.044
2007-01-02,0,0.05
2007-01-03,0,0.0387
2007-01-04,0,0.0334
2007-01-05,0,0.0335
2007-01-08,0,0.0492
2007-01-09,0,0.0479
2007-01-10,0,0.0427
2007-01-11,0,0.028
2007-01-12,0,0.0249
2007-01-13,0,0.0253
2007-01-14,0,0.0642
2007-01-16,0,0.05155
2007-01-17,0,0.05765
2007-01-18,0,0.0521
2007-01-19,0,0.0428
2007-01-20,0,0.0352
2007-01-21,0,0.0339
2007-01-22,0,0.029033333333333338
2007-01-23,0,0.0239
2007-01-24,0,0.0225
2007-01-25,0,0.0186
2007-01-26,0,0.0171
2007-01-27,0,0.0161
2007-01-28,0,0.0143
2007-01-29,0,0.014499999999999999
2007-01-30,0,0.0172
2007-01-31,0,0.0161
2007-02-01,0,0.0161
2007-02-02,0,0.0179
2007-02-03,0,0.0138
2007-02-04,0,0.0132
2007-02-05,0,0.011899999999999999
2007-02-06,0,0.0095
2007-02-07,0,0.0085
2007-02-08,0,0.0051
2007-02-09,0,0.0043
2007-02-10,0,0.004
2007-02-11,0,0.0036
2007-02-12,0,0.005266666666666667
2007-02-13,0,0.007
2007-02-14,0,0.0076
2007-02-15,0,0.0086
2007-02-16,0,0.0071
2007-02-17,0,0.0054
2007-02-18,0,0.0072
2007-02-19,0,0.007200000000000001
2007-02-20,0,0.0056
2007-02-21,0,0.0082
2007-02-22,0,0.0514
2007-02-23,0,0.0222
2007-02-24,0,0.0189
2007-02-25,0,0.0159
2007-02-26,0,0.051000000000000004
2007-02-27,0,0.2103
2007-02-28,0,0.2992
2007-03-01,0,0.2116
2007-03-02,0,0.1833
2007-03-03,0,0.07443333333333334
2007-03-04,0,0.050133333333333335
2007-03-05,0,0.0524
2007-03-06,0,0.0935
2007-03-07,0,0.0943
2007-03-08,0,0.0583
2007-03-09,0,0.0366
2007-03-10,0,0.0288
2007-03-11,0,0.0488
2007-03-12,0,0.06133333333333333
2007-03-13,0,0.0426
2007-03-14,0,0.03855
2007-03-15,0,0.06086666666666667
2007-03-16,0,0.05876666666666667
2007-03-17,0,0.049166666666666664
2007-03-18,0,0.04405
2007-03-19,0,0.0348
2007-03-20,0,0.0376
2007-03-21,0,0.0379
2007-03-22,0,0.03565
2007-03-23,0,0.0313
2007-03-24,0,0.03663333333333333
2007-03-25,0,0.0412
2007-03-26,0,0.031999999999999994
2007-03-27,0,0.0202
2007-03-28,0,0.0155
2007-03-29,0,0.0055
2007-03-30,0,0.0021
2007-03-31,0,0.0019
2007-04-01,0,0.0005
2007-04-02,0,0.00285
2007-04-03,0,0.0029
2007-04-04,0,0.004
2007-04-05,0,0.0023
2007-04-06,0,0.0014
2007-04-07,0,0.0012
2007-04-08,0,0.0011
2007-04-09,0,0.0051
2007-04-10,0,0.00265
2007-04-11,0,0.002
2007-04-12,0,0.009
2007-04-13,0,0.02815
2007-04-14,0,0.0117
2007-04-15,0,0.0075
2007-04-16,0,0.004566666666666666
2007-04-17,0,0.0017
2007-04-18,0,0.0008
2007-04-19,0,0.0014
2007-04-20,0,0.0031
2007-04-21,0,0.0018
2007-04-22,0,0.0006
2007-04-23,0,0.0013
2007-04-24,0,0.0014
2007-04-25,0,0.0005
2007-04-26,0,0.03045
2007-04-27,0,0.051166666666666666
2007-04-28,0,0.04516666666666667
2007-04-29,0,0.03165
2007-04-30,0,0.013966666666666667
2007-05-01,0,0.0039
2007-05-02,0,0.0438
2007-05-03,0,0.035666666666666666
2007-05-04,0,0.0341
2007-05-05,0,0.028233333333333333
2007-05-07,0,0.009433333333333334
2007-05-08,0,0.0012
2007-05-09,0,0.0
2007-05-10,0,0.001
2007-05-12,0,0.0008
2007-05-13,0,0.0009
2007-05-14,0,0.0023
2007-05-15,0,0.0021
2007-05-16,0,0.0007
2007-05-21,0,0.0013
2007-05-22,0,0.0026
2007-05-23,0,0.0017
2007-05-24,0,0.0017
2007-05-25,0,0.0016
2007-05-26,0,0.002
2007-05-27,0,0.0015
2007-05-28,0,0.0014
2007-05-29,0,0.003
2007-05-30,0,0.004
2007-05-31,0,0.003
2007-06-01,0,0.002
2007-06-02,0,0.0165
2007-06-03,0,0.015333333333333332
2007-06-04,0,0.0135
2007-06-05,0,0.07350000000000001
2007-06-06,0,0.08166666666666667
2007-06-07,0,0.0665
2007-06-08,0,0.048
2007-06-09,0,0.041
2007-06-10,0,0.039
2007-06-11,0,0.037333333333333336
2007-06-12,0,0.036
2007-06-13,0,0.032
2007-06-14,0,0.024
2007-06-15,0,0.011
2007-06-16,0,0.006
2007-06-17,0,0.003
2007-06-18,0,0.0013
2007-06-20,0,0.0011
2007-06-21,0,0.0027
2007-06-22,0,0.0042
2007-06-23,0,0.0019
2007-06-24,0,0.0001
2007-06-25,0,0.008650000000000001
2007-06-26,0,0.0001
2007-06-28,0,0.002
2007-06-29,0,0.0135
2007-06-30,0,0.0016
2007-07-01,0,0.0021
2007-07-02,0,0.0006000000000000001
2007-07-03,0,0.0043
2007-07-04,0,0.0044
2007-07-05,0,0.0046
2007-07-06,0,0.004
2007-07-07,0,0.004
2007-07-08,0,0.0031
2007-07-09,0,0.0025
2007-07-10,0,0.0
2007-07-11,0,0.001
2007-07-12,0,0.001
2007-07-13,0,0.002
2007-07-16,0,0.0009
2007-07-17,0,0.001
2007-07-18,0,0.0007
2007-07-19,0,0.0008
2007-07-20,0,0.0006
2007-07-21,0,0.0001
2007-07-22,0,0.0007
2007-07-23,0,0.00125
2007-07-24,0,0.0009
2007-07-25,0,0.0008
2007-07-26,0,0.0008
2007-07-27,0,0.0025
2007-07-28,0,0.038733333333333335
2007-07-29,0,0.07435
2007-07-30,0,0.0546
2007-07-31,0,0.039
2007-08-01,0,0.022
2007-08-02,0,0.013
2007-08-03,0,0.0036
2007-08-04,0,0.0001
2007-08-05,0,0.0
2007-08-06,0,0.0023499999999999997
2007-08-07,0,0.018
2007-08-08,0,0.0138
2007-08-09,0,0.02435
2007-08-10,0,0.07856666666666666
2007-08-11,0,0.09885
2007-08-12,0,0.0747
2007-08-13,0,0.05759999999999999
2007-08-14,0,0.0444
2007-08-15,0,0.0266
2007-08-16,0,0.0208
2007-08-17,0,0.0099
2007-08-18,0,0.0061
2007-08-19,0,0.0088
2007-08-20,0,0.025025
2007-08-21,0,0.0733
2007-08-22,0,0.08013333333333333
2007-08-23,0,0.07926666666666667
2007-08-24,0,0.07880000000000001
2007-08-25,0,0.0764
2007-08-26,0,0.1068
2007-08-27,0,0.08246666666666667
2007-08-28,0,0.0535
2007-08-29,0,0.0382
2007-08-30,0,0.0254
2007-08-31,0,0.0183
2007-09-01,0,0.0092
2007-09-02,0,0.0097
2007-09-03,0,0.00795
2007-09-04,0,0.0099
2007-09-10,0,0.013
2007-09-17,0,0.0045
2007-09-18,0,0.0064
2007-09-19,0,0.0016
2007-09-20,0,0.0036
2007-09-21,0,0.0025
2007-09-22,0,0.0024
2007-09-23,0,0.005
2007-09-24,0,0.005866666666666667
2007-09-25,0,0.0064
2007-09-26,0,0.01135
2007-09-27,0,0.01645
2007-09-28,0,0.0154
2007-09-29,0,0.0116
2007-09-30,0,0.0068
2007-10-01,0,0.005533333333333334
2007-10-02,0,0.0038
2007-10-03,0,0.0047
2007-10-04,0,0.0018
2007-10-05,0,0.0013
2007-10-06,0,0.0026
2007-10-07,0,0.0036
2007-10-08,0,0.0041333333333333335
2007-10-09,0,0.0037
2007-10-10,0,0.0039
2007-10-11,0,0.0033
2007-10-12,0,0.0029
2007-10-13,0,0.0031
2007-10-14,0,0.0025
2007-10-15,0,0.0022
2007-10-16,0,0.0027
2007-10-17,0,0.0025
2007-10-18,0,0.0018
2007-10-19,0,0.0021
2007-10-20,0,0.0023
2007-10-21,0,0.0026
2007-10-22,0,0.004633333333333333
2007-10-23,0,0.0063
2007-10-24,0,0.0675
2007-10-25,0,0.1186
2007-10-26,0,0.0854
2007-10-27,0,0.0624
2007-10-28,0,0.0483
2007-10-29,0,0.04906666666666667
2007-10-30,0,0.0411
2007-10-31,0,0.0346
2007-11-01,0,0.0268
2007-11-02,0,0.0194
2007-11-03,0,0.0168
2007-11-04,0,0.0118
2007-11-05,0,0.007333333333333333
2007-11-06,0,0.0046
2007-11-07,0,0.0032
2007-11-08,0,0.002
2007-11-09,0,0.0011
2007-11-10,0,0.0015
2007-11-11,0,0.0104
2007-11-12,0,0.019524999999999997
2007-11-13,0,0.08753333333333334
2007-11-14,0,0.11030000000000001
2007-11-15,0,0.1358
2007-11-16,0,0.0008
2007-11-17,0,0.0554
2007-11-18,0,0.0435
2007-11-19,0,0.036333333333333336
2007-11-20,0,0.022
2007-11-21,0,0.011
2007-11-22,0,0.068
2007-11-23,0,0.1318
2007-11-24,0,0.09555
2007-11-25,0,0.0602
2007-11-26,0,0.08555
2007-11-27,0,0.1333
2007-11-28,0,0.102
2007-11-29,0,0.1001
2007-11-30,0,0.071
2007-12-01,0,0.0561
2007-12-02,0,0.045
2007-12-03,0,0.12575
2007-12-04,0,0.12176666666666668
2007-12-05,0,0.12215000000000001
2007-12-06,0,0.0814
2007-12-07,0,0.0635
2007-12-08,0,0.0479
2007-12-09,0,0.0392
2007-12-10,0,0.05153333333333333
2007-12-11,0,0.0786
2007-12-13,0,0.0968
2007-12-14,0,0.09656666666666668
2007-12-15,0,0.08424999999999999
2007-12-16,0,0.0586
2007-12-17,0,0.07263333333333333
2007-12-18,0,0.0699
2007-12-19,0,0.0638
2007-12-20,0,0.0539
2007-12-21,0,0.0486
2007-12-22,0,0.048
2007-12-23,0,0.0798
2007-12-24,0,0.0781
2007-12-25,0,0.064
2007-12-26,0,0.0566
2007-12-27,0,0.0486
2007-12-28,0,0.0413
2007-12-29,0,0.0483
2007-12-30,0,0.0462
2007-12-31,0,0.0468
2008-01-01,0,0.0358
2008-01-02,0,0.030449999999999998
2008-01-03,0,0.0286
2008-01-04,0,0.0224
2008-01-05,0,0.0207
2008-01-06,0,0.045
2008-01-07,0,0.0529
2008-01-08,0,0.0294
2008-01-11,0,0.0579
2008-01-12,0,0.0503
2008-01-13,0,0.0438
2008-01-14,0,0.0371
2008-01-15,0,0.0424
2008-01-16,0,0.038
2008-01-17,0,0.0301
2008-01-18,0,0.0304
2008-01-19,0,0.0291
2008-01-20,0,0.0324
2008-01-21,0,0.02505
2008-01-22,0,0.025500000000000002
2008-01-23,0,0.022
2008-01-24,0,0.0174
2008-01-25,0,0.0117
2008-01-26,0,0.0105
2008-01-27,0,0.0105
2008-01-28,0,0.011366666666666669
2008-01-29,0,0.0139
2008-01-30,0,0.0144
2008-01-31,0,0.0147
2008-02-01,0,0.0155
2008-02-02,0,0.0371
2008-02-03,0,0.0534
2008-02-04,0,0.1402
2008-02-05,0,0.0802
2008-02-07,0,0.0781
2008-02-08,0,0.07089999999999999
2008-02-09,0,0.06393333333333334
2008-02-10,0,0.058800000000000005
2008-02-11,0,0.054
2008-02-12,0,0.0494
2008-02-13,0,0.045
2008-02-14,0,0.0437
2008-02-15,0,0.0406
2008-02-16,0,0.0332
2008-02-17,0,0.027
2008-02-18,0,0.0628
2008-02-19,0,0.07853333333333333
2008-02-20,0,0.0698
2008-02-21,0,0.0632
2008-02-22,0,0.0507
2008-02-23,0,0.0391
2008-02-24,0,0.0323
2008-02-25,0,0.0311
2008-02-26,0,0.0269
2008-02-27,0,0.0242
2008-02-28,0,0.0257
2008-02-29,0,0.0229
2008-03-01,0,0.0184
2008-03-02,0,0.0177
2008-03-03,0,0.017066666666666664
2008-03-04,0,0.0375
2008-03-05,0,0.04926666666666666
2008-03-06,0,0.0511
2008-03-07,0,0.0454
2008-03-08,0,0.0399
2008-03-09,0,0.0362
2008-03-10,0,0.0305
2008-03-11,0,0.022449999999999998
2008-03-12,0,0.0254
2008-03-13,0,0.0263
2008-03-16,0,0.04533333333333334
2008-03-17,0,0.04083333333333333
2008-03-18,0,0.0403
2008-03-20,0,0.0409
2008-03-21,0,0.0465
2008-03-22,0,0.0377
2008-03-23,0,0.0337
2008-03-24,0,0.031599999999999996
2008-03-25,0,0.0306
2008-03-26,0,0.0279
2008-03-27,0,0.0181
2008-03-29,0,0.034999999999999996
2008-03-30,0,0.03743333333333333
2008-03-31,0,0.02735
2008-04-01,0,0.022850000000000002
2008-04-02,0,0.0172
2008-04-03,0,0.0169
2008-04-04,0,0.0164
2008-04-05,0,0.028249999999999997
2008-04-06,0,0.02
2008-04-07,0,0.023133333333333336
2008-04-08,0,0.0111
2008-04-09,0,0.0087
2008-04-10,0,0.0039
2008-04-11,0,0.0019
2008-04-12,0,0.013566666666666666
2008-04-13,0,0.0112
2008-04-14,0,0.012533333333333332
2008-04-15,0,0.0122
2008-04-16,0,0.0071
2008-04-17,0,0.005
2008-04-18,0,0.005
2008-04-19,0,0.004
2008-04-20,0,0.0036
2008-04-21,0,0.0044666666666666665
2008-04-22,0,0.0048
2008-04-23,0,0.0107
2008-04-24,0,0.0036
2008-04-25,0,0.0019
2008-04-26,0,0.0017
2008-04-27,0,0.0019
2008-04-28,0,0.0013
2008-05-05,0,0.0376
2008-05-06,0,0.0304
2008-05-07,0,0.0212
2008-05-10,0,0.0213
2008-05-11,0,0.0228
2008-05-12,0,0.03615
2008-05-13,0,0.052
2008-05-14,0,0.0454
2008-05-15,0,0.0399
2008-05-16,0,0.0287
2008-05-17,0,0.0237
2008-05-18,0,0.0193
2008-05-19,0,0.03634999999999999
2008-05-20,0,0.0257
2008-05-21,0,0.0198
2008-05-22,0,0.0142
2008-05-23,0,0.0083
2008-05-24,0,0.0037
2008-05-25,0,0.0028
2008-05-26,0,0.0028
2008-05-27,0,0.002933333333333333
2008-05-28,0,0.0028
2008-05-29,0,0.0028
2008-05-30,0,0.0023
2008-05-31,0,0.0019
2008-06-01,0,0.0013
2008-06-02,0,0.0021
2008-06-04,0,0.054650000000000004
2008-06-05,0,0.06925
2008-06-06,0,0.0559
2008-06-07,0,0.0444
2008-06-08,0,0.0361
2008-06-09,0,0.033
2008-06-10,0,0.01695
2008-06-11,0,0.0215
2008-06-12,0,0.0687
2008-06-13,0,0.0511
2008-06-14,0,0.0334
2008-06-15,0,0.03726666666666667
2008-06-16,0,0.04106666666666667
2008-06-17,0,0.0593
2008-06-18,0,0.061
2008-06-19,0,0.0475
2008-06-20,0,0.0361
2008-06-21,0,0.0254
2008-06-22,0,0.0273
2008-06-23,0,0.029266666666666667
2008-06-24,0,0.0304
2008-06-25,0,0.0212
2008-06-26,0,0.02895
2008-06-27,0,0.0604
2008-06-28,0,0.054900000000000004
2008-06-29,0,0.0606
2008-06-30,0,0.06273333333333334
2008-07-01,0,0.075
2008-07-02,0,0.0602
2008-07-03,0,0.06155
2008-07-04,0,0.07096666666666666
2008-07-05,0,0.047299999999999995
2008-07-06,0,0.0598
2008-07-07,0,0.03983333333333334
2008-07-08,0,0.0225
2008-07-09,0,0.073
2008-07-10,0,0.06920000000000001
2008-07-11,0,0.0595
2008-07-12,0,0.0605
2008-07-13,0,0.057633333333333335
2008-07-14,0,0.0606
2008-07-15,0,0.0569
2008-07-16,0,0.0522
2008-07-17,0,0.0437
2008-07-18,0,0.0335
2008-07-19,0,0.0241
2008-07-20,0,0.0168
2008-07-21,0,0.0102
